[33m⚠ Deprecated .env settings detected:[0m
  [33m⚠[0m MESSAGING_CWD=~/Smith found in .env — this is deprecated.
  [2mMove to config.yaml instead:  terminal:\n    cwd: /your/project/path[0m
  [2mThen remove the old entries from /Users/Jeff/.hermes/profiles/smith/.env[0m

WARNING tools.mcp_tool: MCP server 'qmd' initial connection failed (attempt 1/3), retrying in 1s: unhandled errors in a TaskGroup (1 sub-exception)
WARNING tools.mcp_tool: MCP server 'qmd' initial connection failed (attempt 2/3), retrying in 2s: unhandled errors in a TaskGroup (1 sub-exception)
WARNING tools.mcp_tool: MCP server 'qmd' initial connection failed (attempt 3/3), retrying in 4s: unhandled errors in a TaskGroup (1 sub-exception)
WARNING tools.mcp_tool: MCP server 'qmd' failed initial connection after 3 attempts, giving up: unhandled errors in a TaskGroup (1 sub-exception)
WARNING tools.mcp_tool: Failed to connect to MCP server 'qmd' (command=qmd): Connection closed
ERROR gateway.platforms.base: [Discord] Discord bot token already in use (PID 32775). Stop the other gateway first.
WARNING gateway.run: ✗ discord failed to connect
ERROR gateway.run: Gateway hit a non-retryable startup conflict: discord: Discord bot token already in use (PID 32775). Stop the other gateway first.
ERROR gateway.run: Gateway exiting cleanly: discord: Discord bot token already in use (PID 32775). Stop the other gateway first.
[33m⚠ Deprecated .env settings detected:[0m
  [33m⚠[0m MESSAGING_CWD=~/Smith found in .env — this is deprecated.
  [2mMove to config.yaml instead:  terminal:\n    cwd: /your/project/path[0m
  [2mThen remove the old entries from /Users/Jeff/.hermes/profiles/smith/.env[0m

WARNING tools.mcp_tool: MCP server 'qmd' initial connection failed (attempt 1/3), retrying in 1s: unhandled errors in a TaskGroup (1 sub-exception)
WARNING tools.mcp_tool: MCP server 'qmd' initial connection failed (attempt 2/3), retrying in 2s: unhandled errors in a TaskGroup (1 sub-exception)
WARNING tools.mcp_tool: MCP server 'qmd' initial connection failed (attempt 3/3), retrying in 4s: unhandled errors in a TaskGroup (1 sub-exception)
WARNING tools.mcp_tool: MCP server 'qmd' failed initial connection after 3 attempts, giving up: unhandled errors in a TaskGroup (1 sub-exception)
WARNING tools.mcp_tool: Failed to connect to MCP server 'qmd' (command=qmd): Connection closed
ERROR gateway.platforms.base: [Discord] Discord bot token already in use (PID 32775). Stop the other gateway first.
WARNING gateway.run: ✗ discord failed to connect
ERROR gateway.run: Gateway hit a non-retryable startup conflict: discord: Discord bot token already in use (PID 32775). Stop the other gateway first.
ERROR gateway.run: Gateway exiting cleanly: discord: Discord bot token already in use (PID 32775). Stop the other gateway first.
[33m⚠ Deprecated .env settings detected:[0m
  [33m⚠[0m MESSAGING_CWD=~/Smith found in .env — this is deprecated.
  [2mMove to config.yaml instead:  terminal:\n    cwd: /your/project/path[0m
  [2mThen remove the old entries from /Users/Jeff/.hermes/profiles/smith/.env[0m

WARNING tools.mcp_tool: MCP server 'qmd' initial connection failed (attempt 1/3), retrying in 1s: unhandled errors in a TaskGroup (1 sub-exception)
WARNING tools.mcp_tool: MCP server 'qmd' initial connection failed (attempt 2/3), retrying in 2s: unhandled errors in a TaskGroup (1 sub-exception)
WARNING tools.mcp_tool: MCP server 'qmd' initial connection failed (attempt 3/3), retrying in 4s: unhandled errors in a TaskGroup (1 sub-exception)
WARNING tools.mcp_tool: MCP server 'qmd' failed initial connection after 3 attempts, giving up: unhandled errors in a TaskGroup (1 sub-exception)
WARNING tools.mcp_tool: Failed to connect to MCP server 'qmd' (command=qmd): Connection closed
ERROR gateway.platforms.base: [Discord] Discord bot token already in use (PID 32775). Stop the other gateway first.
WARNING gateway.run: ✗ discord failed to connect
ERROR gateway.run: Gateway hit a non-retryable startup conflict: discord: Discord bot token already in use (PID 32775). Stop the other gateway first.
ERROR gateway.run: Gateway exiting cleanly: discord: Discord bot token already in use (PID 32775). Stop the other gateway first.
[33m⚠ Deprecated .env settings detected:[0m
  [33m⚠[0m MESSAGING_CWD=~/Smith found in .env — this is deprecated.
  [2mMove to config.yaml instead:  terminal:\n    cwd: /your/project/path[0m
  [2mThen remove the old entries from /Users/Jeff/.hermes/profiles/smith/.env[0m

WARNING tools.mcp_tool: MCP server 'qmd' initial connection failed (attempt 1/3), retrying in 1s: unhandled errors in a TaskGroup (1 sub-exception)
WARNING tools.mcp_tool: MCP server 'qmd' initial connection failed (attempt 2/3), retrying in 2s: unhandled errors in a TaskGroup (1 sub-exception)
WARNING tools.mcp_tool: MCP server 'qmd' initial connection failed (attempt 3/3), retrying in 4s: unhandled errors in a TaskGroup (1 sub-exception)
WARNING tools.mcp_tool: MCP server 'qmd' failed initial connection after 3 attempts, giving up: unhandled errors in a TaskGroup (1 sub-exception)
WARNING tools.mcp_tool: Failed to connect to MCP server 'qmd' (command=qmd): Connection closed
ERROR gateway.platforms.base: [Discord] Discord bot token already in use (PID 32775). Stop the other gateway first.
WARNING gateway.run: ✗ discord failed to connect
ERROR gateway.run: Gateway hit a non-retryable startup conflict: discord: Discord bot token already in use (PID 32775). Stop the other gateway first.
ERROR gateway.run: Gateway exiting cleanly: discord: Discord bot token already in use (PID 32775). Stop the other gateway first.
[33m⚠ Deprecated .env settings detected:[0m
  [33m⚠[0m MESSAGING_CWD=~/Smith found in .env — this is deprecated.
  [2mMove to config.yaml instead:  terminal:\n    cwd: /your/project/path[0m
  [2mThen remove the old entries from /Users/Jeff/.hermes/profiles/smith/.env[0m

WARNING tools.mcp_tool: MCP server 'qmd' initial connection failed (attempt 1/3), retrying in 1s: unhandled errors in a TaskGroup (1 sub-exception)
WARNING tools.mcp_tool: MCP server 'qmd' initial connection failed (attempt 2/3), retrying in 2s: unhandled errors in a TaskGroup (1 sub-exception)
WARNING tools.mcp_tool: MCP server 'qmd' initial connection failed (attempt 3/3), retrying in 4s: unhandled errors in a TaskGroup (1 sub-exception)
WARNING tools.mcp_tool: MCP server 'qmd' failed initial connection after 3 attempts, giving up: unhandled errors in a TaskGroup (1 sub-exception)
WARNING tools.mcp_tool: Failed to connect to MCP server 'qmd' (command=qmd): Connection closed
ERROR gateway.platforms.base: [Discord] Discord bot token already in use (PID 32775). Stop the other gateway first.
WARNING gateway.run: ✗ discord failed to connect
ERROR gateway.run: Gateway hit a non-retryable startup conflict: discord: Discord bot token already in use (PID 32775). Stop the other gateway first.
ERROR gateway.run: Gateway exiting cleanly: discord: Discord bot token already in use (PID 32775). Stop the other gateway first.
[33m⚠ Deprecated .env settings detected:[0m
  [33m⚠[0m MESSAGING_CWD=~/Smith found in .env — this is deprecated.
  [2mMove to config.yaml instead:  terminal:\n    cwd: /your/project/path[0m
  [2mThen remove the old entries from /Users/Jeff/.hermes/profiles/smith/.env[0m

WARNING tools.mcp_tool: MCP server 'qmd' initial connection failed (attempt 1/3), retrying in 1s: unhandled errors in a TaskGroup (1 sub-exception)
WARNING tools.mcp_tool: MCP server 'qmd' initial connection failed (attempt 2/3), retrying in 2s: unhandled errors in a TaskGroup (1 sub-exception)
WARNING tools.mcp_tool: MCP server 'qmd' initial connection failed (attempt 3/3), retrying in 4s: unhandled errors in a TaskGroup (1 sub-exception)
WARNING tools.mcp_tool: MCP server 'qmd' failed initial connection after 3 attempts, giving up: unhandled errors in a TaskGroup (1 sub-exception)
WARNING tools.mcp_tool: Failed to connect to MCP server 'qmd' (command=qmd): Connection closed
ERROR gateway.platforms.base: [Discord] Discord bot token already in use (PID 32775). Stop the other gateway first.
WARNING gateway.run: ✗ discord failed to connect
ERROR gateway.run: Gateway hit a non-retryable startup conflict: discord: Discord bot token already in use (PID 32775). Stop the other gateway first.
ERROR gateway.run: Gateway exiting cleanly: discord: Discord bot token already in use (PID 32775). Stop the other gateway first.
[33m⚠ Deprecated .env settings detected:[0m
  [33m⚠[0m MESSAGING_CWD=~/Smith found in .env — this is deprecated.
  [2mMove to config.yaml instead:  terminal:\n    cwd: /your/project/path[0m
  [2mThen remove the old entries from /Users/Jeff/.hermes/profiles/smith/.env[0m

WARNING tools.mcp_tool: MCP server 'qmd' initial connection failed (attempt 1/3), retrying in 1s: unhandled errors in a TaskGroup (1 sub-exception)
WARNING tools.mcp_tool: MCP server 'qmd' initial connection failed (attempt 2/3), retrying in 2s: unhandled errors in a TaskGroup (1 sub-exception)
WARNING tools.mcp_tool: MCP server 'qmd' initial connection failed (attempt 3/3), retrying in 4s: unhandled errors in a TaskGroup (1 sub-exception)
WARNING tools.mcp_tool: MCP server 'qmd' failed initial connection after 3 attempts, giving up: unhandled errors in a TaskGroup (1 sub-exception)
WARNING tools.mcp_tool: Failed to connect to MCP server 'qmd' (command=qmd): Connection closed
ERROR gateway.platforms.base: [Discord] Discord bot token already in use (PID 32775). Stop the other gateway first.
WARNING gateway.run: ✗ discord failed to connect
ERROR gateway.run: Gateway hit a non-retryable startup conflict: discord: Discord bot token already in use (PID 32775). Stop the other gateway first.
ERROR gateway.run: Gateway exiting cleanly: discord: Discord bot token already in use (PID 32775). Stop the other gateway first.
[33m⚠ Deprecated .env settings detected:[0m
  [33m⚠[0m MESSAGING_CWD=~/Smith found in .env — this is deprecated.
  [2mMove to config.yaml instead:  terminal:\n    cwd: /your/project/path[0m
  [2mThen remove the old entries from /Users/Jeff/.hermes/profiles/smith/.env[0m

WARNING tools.mcp_tool: MCP server 'qmd' initial connection failed (attempt 1/3), retrying in 1s: unhandled errors in a TaskGroup (1 sub-exception)
WARNING tools.mcp_tool: MCP server 'qmd' initial connection failed (attempt 2/3), retrying in 2s: unhandled errors in a TaskGroup (1 sub-exception)
WARNING tools.mcp_tool: MCP server 'qmd' initial connection failed (attempt 3/3), retrying in 4s: unhandled errors in a TaskGroup (1 sub-exception)
WARNING tools.mcp_tool: MCP server 'qmd' failed initial connection after 3 attempts, giving up: unhandled errors in a TaskGroup (1 sub-exception)
WARNING tools.mcp_tool: Failed to connect to MCP server 'qmd' (command=qmd): Connection closed
ERROR gateway.platforms.base: [Discord] Discord bot token already in use (PID 32775). Stop the other gateway first.
WARNING gateway.run: ✗ discord failed to connect
ERROR gateway.run: Gateway hit a non-retryable startup conflict: discord: Discord bot token already in use (PID 32775). Stop the other gateway first.
ERROR gateway.run: Gateway exiting cleanly: discord: Discord bot token already in use (PID 32775). Stop the other gateway first.
[33m⚠ Deprecated .env settings detected:[0m
  [33m⚠[0m MESSAGING_CWD=~/Smith found in .env — this is deprecated.
  [2mMove to config.yaml instead:  terminal:\n    cwd: /your/project/path[0m
  [2mThen remove the old entries from /Users/Jeff/.hermes/profiles/smith/.env[0m

WARNING tools.mcp_tool: MCP server 'qmd' initial connection failed (attempt 1/3), retrying in 1s: unhandled errors in a TaskGroup (1 sub-exception)
WARNING tools.mcp_tool: MCP server 'qmd' initial connection failed (attempt 2/3), retrying in 2s: unhandled errors in a TaskGroup (1 sub-exception)
WARNING tools.mcp_tool: MCP server 'qmd' initial connection failed (attempt 3/3), retrying in 4s: unhandled errors in a TaskGroup (1 sub-exception)
WARNING tools.mcp_tool: MCP server 'qmd' failed initial connection after 3 attempts, giving up: unhandled errors in a TaskGroup (1 sub-exception)
WARNING tools.mcp_tool: Failed to connect to MCP server 'qmd' (command=qmd): Connection closed
ERROR gateway.platforms.base: [Discord] Discord bot token already in use (PID 32775). Stop the other gateway first.
WARNING gateway.run: ✗ discord failed to connect
ERROR gateway.run: Gateway hit a non-retryable startup conflict: discord: Discord bot token already in use (PID 32775). Stop the other gateway first.
ERROR gateway.run: Gateway exiting cleanly: discord: Discord bot token already in use (PID 32775). Stop the other gateway first.
[33m⚠ Deprecated .env settings detected:[0m
  [33m⚠[0m MESSAGING_CWD=~/Smith found in .env — this is deprecated.
  [2mMove to config.yaml instead:  terminal:\n    cwd: /your/project/path[0m
  [2mThen remove the old entries from /Users/Jeff/.hermes/profiles/smith/.env[0m

WARNING tools.mcp_tool: MCP server 'qmd' initial connection failed (attempt 1/3), retrying in 1s: unhandled errors in a TaskGroup (1 sub-exception)
WARNING tools.mcp_tool: MCP server 'qmd' initial connection failed (attempt 2/3), retrying in 2s: unhandled errors in a TaskGroup (1 sub-exception)
WARNING tools.mcp_tool: MCP server 'qmd' initial connection failed (attempt 3/3), retrying in 4s: unhandled errors in a TaskGroup (1 sub-exception)
WARNING tools.mcp_tool: MCP server 'qmd' failed initial connection after 3 attempts, giving up: unhandled errors in a TaskGroup (1 sub-exception)
WARNING tools.mcp_tool: Failed to connect to MCP server 'qmd' (command=qmd): Connection closed
ERROR gateway.platforms.base: [Discord] Discord bot token already in use (PID 32775). Stop the other gateway first.
WARNING gateway.run: ✗ discord failed to connect
ERROR gateway.run: Gateway hit a non-retryable startup conflict: discord: Discord bot token already in use (PID 32775). Stop the other gateway first.
ERROR gateway.run: Gateway exiting cleanly: discord: Discord bot token already in use (PID 32775). Stop the other gateway first.
[33m⚠ Deprecated .env settings detected:[0m
  [33m⚠[0m MESSAGING_CWD=~/Smith found in .env — this is deprecated.
  [2mMove to config.yaml instead:  terminal:\n    cwd: /your/project/path[0m
  [2mThen remove the old entries from /Users/Jeff/.hermes/profiles/smith/.env[0m

WARNING tools.mcp_tool: MCP server 'qmd' initial connection failed (attempt 1/3), retrying in 1s: unhandled errors in a TaskGroup (1 sub-exception)
WARNING tools.mcp_tool: MCP server 'qmd' initial connection failed (attempt 2/3), retrying in 2s: unhandled errors in a TaskGroup (1 sub-exception)
WARNING tools.mcp_tool: MCP server 'qmd' initial connection failed (attempt 3/3), retrying in 4s: unhandled errors in a TaskGroup (1 sub-exception)
WARNING tools.mcp_tool: MCP server 'qmd' failed initial connection after 3 attempts, giving up: unhandled errors in a TaskGroup (1 sub-exception)
WARNING tools.mcp_tool: Failed to connect to MCP server 'qmd' (command=qmd): Connection closed
ERROR gateway.platforms.base: [Discord] Discord bot token already in use (PID 32775). Stop the other gateway first.
WARNING gateway.run: ✗ discord failed to connect
ERROR gateway.run: Gateway hit a non-retryable startup conflict: discord: Discord bot token already in use (PID 32775). Stop the other gateway first.
ERROR gateway.run: Gateway exiting cleanly: discord: Discord bot token already in use (PID 32775). Stop the other gateway first.
[33m⚠ Deprecated .env settings detected:[0m
  [33m⚠[0m MESSAGING_CWD=~/Smith found in .env — this is deprecated.
  [2mMove to config.yaml instead:  terminal:\n    cwd: /your/project/path[0m
  [2mThen remove the old entries from /Users/Jeff/.hermes/profiles/smith/.env[0m

WARNING tools.mcp_tool: MCP server 'qmd' initial connection failed (attempt 1/3), retrying in 1s: unhandled errors in a TaskGroup (1 sub-exception)
WARNING tools.mcp_tool: MCP server 'qmd' initial connection failed (attempt 2/3), retrying in 2s: unhandled errors in a TaskGroup (1 sub-exception)
WARNING tools.mcp_tool: MCP server 'qmd' initial connection failed (attempt 3/3), retrying in 4s: unhandled errors in a TaskGroup (1 sub-exception)
WARNING tools.mcp_tool: MCP server 'qmd' failed initial connection after 3 attempts, giving up: unhandled errors in a TaskGroup (1 sub-exception)
WARNING tools.mcp_tool: Failed to connect to MCP server 'qmd' (command=qmd): Connection closed
ERROR gateway.platforms.base: [Discord] Discord bot token already in use (PID 32775). Stop the other gateway first.
WARNING gateway.run: ✗ discord failed to connect
ERROR gateway.run: Gateway hit a non-retryable startup conflict: discord: Discord bot token already in use (PID 32775). Stop the other gateway first.
ERROR gateway.run: Gateway exiting cleanly: discord: Discord bot token already in use (PID 32775). Stop the other gateway first.
[33m⚠ Deprecated .env settings detected:[0m
  [33m⚠[0m MESSAGING_CWD=~/Smith found in .env — this is deprecated.
  [2mMove to config.yaml instead:  terminal:\n    cwd: /your/project/path[0m
  [2mThen remove the old entries from /Users/Jeff/.hermes/profiles/smith/.env[0m

WARNING tools.mcp_tool: MCP server 'qmd' initial connection failed (attempt 1/3), retrying in 1s: unhandled errors in a TaskGroup (1 sub-exception)
WARNING tools.mcp_tool: MCP server 'qmd' initial connection failed (attempt 2/3), retrying in 2s: unhandled errors in a TaskGroup (1 sub-exception)
WARNING tools.mcp_tool: MCP server 'qmd' initial connection failed (attempt 3/3), retrying in 4s: unhandled errors in a TaskGroup (1 sub-exception)
WARNING tools.mcp_tool: MCP server 'qmd' failed initial connection after 3 attempts, giving up: unhandled errors in a TaskGroup (1 sub-exception)
WARNING tools.mcp_tool: Failed to connect to MCP server 'qmd' (command=qmd): Connection closed
ERROR gateway.platforms.base: [Discord] Discord bot token already in use (PID 32775). Stop the other gateway first.
WARNING gateway.run: ✗ discord failed to connect
ERROR gateway.run: Gateway hit a non-retryable startup conflict: discord: Discord bot token already in use (PID 32775). Stop the other gateway first.
ERROR gateway.run: Gateway exiting cleanly: discord: Discord bot token already in use (PID 32775). Stop the other gateway first.
[33m⚠ Deprecated .env settings detected:[0m
  [33m⚠[0m MESSAGING_CWD=~/Smith found in .env — this is deprecated.
  [2mMove to config.yaml instead:  terminal:\n    cwd: /your/project/path[0m
  [2mThen remove the old entries from /Users/Jeff/.hermes/profiles/smith/.env[0m

WARNING tools.mcp_tool: MCP server 'qmd' initial connection failed (attempt 1/3), retrying in 1s: unhandled errors in a TaskGroup (1 sub-exception)
WARNING tools.mcp_tool: MCP server 'qmd' initial connection failed (attempt 2/3), retrying in 2s: unhandled errors in a TaskGroup (1 sub-exception)
WARNING tools.mcp_tool: MCP server 'qmd' initial connection failed (attempt 3/3), retrying in 4s: unhandled errors in a TaskGroup (1 sub-exception)
WARNING tools.mcp_tool: MCP server 'qmd' failed initial connection after 3 attempts, giving up: unhandled errors in a TaskGroup (1 sub-exception)
WARNING tools.mcp_tool: Failed to connect to MCP server 'qmd' (command=qmd): Connection closed
ERROR gateway.platforms.base: [Discord] Discord bot token already in use (PID 32775). Stop the other gateway first.
WARNING gateway.run: ✗ discord failed to connect
ERROR gateway.run: Gateway hit a non-retryable startup conflict: discord: Discord bot token already in use (PID 32775). Stop the other gateway first.
ERROR gateway.run: Gateway exiting cleanly: discord: Discord bot token already in use (PID 32775). Stop the other gateway first.
[33m⚠ Deprecated .env settings detected:[0m
  [33m⚠[0m MESSAGING_CWD=~/Smith found in .env — this is deprecated.
  [2mMove to config.yaml instead:  terminal:\n    cwd: /your/project/path[0m
  [2mThen remove the old entries from /Users/Jeff/.hermes/profiles/smith/.env[0m

WARNING tools.mcp_tool: MCP server 'qmd' initial connection failed (attempt 1/3), retrying in 1s: unhandled errors in a TaskGroup (1 sub-exception)
WARNING tools.mcp_tool: MCP server 'qmd' initial connection failed (attempt 2/3), retrying in 2s: unhandled errors in a TaskGroup (1 sub-exception)
WARNING tools.mcp_tool: MCP server 'qmd' initial connection failed (attempt 3/3), retrying in 4s: unhandled errors in a TaskGroup (1 sub-exception)
WARNING tools.mcp_tool: MCP server 'qmd' failed initial connection after 3 attempts, giving up: unhandled errors in a TaskGroup (1 sub-exception)
WARNING tools.mcp_tool: Failed to connect to MCP server 'qmd' (command=qmd): Connection closed
ERROR gateway.platforms.base: [Discord] Discord bot token already in use (PID 32775). Stop the other gateway first.
WARNING gateway.run: ✗ discord failed to connect
ERROR gateway.run: Gateway hit a non-retryable startup conflict: discord: Discord bot token already in use (PID 32775). Stop the other gateway first.
ERROR gateway.run: Gateway exiting cleanly: discord: Discord bot token already in use (PID 32775). Stop the other gateway first.
[33m⚠ Deprecated .env settings detected:[0m
  [33m⚠[0m MESSAGING_CWD=~/Smith found in .env — this is deprecated.
  [2mMove to config.yaml instead:  terminal:\n    cwd: /your/project/path[0m
  [2mThen remove the old entries from /Users/Jeff/.hermes/profiles/smith/.env[0m

WARNING tools.mcp_tool: MCP server 'qmd' initial connection failed (attempt 1/3), retrying in 1s: unhandled errors in a TaskGroup (1 sub-exception)
WARNING tools.mcp_tool: MCP server 'qmd' initial connection failed (attempt 2/3), retrying in 2s: unhandled errors in a TaskGroup (1 sub-exception)
WARNING tools.mcp_tool: MCP server 'qmd' initial connection failed (attempt 3/3), retrying in 4s: unhandled errors in a TaskGroup (1 sub-exception)
WARNING tools.mcp_tool: MCP server 'qmd' failed initial connection after 3 attempts, giving up: unhandled errors in a TaskGroup (1 sub-exception)
WARNING tools.mcp_tool: Failed to connect to MCP server 'qmd' (command=qmd): Connection closed
ERROR gateway.platforms.base: [Discord] Discord bot token already in use (PID 32775). Stop the other gateway first.
WARNING gateway.run: ✗ discord failed to connect
ERROR gateway.run: Gateway hit a non-retryable startup conflict: discord: Discord bot token already in use (PID 32775). Stop the other gateway first.
ERROR gateway.run: Gateway exiting cleanly: discord: Discord bot token already in use (PID 32775). Stop the other gateway first.
[33m⚠ Deprecated .env settings detected:[0m
  [33m⚠[0m MESSAGING_CWD=~/Smith found in .env — this is deprecated.
  [2mMove to config.yaml instead:  terminal:\n    cwd: /your/project/path[0m
  [2mThen remove the old entries from /Users/Jeff/.hermes/profiles/smith/.env[0m

WARNING tools.mcp_tool: MCP server 'qmd' initial connection failed (attempt 1/3), retrying in 1s: unhandled errors in a TaskGroup (1 sub-exception)
WARNING tools.mcp_tool: MCP server 'qmd' initial connection failed (attempt 2/3), retrying in 2s: unhandled errors in a TaskGroup (1 sub-exception)
WARNING tools.mcp_tool: MCP server 'qmd' initial connection failed (attempt 3/3), retrying in 4s: unhandled errors in a TaskGroup (1 sub-exception)
WARNING tools.mcp_tool: MCP server 'qmd' failed initial connection after 3 attempts, giving up: unhandled errors in a TaskGroup (1 sub-exception)
WARNING tools.mcp_tool: Failed to connect to MCP server 'qmd' (command=qmd): Connection closed
ERROR gateway.platforms.base: [Discord] Discord bot token already in use (PID 32775). Stop the other gateway first.
WARNING gateway.run: ✗ discord failed to connect
ERROR gateway.run: Gateway hit a non-retryable startup conflict: discord: Discord bot token already in use (PID 32775). Stop the other gateway first.
ERROR gateway.run: Gateway exiting cleanly: discord: Discord bot token already in use (PID 32775). Stop the other gateway first.
[33m⚠ Deprecated .env settings detected:[0m
  [33m⚠[0m MESSAGING_CWD=~/Smith found in .env — this is deprecated.
  [2mMove to config.yaml instead:  terminal:\n    cwd: /your/project/path[0m
  [2mThen remove the old entries from /Users/Jeff/.hermes/profiles/smith/.env[0m

WARNING tools.mcp_tool: MCP server 'qmd' initial connection failed (attempt 1/3), retrying in 1s: unhandled errors in a TaskGroup (1 sub-exception)
WARNING tools.mcp_tool: MCP server 'qmd' initial connection failed (attempt 2/3), retrying in 2s: unhandled errors in a TaskGroup (1 sub-exception)
WARNING tools.mcp_tool: MCP server 'qmd' initial connection failed (attempt 3/3), retrying in 4s: unhandled errors in a TaskGroup (1 sub-exception)
WARNING tools.mcp_tool: MCP server 'qmd' failed initial connection after 3 attempts, giving up: unhandled errors in a TaskGroup (1 sub-exception)
WARNING tools.mcp_tool: Failed to connect to MCP server 'qmd' (command=qmd): Connection closed
ERROR gateway.platforms.base: [Discord] Discord bot token already in use (PID 32775). Stop the other gateway first.
WARNING gateway.run: ✗ discord failed to connect
ERROR gateway.run: Gateway hit a non-retryable startup conflict: discord: Discord bot token already in use (PID 32775). Stop the other gateway first.
ERROR gateway.run: Gateway exiting cleanly: discord: Discord bot token already in use (PID 32775). Stop the other gateway first.
[33m⚠ Deprecated .env settings detected:[0m
  [33m⚠[0m MESSAGING_CWD=~/Smith found in .env — this is deprecated.
  [2mMove to config.yaml instead:  terminal:\n    cwd: /your/project/path[0m
  [2mThen remove the old entries from /Users/Jeff/.hermes/profiles/smith/.env[0m

WARNING tools.mcp_tool: MCP server 'qmd' initial connection failed (attempt 1/3), retrying in 1s: unhandled errors in a TaskGroup (1 sub-exception)
WARNING tools.mcp_tool: MCP server 'qmd' initial connection failed (attempt 2/3), retrying in 2s: unhandled errors in a TaskGroup (1 sub-exception)
WARNING tools.mcp_tool: MCP server 'qmd' initial connection failed (attempt 3/3), retrying in 4s: unhandled errors in a TaskGroup (1 sub-exception)
WARNING tools.mcp_tool: MCP server 'qmd' failed initial connection after 3 attempts, giving up: unhandled errors in a TaskGroup (1 sub-exception)
WARNING tools.mcp_tool: Failed to connect to MCP server 'qmd' (command=qmd): Connection closed
ERROR gateway.platforms.base: [Discord] Discord bot token already in use (PID 32775). Stop the other gateway first.
WARNING gateway.run: ✗ discord failed to connect
ERROR gateway.run: Gateway hit a non-retryable startup conflict: discord: Discord bot token already in use (PID 32775). Stop the other gateway first.
ERROR gateway.run: Gateway exiting cleanly: discord: Discord bot token already in use (PID 32775). Stop the other gateway first.
[33m⚠ Deprecated .env settings detected:[0m
  [33m⚠[0m MESSAGING_CWD=~/Smith found in .env — this is deprecated.
  [2mMove to config.yaml instead:  terminal:\n    cwd: /your/project/path[0m
  [2mThen remove the old entries from /Users/Jeff/.hermes/profiles/smith/.env[0m

WARNING tools.mcp_tool: MCP server 'qmd' initial connection failed (attempt 1/3), retrying in 1s: unhandled errors in a TaskGroup (1 sub-exception)
WARNING tools.mcp_tool: MCP server 'qmd' initial connection failed (attempt 2/3), retrying in 2s: unhandled errors in a TaskGroup (1 sub-exception)
WARNING tools.mcp_tool: MCP server 'qmd' initial connection failed (attempt 3/3), retrying in 4s: unhandled errors in a TaskGroup (1 sub-exception)
WARNING tools.mcp_tool: MCP server 'qmd' failed initial connection after 3 attempts, giving up: unhandled errors in a TaskGroup (1 sub-exception)
WARNING tools.mcp_tool: Failed to connect to MCP server 'qmd' (command=qmd): Connection closed
ERROR gateway.platforms.base: [Discord] Discord bot token already in use (PID 32775). Stop the other gateway first.
WARNING gateway.run: ✗ discord failed to connect
ERROR gateway.run: Gateway hit a non-retryable startup conflict: discord: Discord bot token already in use (PID 32775). Stop the other gateway first.
ERROR gateway.run: Gateway exiting cleanly: discord: Discord bot token already in use (PID 32775). Stop the other gateway first.
[33m⚠ Deprecated .env settings detected:[0m
  [33m⚠[0m MESSAGING_CWD=~/Smith found in .env — this is deprecated.
  [2mMove to config.yaml instead:  terminal:\n    cwd: /your/project/path[0m
  [2mThen remove the old entries from /Users/Jeff/.hermes/profiles/smith/.env[0m

WARNING tools.mcp_tool: MCP server 'qmd' initial connection failed (attempt 1/3), retrying in 1s: unhandled errors in a TaskGroup (1 sub-exception)
WARNING tools.mcp_tool: MCP server 'qmd' initial connection failed (attempt 2/3), retrying in 2s: unhandled errors in a TaskGroup (1 sub-exception)
WARNING tools.mcp_tool: MCP server 'qmd' initial connection failed (attempt 3/3), retrying in 4s: unhandled errors in a TaskGroup (1 sub-exception)
WARNING tools.mcp_tool: MCP server 'qmd' failed initial connection after 3 attempts, giving up: unhandled errors in a TaskGroup (1 sub-exception)
WARNING tools.mcp_tool: Failed to connect to MCP server 'qmd' (command=qmd): Connection closed
ERROR gateway.platforms.base: [Discord] Discord bot token already in use (PID 32775). Stop the other gateway first.
WARNING gateway.run: ✗ discord failed to connect
ERROR gateway.run: Gateway hit a non-retryable startup conflict: discord: Discord bot token already in use (PID 32775). Stop the other gateway first.
ERROR gateway.run: Gateway exiting cleanly: discord: Discord bot token already in use (PID 32775). Stop the other gateway first.
[33m⚠ Deprecated .env settings detected:[0m
  [33m⚠[0m MESSAGING_CWD=~/Smith found in .env — this is deprecated.
  [2mMove to config.yaml instead:  terminal:\n    cwd: /your/project/path[0m
  [2mThen remove the old entries from /Users/Jeff/.hermes/profiles/smith/.env[0m

WARNING tools.mcp_tool: MCP server 'qmd' initial connection failed (attempt 1/3), retrying in 1s: unhandled errors in a TaskGroup (1 sub-exception)
WARNING tools.mcp_tool: MCP server 'qmd' initial connection failed (attempt 2/3), retrying in 2s: unhandled errors in a TaskGroup (1 sub-exception)
WARNING tools.mcp_tool: MCP server 'qmd' initial connection failed (attempt 3/3), retrying in 4s: unhandled errors in a TaskGroup (1 sub-exception)
WARNING tools.mcp_tool: MCP server 'qmd' failed initial connection after 3 attempts, giving up: unhandled errors in a TaskGroup (1 sub-exception)
WARNING tools.mcp_tool: Failed to connect to MCP server 'qmd' (command=qmd): Connection closed
ERROR gateway.platforms.base: [Discord] Discord bot token already in use (PID 32775). Stop the other gateway first.
WARNING gateway.run: ✗ discord failed to connect
ERROR gateway.run: Gateway hit a non-retryable startup conflict: discord: Discord bot token already in use (PID 32775). Stop the other gateway first.
ERROR gateway.run: Gateway exiting cleanly: discord: Discord bot token already in use (PID 32775). Stop the other gateway first.
[33m⚠ Deprecated .env settings detected:[0m
  [33m⚠[0m MESSAGING_CWD=~/Smith found in .env — this is deprecated.
  [2mMove to config.yaml instead:  terminal:\n    cwd: /your/project/path[0m
  [2mThen remove the old entries from /Users/Jeff/.hermes/profiles/smith/.env[0m

WARNING tools.mcp_tool: MCP server 'qmd' initial connection failed (attempt 1/3), retrying in 1s: unhandled errors in a TaskGroup (1 sub-exception)
WARNING tools.mcp_tool: MCP server 'qmd' initial connection failed (attempt 2/3), retrying in 2s: unhandled errors in a TaskGroup (1 sub-exception)
WARNING tools.mcp_tool: MCP server 'qmd' initial connection failed (attempt 3/3), retrying in 4s: unhandled errors in a TaskGroup (1 sub-exception)
WARNING tools.mcp_tool: MCP server 'qmd' failed initial connection after 3 attempts, giving up: unhandled errors in a TaskGroup (1 sub-exception)
WARNING tools.mcp_tool: Failed to connect to MCP server 'qmd' (command=qmd): Connection closed
ERROR gateway.platforms.base: [Discord] Discord bot token already in use (PID 32775). Stop the other gateway first.
WARNING gateway.run: ✗ discord failed to connect
ERROR gateway.run: Gateway hit a non-retryable startup conflict: discord: Discord bot token already in use (PID 32775). Stop the other gateway first.
ERROR gateway.run: Gateway exiting cleanly: discord: Discord bot token already in use (PID 32775). Stop the other gateway first.
[33m⚠ Deprecated .env settings detected:[0m
  [33m⚠[0m MESSAGING_CWD=~/Smith found in .env — this is deprecated.
  [2mMove to config.yaml instead:  terminal:\n    cwd: /your/project/path[0m
  [2mThen remove the old entries from /Users/Jeff/.hermes/profiles/smith/.env[0m

WARNING tools.mcp_tool: MCP server 'qmd' initial connection failed (attempt 1/3), retrying in 1s: unhandled errors in a TaskGroup (1 sub-exception)
WARNING tools.mcp_tool: MCP server 'qmd' initial connection failed (attempt 2/3), retrying in 2s: unhandled errors in a TaskGroup (1 sub-exception)
WARNING tools.mcp_tool: MCP server 'qmd' initial connection failed (attempt 3/3), retrying in 4s: unhandled errors in a TaskGroup (1 sub-exception)
WARNING tools.mcp_tool: MCP server 'qmd' failed initial connection after 3 attempts, giving up: unhandled errors in a TaskGroup (1 sub-exception)
WARNING tools.mcp_tool: Failed to connect to MCP server 'qmd' (command=qmd): Connection closed
ERROR gateway.platforms.base: [Discord] Discord bot token already in use (PID 32775). Stop the other gateway first.
WARNING gateway.run: ✗ discord failed to connect
ERROR gateway.run: Gateway hit a non-retryable startup conflict: discord: Discord bot token already in use (PID 32775). Stop the other gateway first.
ERROR gateway.run: Gateway exiting cleanly: discord: Discord bot token already in use (PID 32775). Stop the other gateway first.
[33m⚠ Deprecated .env settings detected:[0m
  [33m⚠[0m MESSAGING_CWD=~/Smith found in .env — this is deprecated.
  [2mMove to config.yaml instead:  terminal:\n    cwd: /your/project/path[0m
  [2mThen remove the old entries from /Users/Jeff/.hermes/profiles/smith/.env[0m

WARNING tools.mcp_tool: MCP server 'qmd' initial connection failed (attempt 1/3), retrying in 1s: unhandled errors in a TaskGroup (1 sub-exception)
WARNING tools.mcp_tool: MCP server 'qmd' initial connection failed (attempt 2/3), retrying in 2s: unhandled errors in a TaskGroup (1 sub-exception)
WARNING tools.mcp_tool: MCP server 'qmd' initial connection failed (attempt 3/3), retrying in 4s: unhandled errors in a TaskGroup (1 sub-exception)
WARNING tools.mcp_tool: MCP server 'qmd' failed initial connection after 3 attempts, giving up: unhandled errors in a TaskGroup (1 sub-exception)
WARNING tools.mcp_tool: Failed to connect to MCP server 'qmd' (command=qmd): Connection closed
ERROR gateway.platforms.base: [Discord] Discord bot token already in use (PID 32775). Stop the other gateway first.
WARNING gateway.run: ✗ discord failed to connect
ERROR gateway.run: Gateway hit a non-retryable startup conflict: discord: Discord bot token already in use (PID 32775). Stop the other gateway first.
ERROR gateway.run: Gateway exiting cleanly: discord: Discord bot token already in use (PID 32775). Stop the other gateway first.
[33m⚠ Deprecated .env settings detected:[0m
  [33m⚠[0m MESSAGING_CWD=~/Smith found in .env — this is deprecated.
  [2mMove to config.yaml instead:  terminal:\n    cwd: /your/project/path[0m
  [2mThen remove the old entries from /Users/Jeff/.hermes/profiles/smith/.env[0m

WARNING tools.mcp_tool: MCP server 'qmd' initial connection failed (attempt 1/3), retrying in 1s: unhandled errors in a TaskGroup (1 sub-exception)
WARNING tools.mcp_tool: MCP server 'qmd' initial connection failed (attempt 2/3), retrying in 2s: unhandled errors in a TaskGroup (1 sub-exception)
WARNING tools.mcp_tool: MCP server 'qmd' initial connection failed (attempt 3/3), retrying in 4s: unhandled errors in a TaskGroup (1 sub-exception)
WARNING tools.mcp_tool: MCP server 'qmd' failed initial connection after 3 attempts, giving up: unhandled errors in a TaskGroup (1 sub-exception)
WARNING tools.mcp_tool: Failed to connect to MCP server 'qmd' (command=qmd): Connection closed
ERROR gateway.platforms.base: [Discord] Discord bot token already in use (PID 32775). Stop the other gateway first.
WARNING gateway.run: ✗ discord failed to connect
ERROR gateway.run: Gateway hit a non-retryable startup conflict: discord: Discord bot token already in use (PID 32775). Stop the other gateway first.
ERROR gateway.run: Gateway exiting cleanly: discord: Discord bot token already in use (PID 32775). Stop the other gateway first.
[33m⚠ Deprecated .env settings detected:[0m
  [33m⚠[0m MESSAGING_CWD=~/Smith found in .env — this is deprecated.
  [2mMove to config.yaml instead:  terminal:\n    cwd: /your/project/path[0m
  [2mThen remove the old entries from /Users/Jeff/.hermes/profiles/smith/.env[0m

WARNING tools.mcp_tool: MCP server 'qmd' initial connection failed (attempt 1/3), retrying in 1s: unhandled errors in a TaskGroup (1 sub-exception)
WARNING tools.mcp_tool: MCP server 'qmd' initial connection failed (attempt 2/3), retrying in 2s: unhandled errors in a TaskGroup (1 sub-exception)
WARNING tools.mcp_tool: MCP server 'qmd' initial connection failed (attempt 3/3), retrying in 4s: unhandled errors in a TaskGroup (1 sub-exception)
WARNING tools.mcp_tool: MCP server 'qmd' failed initial connection after 3 attempts, giving up: unhandled errors in a TaskGroup (1 sub-exception)
WARNING tools.mcp_tool: Failed to connect to MCP server 'qmd' (command=qmd): Connection closed
ERROR gateway.platforms.base: [Discord] Discord bot token already in use (PID 32775). Stop the other gateway first.
WARNING gateway.run: ✗ discord failed to connect
ERROR gateway.run: Gateway hit a non-retryable startup conflict: discord: Discord bot token already in use (PID 32775). Stop the other gateway first.
ERROR gateway.run: Gateway exiting cleanly: discord: Discord bot token already in use (PID 32775). Stop the other gateway first.
[33m⚠ Deprecated .env settings detected:[0m
  [33m⚠[0m MESSAGING_CWD=~/Smith found in .env — this is deprecated.
  [2mMove to config.yaml instead:  terminal:\n    cwd: /your/project/path[0m
  [2mThen remove the old entries from /Users/Jeff/.hermes/profiles/smith/.env[0m

WARNING tools.mcp_tool: MCP server 'qmd' initial connection failed (attempt 1/3), retrying in 1s: unhandled errors in a TaskGroup (1 sub-exception)
WARNING tools.mcp_tool: MCP server 'qmd' initial connection failed (attempt 2/3), retrying in 2s: unhandled errors in a TaskGroup (1 sub-exception)
WARNING tools.mcp_tool: MCP server 'qmd' initial connection failed (attempt 3/3), retrying in 4s: unhandled errors in a TaskGroup (1 sub-exception)
WARNING tools.mcp_tool: MCP server 'qmd' failed initial connection after 3 attempts, giving up: unhandled errors in a TaskGroup (1 sub-exception)
WARNING tools.mcp_tool: Failed to connect to MCP server 'qmd' (command=qmd): Connection closed
ERROR gateway.platforms.base: [Discord] Discord bot token already in use (PID 32775). Stop the other gateway first.
WARNING gateway.run: ✗ discord failed to connect
ERROR gateway.run: Gateway hit a non-retryable startup conflict: discord: Discord bot token already in use (PID 32775). Stop the other gateway first.
ERROR gateway.run: Gateway exiting cleanly: discord: Discord bot token already in use (PID 32775). Stop the other gateway first.
[33m⚠ Deprecated .env settings detected:[0m
  [33m⚠[0m MESSAGING_CWD=~/Smith found in .env — this is deprecated.
  [2mMove to config.yaml instead:  terminal:\n    cwd: /your/project/path[0m
  [2mThen remove the old entries from /Users/Jeff/.hermes/profiles/smith/.env[0m

WARNING tools.mcp_tool: MCP server 'qmd' initial connection failed (attempt 1/3), retrying in 1s: unhandled errors in a TaskGroup (1 sub-exception)
WARNING tools.mcp_tool: MCP server 'qmd' initial connection failed (attempt 2/3), retrying in 2s: unhandled errors in a TaskGroup (1 sub-exception)
WARNING tools.mcp_tool: MCP server 'qmd' initial connection failed (attempt 3/3), retrying in 4s: unhandled errors in a TaskGroup (1 sub-exception)
WARNING tools.mcp_tool: MCP server 'qmd' failed initial connection after 3 attempts, giving up: unhandled errors in a TaskGroup (1 sub-exception)
WARNING tools.mcp_tool: Failed to connect to MCP server 'qmd' (command=qmd): Connection closed
ERROR gateway.platforms.base: [Discord] Discord bot token already in use (PID 32775). Stop the other gateway first.
WARNING gateway.run: ✗ discord failed to connect
ERROR gateway.run: Gateway hit a non-retryable startup conflict: discord: Discord bot token already in use (PID 32775). Stop the other gateway first.
ERROR gateway.run: Gateway exiting cleanly: discord: Discord bot token already in use (PID 32775). Stop the other gateway first.
[33m⚠ Deprecated .env settings detected:[0m
  [33m⚠[0m MESSAGING_CWD=~/Smith found in .env — this is deprecated.
  [2mMove to config.yaml instead:  terminal:\n    cwd: /your/project/path[0m
  [2mThen remove the old entries from /Users/Jeff/.hermes/profiles/smith/.env[0m

WARNING tools.mcp_tool: MCP server 'qmd' initial connection failed (attempt 1/3), retrying in 1s: unhandled errors in a TaskGroup (1 sub-exception)
WARNING tools.mcp_tool: MCP server 'qmd' initial connection failed (attempt 2/3), retrying in 2s: unhandled errors in a TaskGroup (1 sub-exception)
WARNING tools.mcp_tool: MCP server 'qmd' initial connection failed (attempt 3/3), retrying in 4s: unhandled errors in a TaskGroup (1 sub-exception)
WARNING tools.mcp_tool: MCP server 'qmd' failed initial connection after 3 attempts, giving up: unhandled errors in a TaskGroup (1 sub-exception)
WARNING tools.mcp_tool: Failed to connect to MCP server 'qmd' (command=qmd): Connection closed
ERROR gateway.platforms.base: [Discord] Discord bot token already in use (PID 32775). Stop the other gateway first.
WARNING gateway.run: ✗ discord failed to connect
ERROR gateway.run: Gateway hit a non-retryable startup conflict: discord: Discord bot token already in use (PID 32775). Stop the other gateway first.
ERROR gateway.run: Gateway exiting cleanly: discord: Discord bot token already in use (PID 32775). Stop the other gateway first.
[33m⚠ Deprecated .env settings detected:[0m
  [33m⚠[0m MESSAGING_CWD=~/Smith found in .env — this is deprecated.
  [2mMove to config.yaml instead:  terminal:\n    cwd: /your/project/path[0m
  [2mThen remove the old entries from /Users/Jeff/.hermes/profiles/smith/.env[0m

WARNING tools.mcp_tool: MCP server 'qmd' initial connection failed (attempt 1/3), retrying in 1s: unhandled errors in a TaskGroup (1 sub-exception)
WARNING tools.mcp_tool: MCP server 'qmd' initial connection failed (attempt 2/3), retrying in 2s: unhandled errors in a TaskGroup (1 sub-exception)
WARNING tools.mcp_tool: MCP server 'qmd' initial connection failed (attempt 3/3), retrying in 4s: unhandled errors in a TaskGroup (1 sub-exception)
WARNING tools.mcp_tool: MCP server 'qmd' failed initial connection after 3 attempts, giving up: unhandled errors in a TaskGroup (1 sub-exception)
WARNING tools.mcp_tool: Failed to connect to MCP server 'qmd' (command=qmd): Connection closed
ERROR gateway.platforms.base: [Discord] Discord bot token already in use (PID 32775). Stop the other gateway first.
WARNING gateway.run: ✗ discord failed to connect
ERROR gateway.run: Gateway hit a non-retryable startup conflict: discord: Discord bot token already in use (PID 32775). Stop the other gateway first.
ERROR gateway.run: Gateway exiting cleanly: discord: Discord bot token already in use (PID 32775). Stop the other gateway first.
[33m⚠ Deprecated .env settings detected:[0m
  [33m⚠[0m MESSAGING_CWD=~/Smith found in .env — this is deprecated.
  [2mMove to config.yaml instead:  terminal:\n    cwd: /your/project/path[0m
  [2mThen remove the old entries from /Users/Jeff/.hermes/profiles/smith/.env[0m

WARNING tools.mcp_tool: MCP server 'qmd' initial connection failed (attempt 1/3), retrying in 1s: unhandled errors in a TaskGroup (1 sub-exception)
WARNING tools.mcp_tool: MCP server 'qmd' initial connection failed (attempt 2/3), retrying in 2s: unhandled errors in a TaskGroup (1 sub-exception)
WARNING tools.mcp_tool: MCP server 'qmd' initial connection failed (attempt 3/3), retrying in 4s: unhandled errors in a TaskGroup (1 sub-exception)
WARNING tools.mcp_tool: MCP server 'qmd' failed initial connection after 3 attempts, giving up: unhandled errors in a TaskGroup (1 sub-exception)
WARNING tools.mcp_tool: Failed to connect to MCP server 'qmd' (command=qmd): Connection closed
ERROR gateway.platforms.base: [Discord] Discord bot token already in use (PID 32775). Stop the other gateway first.
WARNING gateway.run: ✗ discord failed to connect
ERROR gateway.run: Gateway hit a non-retryable startup conflict: discord: Discord bot token already in use (PID 32775). Stop the other gateway first.
ERROR gateway.run: Gateway exiting cleanly: discord: Discord bot token already in use (PID 32775). Stop the other gateway first.
[33m⚠ Deprecated .env settings detected:[0m
  [33m⚠[0m MESSAGING_CWD=~/Smith found in .env — this is deprecated.
  [2mMove to config.yaml instead:  terminal:\n    cwd: /your/project/path[0m
  [2mThen remove the old entries from /Users/Jeff/.hermes/profiles/smith/.env[0m

WARNING tools.mcp_tool: MCP server 'qmd' initial connection failed (attempt 1/3), retrying in 1s: unhandled errors in a TaskGroup (1 sub-exception)
WARNING tools.mcp_tool: MCP server 'qmd' initial connection failed (attempt 2/3), retrying in 2s: unhandled errors in a TaskGroup (1 sub-exception)
WARNING tools.mcp_tool: MCP server 'qmd' initial connection failed (attempt 3/3), retrying in 4s: unhandled errors in a TaskGroup (1 sub-exception)
WARNING tools.mcp_tool: MCP server 'qmd' failed initial connection after 3 attempts, giving up: unhandled errors in a TaskGroup (1 sub-exception)
WARNING tools.mcp_tool: Failed to connect to MCP server 'qmd' (command=qmd): Connection closed
ERROR gateway.platforms.base: [Discord] Discord bot token already in use (PID 32775). Stop the other gateway first.
WARNING gateway.run: ✗ discord failed to connect
ERROR gateway.run: Gateway hit a non-retryable startup conflict: discord: Discord bot token already in use (PID 32775). Stop the other gateway first.
ERROR gateway.run: Gateway exiting cleanly: discord: Discord bot token already in use (PID 32775). Stop the other gateway first.
[33m⚠ Deprecated .env settings detected:[0m
  [33m⚠[0m MESSAGING_CWD=~/Smith found in .env — this is deprecated.
  [2mMove to config.yaml instead:  terminal:\n    cwd: /your/project/path[0m
  [2mThen remove the old entries from /Users/Jeff/.hermes/profiles/smith/.env[0m

WARNING tools.mcp_tool: MCP server 'qmd' initial connection failed (attempt 1/3), retrying in 1s: unhandled errors in a TaskGroup (1 sub-exception)
WARNING tools.mcp_tool: MCP server 'qmd' initial connection failed (attempt 2/3), retrying in 2s: unhandled errors in a TaskGroup (1 sub-exception)
WARNING tools.mcp_tool: MCP server 'qmd' initial connection failed (attempt 3/3), retrying in 4s: unhandled errors in a TaskGroup (1 sub-exception)
WARNING tools.mcp_tool: MCP server 'qmd' failed initial connection after 3 attempts, giving up: unhandled errors in a TaskGroup (1 sub-exception)
WARNING tools.mcp_tool: Failed to connect to MCP server 'qmd' (command=qmd): Connection closed
ERROR gateway.platforms.base: [Discord] Discord bot token already in use (PID 32775). Stop the other gateway first.
WARNING gateway.run: ✗ discord failed to connect
ERROR gateway.run: Gateway hit a non-retryable startup conflict: discord: Discord bot token already in use (PID 32775). Stop the other gateway first.
ERROR gateway.run: Gateway exiting cleanly: discord: Discord bot token already in use (PID 32775). Stop the other gateway first.
[33m⚠ Deprecated .env settings detected:[0m
  [33m⚠[0m MESSAGING_CWD=~/Smith found in .env — this is deprecated.
  [2mMove to config.yaml instead:  terminal:\n    cwd: /your/project/path[0m
  [2mThen remove the old entries from /Users/Jeff/.hermes/profiles/smith/.env[0m

WARNING tools.mcp_tool: MCP server 'qmd' initial connection failed (attempt 1/3), retrying in 1s: unhandled errors in a TaskGroup (1 sub-exception)
WARNING tools.mcp_tool: MCP server 'qmd' initial connection failed (attempt 2/3), retrying in 2s: unhandled errors in a TaskGroup (1 sub-exception)
WARNING tools.mcp_tool: MCP server 'qmd' initial connection failed (attempt 3/3), retrying in 4s: unhandled errors in a TaskGroup (1 sub-exception)
WARNING tools.mcp_tool: MCP server 'qmd' failed initial connection after 3 attempts, giving up: unhandled errors in a TaskGroup (1 sub-exception)
WARNING tools.mcp_tool: Failed to connect to MCP server 'qmd' (command=qmd): Connection closed
ERROR gateway.platforms.base: [Discord] Discord bot token already in use (PID 32775). Stop the other gateway first.
WARNING gateway.run: ✗ discord failed to connect
ERROR gateway.run: Gateway hit a non-retryable startup conflict: discord: Discord bot token already in use (PID 32775). Stop the other gateway first.
ERROR gateway.run: Gateway exiting cleanly: discord: Discord bot token already in use (PID 32775). Stop the other gateway first.
[33m⚠ Deprecated .env settings detected:[0m
  [33m⚠[0m MESSAGING_CWD=~/Smith found in .env — this is deprecated.
  [2mMove to config.yaml instead:  terminal:\n    cwd: /your/project/path[0m
  [2mThen remove the old entries from /Users/Jeff/.hermes/profiles/smith/.env[0m

WARNING tools.mcp_tool: MCP server 'qmd' initial connection failed (attempt 1/3), retrying in 1s: unhandled errors in a TaskGroup (1 sub-exception)
WARNING tools.mcp_tool: MCP server 'qmd' initial connection failed (attempt 2/3), retrying in 2s: unhandled errors in a TaskGroup (1 sub-exception)
WARNING tools.mcp_tool: MCP server 'qmd' initial connection failed (attempt 3/3), retrying in 4s: unhandled errors in a TaskGroup (1 sub-exception)
WARNING tools.mcp_tool: MCP server 'qmd' failed initial connection after 3 attempts, giving up: unhandled errors in a TaskGroup (1 sub-exception)
WARNING tools.mcp_tool: Failed to connect to MCP server 'qmd' (command=qmd): Connection closed
ERROR gateway.platforms.base: [Discord] Discord bot token already in use (PID 32775). Stop the other gateway first.
WARNING gateway.run: ✗ discord failed to connect
ERROR gateway.run: Gateway hit a non-retryable startup conflict: discord: Discord bot token already in use (PID 32775). Stop the other gateway first.
ERROR gateway.run: Gateway exiting cleanly: discord: Discord bot token already in use (PID 32775). Stop the other gateway first.
[33m⚠ Deprecated .env settings detected:[0m
  [33m⚠[0m MESSAGING_CWD=~/Smith found in .env — this is deprecated.
  [2mMove to config.yaml instead:  terminal:\n    cwd: /your/project/path[0m
  [2mThen remove the old entries from /Users/Jeff/.hermes/profiles/smith/.env[0m

WARNING tools.mcp_tool: MCP server 'qmd' initial connection failed (attempt 1/3), retrying in 1s: unhandled errors in a TaskGroup (1 sub-exception)
WARNING tools.mcp_tool: MCP server 'qmd' initial connection failed (attempt 2/3), retrying in 2s: unhandled errors in a TaskGroup (1 sub-exception)
WARNING tools.mcp_tool: MCP server 'qmd' initial connection failed (attempt 3/3), retrying in 4s: unhandled errors in a TaskGroup (1 sub-exception)
WARNING tools.mcp_tool: MCP server 'qmd' failed initial connection after 3 attempts, giving up: unhandled errors in a TaskGroup (1 sub-exception)
WARNING tools.mcp_tool: Failed to connect to MCP server 'qmd' (command=qmd): Connection closed
ERROR gateway.platforms.base: [Discord] Discord bot token already in use (PID 32775). Stop the other gateway first.
WARNING gateway.run: ✗ discord failed to connect
ERROR gateway.run: Gateway hit a non-retryable startup conflict: discord: Discord bot token already in use (PID 32775). Stop the other gateway first.
ERROR gateway.run: Gateway exiting cleanly: discord: Discord bot token already in use (PID 32775). Stop the other gateway first.
[33m⚠ Deprecated .env settings detected:[0m
  [33m⚠[0m MESSAGING_CWD=~/Smith found in .env — this is deprecated.
  [2mMove to config.yaml instead:  terminal:\n    cwd: /your/project/path[0m
  [2mThen remove the old entries from /Users/Jeff/.hermes/profiles/smith/.env[0m

WARNING tools.mcp_tool: MCP server 'qmd' initial connection failed (attempt 1/3), retrying in 1s: unhandled errors in a TaskGroup (1 sub-exception)
WARNING tools.mcp_tool: MCP server 'qmd' initial connection failed (attempt 2/3), retrying in 2s: unhandled errors in a TaskGroup (1 sub-exception)
WARNING tools.mcp_tool: MCP server 'qmd' initial connection failed (attempt 3/3), retrying in 4s: unhandled errors in a TaskGroup (1 sub-exception)
WARNING tools.mcp_tool: MCP server 'qmd' failed initial connection after 3 attempts, giving up: unhandled errors in a TaskGroup (1 sub-exception)
WARNING tools.mcp_tool: Failed to connect to MCP server 'qmd' (command=qmd): Connection closed
ERROR gateway.platforms.base: [Discord] Discord bot token already in use (PID 32775). Stop the other gateway first.
WARNING gateway.run: ✗ discord failed to connect
ERROR gateway.run: Gateway hit a non-retryable startup conflict: discord: Discord bot token already in use (PID 32775). Stop the other gateway first.
ERROR gateway.run: Gateway exiting cleanly: discord: Discord bot token already in use (PID 32775). Stop the other gateway first.
[33m⚠ Deprecated .env settings detected:[0m
  [33m⚠[0m MESSAGING_CWD=~/Smith found in .env — this is deprecated.
  [2mMove to config.yaml instead:  terminal:\n    cwd: /your/project/path[0m
  [2mThen remove the old entries from /Users/Jeff/.hermes/profiles/smith/.env[0m

WARNING tools.mcp_tool: MCP server 'qmd' initial connection failed (attempt 1/3), retrying in 1s: unhandled errors in a TaskGroup (1 sub-exception)
WARNING tools.mcp_tool: MCP server 'qmd' initial connection failed (attempt 2/3), retrying in 2s: unhandled errors in a TaskGroup (1 sub-exception)
WARNING tools.mcp_tool: MCP server 'qmd' initial connection failed (attempt 3/3), retrying in 4s: unhandled errors in a TaskGroup (1 sub-exception)
WARNING tools.mcp_tool: MCP server 'qmd' failed initial connection after 3 attempts, giving up: unhandled errors in a TaskGroup (1 sub-exception)
WARNING tools.mcp_tool: Failed to connect to MCP server 'qmd' (command=qmd): Connection closed
ERROR gateway.platforms.base: [Discord] Discord bot token already in use (PID 32775). Stop the other gateway first.
WARNING gateway.run: ✗ discord failed to connect
ERROR gateway.run: Gateway hit a non-retryable startup conflict: discord: Discord bot token already in use (PID 32775). Stop the other gateway first.
ERROR gateway.run: Gateway exiting cleanly: discord: Discord bot token already in use (PID 32775). Stop the other gateway first.
[33m⚠ Deprecated .env settings detected:[0m
  [33m⚠[0m MESSAGING_CWD=~/Smith found in .env — this is deprecated.
  [2mMove to config.yaml instead:  terminal:\n    cwd: /your/project/path[0m
  [2mThen remove the old entries from /Users/Jeff/.hermes/profiles/smith/.env[0m

WARNING tools.mcp_tool: MCP server 'qmd' initial connection failed (attempt 1/3), retrying in 1s: unhandled errors in a TaskGroup (1 sub-exception)
WARNING tools.mcp_tool: MCP server 'qmd' initial connection failed (attempt 2/3), retrying in 2s: unhandled errors in a TaskGroup (1 sub-exception)
WARNING tools.mcp_tool: MCP server 'qmd' initial connection failed (attempt 3/3), retrying in 4s: unhandled errors in a TaskGroup (1 sub-exception)
WARNING tools.mcp_tool: MCP server 'qmd' failed initial connection after 3 attempts, giving up: unhandled errors in a TaskGroup (1 sub-exception)
WARNING tools.mcp_tool: Failed to connect to MCP server 'qmd' (command=qmd): Connection closed
ERROR gateway.platforms.base: [Discord] Discord bot token already in use (PID 32775). Stop the other gateway first.
WARNING gateway.run: ✗ discord failed to connect
ERROR gateway.run: Gateway hit a non-retryable startup conflict: discord: Discord bot token already in use (PID 32775). Stop the other gateway first.
ERROR gateway.run: Gateway exiting cleanly: discord: Discord bot token already in use (PID 32775). Stop the other gateway first.
[33m⚠ Deprecated .env settings detected:[0m
  [33m⚠[0m MESSAGING_CWD=~/Smith found in .env — this is deprecated.
  [2mMove to config.yaml instead:  terminal:\n    cwd: /your/project/path[0m
  [2mThen remove the old entries from /Users/Jeff/.hermes/profiles/smith/.env[0m

WARNING tools.mcp_tool: MCP server 'qmd' initial connection failed (attempt 1/3), retrying in 1s: unhandled errors in a TaskGroup (1 sub-exception)
WARNING tools.mcp_tool: MCP server 'qmd' initial connection failed (attempt 2/3), retrying in 2s: unhandled errors in a TaskGroup (1 sub-exception)
WARNING tools.mcp_tool: MCP server 'qmd' initial connection failed (attempt 3/3), retrying in 4s: unhandled errors in a TaskGroup (1 sub-exception)
WARNING tools.mcp_tool: MCP server 'qmd' failed initial connection after 3 attempts, giving up: unhandled errors in a TaskGroup (1 sub-exception)
WARNING tools.mcp_tool: Failed to connect to MCP server 'qmd' (command=qmd): Connection closed
ERROR gateway.platforms.base: [Discord] Discord bot token already in use (PID 32775). Stop the other gateway first.
WARNING gateway.run: ✗ discord failed to connect
ERROR gateway.run: Gateway hit a non-retryable startup conflict: discord: Discord bot token already in use (PID 32775). Stop the other gateway first.
ERROR gateway.run: Gateway exiting cleanly: discord: Discord bot token already in use (PID 32775). Stop the other gateway first.
[33m⚠ Deprecated .env settings detected:[0m
  [33m⚠[0m MESSAGING_CWD=~/Smith found in .env — this is deprecated.
  [2mMove to config.yaml instead:  terminal:\n    cwd: /your/project/path[0m
  [2mThen remove the old entries from /Users/Jeff/.hermes/profiles/smith/.env[0m

WARNING tools.mcp_tool: MCP server 'qmd' initial connection failed (attempt 1/3), retrying in 1s: unhandled errors in a TaskGroup (1 sub-exception)
WARNING tools.mcp_tool: MCP server 'qmd' initial connection failed (attempt 2/3), retrying in 2s: unhandled errors in a TaskGroup (1 sub-exception)
WARNING tools.mcp_tool: MCP server 'qmd' initial connection failed (attempt 3/3), retrying in 4s: unhandled errors in a TaskGroup (1 sub-exception)
WARNING tools.mcp_tool: MCP server 'qmd' failed initial connection after 3 attempts, giving up: unhandled errors in a TaskGroup (1 sub-exception)
WARNING tools.mcp_tool: Failed to connect to MCP server 'qmd' (command=qmd): Connection closed
ERROR gateway.platforms.base: [Discord] Discord bot token already in use (PID 32775). Stop the other gateway first.
WARNING gateway.run: ✗ discord failed to connect
ERROR gateway.run: Gateway hit a non-retryable startup conflict: discord: Discord bot token already in use (PID 32775). Stop the other gateway first.
ERROR gateway.run: Gateway exiting cleanly: discord: Discord bot token already in use (PID 32775). Stop the other gateway first.
[33m⚠ Deprecated .env settings detected:[0m
  [33m⚠[0m MESSAGING_CWD=~/Smith found in .env — this is deprecated.
  [2mMove to config.yaml instead:  terminal:\n    cwd: /your/project/path[0m
  [2mThen remove the old entries from /Users/Jeff/.hermes/profiles/smith/.env[0m

WARNING tools.mcp_tool: MCP server 'qmd' initial connection failed (attempt 1/3), retrying in 1s: unhandled errors in a TaskGroup (1 sub-exception)
WARNING tools.mcp_tool: MCP server 'qmd' initial connection failed (attempt 2/3), retrying in 2s: unhandled errors in a TaskGroup (1 sub-exception)
WARNING tools.mcp_tool: MCP server 'qmd' initial connection failed (attempt 3/3), retrying in 4s: unhandled errors in a TaskGroup (1 sub-exception)
WARNING tools.mcp_tool: MCP server 'qmd' failed initial connection after 3 attempts, giving up: unhandled errors in a TaskGroup (1 sub-exception)
WARNING tools.mcp_tool: Failed to connect to MCP server 'qmd' (command=qmd): Connection closed
ERROR gateway.platforms.base: [Discord] Discord bot token already in use (PID 32775). Stop the other gateway first.
WARNING gateway.run: ✗ discord failed to connect
ERROR gateway.run: Gateway hit a non-retryable startup conflict: discord: Discord bot token already in use (PID 32775). Stop the other gateway first.
ERROR gateway.run: Gateway exiting cleanly: discord: Discord bot token already in use (PID 32775). Stop the other gateway first.
[33m⚠ Deprecated .env settings detected:[0m
  [33m⚠[0m MESSAGING_CWD=~/Smith found in .env — this is deprecated.
  [2mMove to config.yaml instead:  terminal:\n    cwd: /your/project/path[0m
  [2mThen remove the old entries from /Users/Jeff/.hermes/profiles/smith/.env[0m

WARNING tools.mcp_tool: MCP server 'qmd' initial connection failed (attempt 1/3), retrying in 1s: unhandled errors in a TaskGroup (1 sub-exception)
WARNING tools.mcp_tool: MCP server 'qmd' initial connection failed (attempt 2/3), retrying in 2s: unhandled errors in a TaskGroup (1 sub-exception)
WARNING tools.mcp_tool: MCP server 'qmd' initial connection failed (attempt 3/3), retrying in 4s: unhandled errors in a TaskGroup (1 sub-exception)
WARNING tools.mcp_tool: MCP server 'qmd' failed initial connection after 3 attempts, giving up: unhandled errors in a TaskGroup (1 sub-exception)
WARNING tools.mcp_tool: Failed to connect to MCP server 'qmd' (command=qmd): Connection closed
ERROR gateway.platforms.base: [Discord] Discord bot token already in use (PID 32775). Stop the other gateway first.
WARNING gateway.run: ✗ discord failed to connect
ERROR gateway.run: Gateway hit a non-retryable startup conflict: discord: Discord bot token already in use (PID 32775). Stop the other gateway first.
ERROR gateway.run: Gateway exiting cleanly: discord: Discord bot token already in use (PID 32775). Stop the other gateway first.
[33m⚠ Deprecated .env settings detected:[0m
  [33m⚠[0m MESSAGING_CWD=~/Smith found in .env — this is deprecated.
  [2mMove to config.yaml instead:  terminal:\n    cwd: /your/project/path[0m
  [2mThen remove the old entries from /Users/Jeff/.hermes/profiles/smith/.env[0m

WARNING tools.mcp_tool: MCP server 'qmd' initial connection failed (attempt 1/3), retrying in 1s: unhandled errors in a TaskGroup (1 sub-exception)
WARNING tools.mcp_tool: MCP server 'qmd' initial connection failed (attempt 2/3), retrying in 2s: unhandled errors in a TaskGroup (1 sub-exception)
WARNING tools.mcp_tool: MCP server 'qmd' initial connection failed (attempt 3/3), retrying in 4s: unhandled errors in a TaskGroup (1 sub-exception)
WARNING tools.mcp_tool: MCP server 'qmd' failed initial connection after 3 attempts, giving up: unhandled errors in a TaskGroup (1 sub-exception)
WARNING tools.mcp_tool: Failed to connect to MCP server 'qmd' (command=qmd): Connection closed
ERROR gateway.platforms.base: [Discord] Discord bot token already in use (PID 32775). Stop the other gateway first.
WARNING gateway.run: ✗ discord failed to connect
ERROR gateway.run: Gateway hit a non-retryable startup conflict: discord: Discord bot token already in use (PID 32775). Stop the other gateway first.
ERROR gateway.run: Gateway exiting cleanly: discord: Discord bot token already in use (PID 32775). Stop the other gateway first.
[33m⚠ Deprecated .env settings detected:[0m
  [33m⚠[0m MESSAGING_CWD=~/Smith found in .env — this is deprecated.
  [2mMove to config.yaml instead:  terminal:\n    cwd: /your/project/path[0m
  [2mThen remove the old entries from /Users/Jeff/.hermes/profiles/smith/.env[0m

WARNING tools.mcp_tool: MCP server 'qmd' initial connection failed (attempt 1/3), retrying in 1s: unhandled errors in a TaskGroup (1 sub-exception)
WARNING tools.mcp_tool: MCP server 'qmd' initial connection failed (attempt 2/3), retrying in 2s: unhandled errors in a TaskGroup (1 sub-exception)
WARNING tools.mcp_tool: MCP server 'qmd' initial connection failed (attempt 3/3), retrying in 4s: unhandled errors in a TaskGroup (1 sub-exception)
WARNING tools.mcp_tool: MCP server 'qmd' failed initial connection after 3 attempts, giving up: unhandled errors in a TaskGroup (1 sub-exception)
WARNING tools.mcp_tool: Failed to connect to MCP server 'qmd' (command=qmd): Connection closed
ERROR gateway.platforms.base: [Discord] Discord bot token already in use (PID 32775). Stop the other gateway first.
WARNING gateway.run: ✗ discord failed to connect
ERROR gateway.run: Gateway hit a non-retryable startup conflict: discord: Discord bot token already in use (PID 32775). Stop the other gateway first.
ERROR gateway.run: Gateway exiting cleanly: discord: Discord bot token already in use (PID 32775). Stop the other gateway first.
[33m⚠ Deprecated .env settings detected:[0m
  [33m⚠[0m MESSAGING_CWD=~/Smith found in .env — this is deprecated.
  [2mMove to config.yaml instead:  terminal:\n    cwd: /your/project/path[0m
  [2mThen remove the old entries from /Users/Jeff/.hermes/profiles/smith/.env[0m

WARNING tools.mcp_tool: MCP server 'qmd' initial connection failed (attempt 1/3), retrying in 1s: unhandled errors in a TaskGroup (1 sub-exception)
WARNING tools.mcp_tool: MCP server 'qmd' initial connection failed (attempt 2/3), retrying in 2s: unhandled errors in a TaskGroup (1 sub-exception)
WARNING tools.mcp_tool: MCP server 'qmd' initial connection failed (attempt 3/3), retrying in 4s: unhandled errors in a TaskGroup (1 sub-exception)
WARNING tools.mcp_tool: MCP server 'qmd' failed initial connection after 3 attempts, giving up: unhandled errors in a TaskGroup (1 sub-exception)
WARNING tools.mcp_tool: Failed to connect to MCP server 'qmd' (command=qmd): Connection closed
ERROR gateway.platforms.base: [Discord] Discord bot token already in use (PID 32775). Stop the other gateway first.
WARNING gateway.run: ✗ discord failed to connect
ERROR gateway.run: Gateway hit a non-retryable startup conflict: discord: Discord bot token already in use (PID 32775). Stop the other gateway first.
ERROR gateway.run: Gateway exiting cleanly: discord: Discord bot token already in use (PID 32775). Stop the other gateway first.
[33m⚠ Deprecated .env settings detected:[0m
  [33m⚠[0m MESSAGING_CWD=~/Smith found in .env — this is deprecated.
  [2mMove to config.yaml instead:  terminal:\n    cwd: /your/project/path[0m
  [2mThen remove the old entries from /Users/Jeff/.hermes/profiles/smith/.env[0m

WARNING tools.mcp_tool: MCP server 'qmd' initial connection failed (attempt 1/3), retrying in 1s: unhandled errors in a TaskGroup (1 sub-exception)
WARNING tools.mcp_tool: MCP server 'qmd' initial connection failed (attempt 2/3), retrying in 2s: unhandled errors in a TaskGroup (1 sub-exception)
WARNING tools.mcp_tool: MCP server 'qmd' initial connection failed (attempt 3/3), retrying in 4s: unhandled errors in a TaskGroup (1 sub-exception)
WARNING tools.mcp_tool: MCP server 'qmd' failed initial connection after 3 attempts, giving up: unhandled errors in a TaskGroup (1 sub-exception)
WARNING tools.mcp_tool: Failed to connect to MCP server 'qmd' (command=qmd): Connection closed
ERROR gateway.platforms.base: [Discord] Discord bot token already in use (PID 32775). Stop the other gateway first.
WARNING gateway.run: ✗ discord failed to connect
ERROR gateway.run: Gateway hit a non-retryable startup conflict: discord: Discord bot token already in use (PID 32775). Stop the other gateway first.
ERROR gateway.run: Gateway exiting cleanly: discord: Discord bot token already in use (PID 32775). Stop the other gateway first.
[33m⚠ Deprecated .env settings detected:[0m
  [33m⚠[0m MESSAGING_CWD=~/Smith found in .env — this is deprecated.
  [2mMove to config.yaml instead:  terminal:\n    cwd: /your/project/path[0m
  [2mThen remove the old entries from /Users/Jeff/.hermes/profiles/smith/.env[0m

WARNING tools.mcp_tool: MCP server 'qmd' initial connection failed (attempt 1/3), retrying in 1s: unhandled errors in a TaskGroup (1 sub-exception)
WARNING tools.mcp_tool: MCP server 'qmd' initial connection failed (attempt 2/3), retrying in 2s: unhandled errors in a TaskGroup (1 sub-exception)
WARNING tools.mcp_tool: MCP server 'qmd' initial connection failed (attempt 3/3), retrying in 4s: unhandled errors in a TaskGroup (1 sub-exception)
WARNING tools.mcp_tool: MCP server 'qmd' failed initial connection after 3 attempts, giving up: unhandled errors in a TaskGroup (1 sub-exception)
WARNING tools.mcp_tool: Failed to connect to MCP server 'qmd' (command=qmd): Connection closed
ERROR gateway.platforms.base: [Discord] Discord bot token already in use (PID 32775). Stop the other gateway first.
WARNING gateway.run: ✗ discord failed to connect
ERROR gateway.run: Gateway hit a non-retryable startup conflict: discord: Discord bot token already in use (PID 32775). Stop the other gateway first.
ERROR gateway.run: Gateway exiting cleanly: discord: Discord bot token already in use (PID 32775). Stop the other gateway first.
[33m⚠ Deprecated .env settings detected:[0m
  [33m⚠[0m MESSAGING_CWD=~/Smith found in .env — this is deprecated.
  [2mMove to config.yaml instead:  terminal:\n    cwd: /your/project/path[0m
  [2mThen remove the old entries from /Users/Jeff/.hermes/profiles/smith/.env[0m

WARNING tools.mcp_tool: MCP server 'qmd' initial connection failed (attempt 1/3), retrying in 1s: unhandled errors in a TaskGroup (1 sub-exception)
WARNING tools.mcp_tool: MCP server 'qmd' initial connection failed (attempt 2/3), retrying in 2s: unhandled errors in a TaskGroup (1 sub-exception)
WARNING tools.mcp_tool: MCP server 'qmd' initial connection failed (attempt 3/3), retrying in 4s: unhandled errors in a TaskGroup (1 sub-exception)
WARNING tools.mcp_tool: MCP server 'qmd' failed initial connection after 3 attempts, giving up: unhandled errors in a TaskGroup (1 sub-exception)
WARNING tools.mcp_tool: Failed to connect to MCP server 'qmd' (command=qmd): Connection closed
ERROR gateway.platforms.base: [Discord] Discord bot token already in use (PID 32775). Stop the other gateway first.
WARNING gateway.run: ✗ discord failed to connect
ERROR gateway.run: Gateway hit a non-retryable startup conflict: discord: Discord bot token already in use (PID 32775). Stop the other gateway first.
ERROR gateway.run: Gateway exiting cleanly: discord: Discord bot token already in use (PID 32775). Stop the other gateway first.
[33m⚠ Deprecated .env settings detected:[0m
  [33m⚠[0m MESSAGING_CWD=~/Smith found in .env — this is deprecated.
  [2mMove to config.yaml instead:  terminal:\n    cwd: /your/project/path[0m
  [2mThen remove the old entries from /Users/Jeff/.hermes/profiles/smith/.env[0m

WARNING tools.mcp_tool: MCP server 'qmd' initial connection failed (attempt 1/3), retrying in 1s: unhandled errors in a TaskGroup (1 sub-exception)
WARNING tools.mcp_tool: MCP server 'qmd' initial connection failed (attempt 2/3), retrying in 2s: unhandled errors in a TaskGroup (1 sub-exception)
WARNING tools.mcp_tool: MCP server 'qmd' initial connection failed (attempt 3/3), retrying in 4s: unhandled errors in a TaskGroup (1 sub-exception)
WARNING tools.mcp_tool: MCP server 'qmd' failed initial connection after 3 attempts, giving up: unhandled errors in a TaskGroup (1 sub-exception)
WARNING tools.mcp_tool: Failed to connect to MCP server 'qmd' (command=qmd): Connection closed
ERROR gateway.platforms.base: [Discord] Discord bot token already in use (PID 32775). Stop the other gateway first.
WARNING gateway.run: ✗ discord failed to connect
ERROR gateway.run: Gateway hit a non-retryable startup conflict: discord: Discord bot token already in use (PID 32775). Stop the other gateway first.
ERROR gateway.run: Gateway exiting cleanly: discord: Discord bot token already in use (PID 32775). Stop the other gateway first.
[33m⚠ Deprecated .env settings detected:[0m
  [33m⚠[0m MESSAGING_CWD=~/Smith found in .env — this is deprecated.
  [2mMove to config.yaml instead:  terminal:\n    cwd: /your/project/path[0m
  [2mThen remove the old entries from /Users/Jeff/.hermes/profiles/smith/.env[0m

WARNING tools.mcp_tool: MCP server 'qmd' initial connection failed (attempt 1/3), retrying in 1s: unhandled errors in a TaskGroup (1 sub-exception)
WARNING tools.mcp_tool: MCP server 'qmd' initial connection failed (attempt 2/3), retrying in 2s: unhandled errors in a TaskGroup (1 sub-exception)
WARNING tools.mcp_tool: MCP server 'qmd' initial connection failed (attempt 3/3), retrying in 4s: unhandled errors in a TaskGroup (1 sub-exception)
WARNING tools.mcp_tool: MCP server 'qmd' failed initial connection after 3 attempts, giving up: unhandled errors in a TaskGroup (1 sub-exception)
WARNING tools.mcp_tool: Failed to connect to MCP server 'qmd' (command=qmd): Connection closed
ERROR gateway.platforms.base: [Discord] Discord bot token already in use (PID 32775). Stop the other gateway first.
WARNING gateway.run: ✗ discord failed to connect
ERROR gateway.run: Gateway hit a non-retryable startup conflict: discord: Discord bot token already in use (PID 32775). Stop the other gateway first.
ERROR gateway.run: Gateway exiting cleanly: discord: Discord bot token already in use (PID 32775). Stop the other gateway first.
[33m⚠ Deprecated .env settings detected:[0m
  [33m⚠[0m MESSAGING_CWD=~/Smith found in .env — this is deprecated.
  [2mMove to config.yaml instead:  terminal:\n    cwd: /your/project/path[0m
  [2mThen remove the old entries from /Users/Jeff/.hermes/profiles/smith/.env[0m

WARNING tools.mcp_tool: MCP server 'qmd' initial connection failed (attempt 1/3), retrying in 1s: unhandled errors in a TaskGroup (1 sub-exception)
WARNING tools.mcp_tool: MCP server 'qmd' initial connection failed (attempt 2/3), retrying in 2s: unhandled errors in a TaskGroup (1 sub-exception)
WARNING tools.mcp_tool: MCP server 'qmd' initial connection failed (attempt 3/3), retrying in 4s: unhandled errors in a TaskGroup (1 sub-exception)
WARNING tools.mcp_tool: MCP server 'qmd' failed initial connection after 3 attempts, giving up: unhandled errors in a TaskGroup (1 sub-exception)
WARNING tools.mcp_tool: Failed to connect to MCP server 'qmd' (command=qmd): Connection closed
ERROR gateway.platforms.base: [Discord] Discord bot token already in use (PID 32775). Stop the other gateway first.
WARNING gateway.run: ✗ discord failed to connect
ERROR gateway.run: Gateway hit a non-retryable startup conflict: discord: Discord bot token already in use (PID 32775). Stop the other gateway first.
ERROR gateway.run: Gateway exiting cleanly: discord: Discord bot token already in use (PID 32775). Stop the other gateway first.
[33m⚠ Deprecated .env settings detected:[0m
  [33m⚠[0m MESSAGING_CWD=~/Smith found in .env — this is deprecated.
  [2mMove to config.yaml instead:  terminal:\n    cwd: /your/project/path[0m
  [2mThen remove the old entries from /Users/Jeff/.hermes/profiles/smith/.env[0m

WARNING tools.mcp_tool: MCP server 'qmd' initial connection failed (attempt 1/3), retrying in 1s: unhandled errors in a TaskGroup (1 sub-exception)
WARNING tools.mcp_tool: MCP server 'qmd' initial connection failed (attempt 2/3), retrying in 2s: unhandled errors in a TaskGroup (1 sub-exception)
WARNING tools.mcp_tool: MCP server 'qmd' initial connection failed (attempt 3/3), retrying in 4s: unhandled errors in a TaskGroup (1 sub-exception)
WARNING tools.mcp_tool: MCP server 'qmd' failed initial connection after 3 attempts, giving up: unhandled errors in a TaskGroup (1 sub-exception)
WARNING tools.mcp_tool: Failed to connect to MCP server 'qmd' (command=qmd): Connection closed
ERROR gateway.platforms.base: [Discord] Discord bot token already in use (PID 32775). Stop the other gateway first.
WARNING gateway.run: ✗ discord failed to connect
ERROR gateway.run: Gateway hit a non-retryable startup conflict: discord: Discord bot token already in use (PID 32775). Stop the other gateway first.
ERROR gateway.run: Gateway exiting cleanly: discord: Discord bot token already in use (PID 32775). Stop the other gateway first.
[33m⚠ Deprecated .env settings detected:[0m
  [33m⚠[0m MESSAGING_CWD=~/Smith found in .env — this is deprecated.
  [2mMove to config.yaml instead:  terminal:\n    cwd: /your/project/path[0m
  [2mThen remove the old entries from /Users/Jeff/.hermes/profiles/smith/.env[0m

WARNING tools.mcp_tool: MCP server 'qmd' initial connection failed (attempt 1/3), retrying in 1s: unhandled errors in a TaskGroup (1 sub-exception)
WARNING tools.mcp_tool: MCP server 'qmd' initial connection failed (attempt 2/3), retrying in 2s: unhandled errors in a TaskGroup (1 sub-exception)
WARNING tools.mcp_tool: MCP server 'qmd' initial connection failed (attempt 3/3), retrying in 4s: unhandled errors in a TaskGroup (1 sub-exception)
WARNING tools.mcp_tool: MCP server 'qmd' failed initial connection after 3 attempts, giving up: unhandled errors in a TaskGroup (1 sub-exception)
WARNING tools.mcp_tool: Failed to connect to MCP server 'qmd' (command=qmd): Connection closed
ERROR gateway.platforms.base: [Discord] Discord bot token already in use (PID 32775). Stop the other gateway first.
WARNING gateway.run: ✗ discord failed to connect
ERROR gateway.run: Gateway hit a non-retryable startup conflict: discord: Discord bot token already in use (PID 32775). Stop the other gateway first.
ERROR gateway.run: Gateway exiting cleanly: discord: Discord bot token already in use (PID 32775). Stop the other gateway first.
[33m⚠ Deprecated .env settings detected:[0m
  [33m⚠[0m MESSAGING_CWD=~/Smith found in .env — this is deprecated.
  [2mMove to config.yaml instead:  terminal:\n    cwd: /your/project/path[0m
  [2mThen remove the old entries from /Users/Jeff/.hermes/profiles/smith/.env[0m

WARNING tools.mcp_tool: MCP server 'qmd' initial connection failed (attempt 1/3), retrying in 1s: unhandled errors in a TaskGroup (1 sub-exception)
WARNING tools.mcp_tool: MCP server 'qmd' initial connection failed (attempt 2/3), retrying in 2s: unhandled errors in a TaskGroup (1 sub-exception)
WARNING tools.mcp_tool: MCP server 'qmd' initial connection failed (attempt 3/3), retrying in 4s: unhandled errors in a TaskGroup (1 sub-exception)
WARNING tools.mcp_tool: MCP server 'qmd' failed initial connection after 3 attempts, giving up: unhandled errors in a TaskGroup (1 sub-exception)
WARNING tools.mcp_tool: Failed to connect to MCP server 'qmd' (command=qmd): Connection closed
ERROR gateway.platforms.base: [Discord] Discord bot token already in use (PID 32775). Stop the other gateway first.
WARNING gateway.run: ✗ discord failed to connect
ERROR gateway.run: Gateway hit a non-retryable startup conflict: discord: Discord bot token already in use (PID 32775). Stop the other gateway first.
ERROR gateway.run: Gateway exiting cleanly: discord: Discord bot token already in use (PID 32775). Stop the other gateway first.
[33m⚠ Deprecated .env settings detected:[0m
  [33m⚠[0m MESSAGING_CWD=~/Smith found in .env — this is deprecated.
  [2mMove to config.yaml instead:  terminal:\n    cwd: /your/project/path[0m
  [2mThen remove the old entries from /Users/Jeff/.hermes/profiles/smith/.env[0m

WARNING tools.mcp_tool: MCP server 'qmd' initial connection failed (attempt 1/3), retrying in 1s: unhandled errors in a TaskGroup (1 sub-exception)
WARNING tools.mcp_tool: MCP server 'qmd' initial connection failed (attempt 2/3), retrying in 2s: unhandled errors in a TaskGroup (1 sub-exception)
WARNING tools.mcp_tool: MCP server 'qmd' initial connection failed (attempt 3/3), retrying in 4s: unhandled errors in a TaskGroup (1 sub-exception)
WARNING tools.mcp_tool: MCP server 'qmd' failed initial connection after 3 attempts, giving up: unhandled errors in a TaskGroup (1 sub-exception)
WARNING tools.mcp_tool: Failed to connect to MCP server 'qmd' (command=qmd): Connection closed
ERROR gateway.platforms.base: [Discord] Discord bot token already in use (PID 32775). Stop the other gateway first.
WARNING gateway.run: ✗ discord failed to connect
ERROR gateway.run: Gateway hit a non-retryable startup conflict: discord: Discord bot token already in use (PID 32775). Stop the other gateway first.
ERROR gateway.run: Gateway exiting cleanly: discord: Discord bot token already in use (PID 32775). Stop the other gateway first.
[33m⚠ Deprecated .env settings detected:[0m
  [33m⚠[0m MESSAGING_CWD=~/Smith found in .env — this is deprecated.
  [2mMove to config.yaml instead:  terminal:\n    cwd: /your/project/path[0m
  [2mThen remove the old entries from /Users/Jeff/.hermes/profiles/smith/.env[0m

WARNING tools.mcp_tool: MCP server 'qmd' initial connection failed (attempt 1/3), retrying in 1s: unhandled errors in a TaskGroup (1 sub-exception)
WARNING tools.mcp_tool: MCP server 'qmd' initial connection failed (attempt 2/3), retrying in 2s: unhandled errors in a TaskGroup (1 sub-exception)
WARNING tools.mcp_tool: MCP server 'qmd' initial connection failed (attempt 3/3), retrying in 4s: unhandled errors in a TaskGroup (1 sub-exception)
WARNING tools.mcp_tool: MCP server 'qmd' failed initial connection after 3 attempts, giving up: unhandled errors in a TaskGroup (1 sub-exception)
WARNING tools.mcp_tool: Failed to connect to MCP server 'qmd' (command=qmd): Connection closed
ERROR gateway.platforms.base: [Discord] Discord bot token already in use (PID 32775). Stop the other gateway first.
WARNING gateway.run: ✗ discord failed to connect
ERROR gateway.run: Gateway hit a non-retryable startup conflict: discord: Discord bot token already in use (PID 32775). Stop the other gateway first.
ERROR gateway.run: Gateway exiting cleanly: discord: Discord bot token already in use (PID 32775). Stop the other gateway first.
[33m⚠ Deprecated .env settings detected:[0m
  [33m⚠[0m MESSAGING_CWD=~/Smith found in .env — this is deprecated.
  [2mMove to config.yaml instead:  terminal:\n    cwd: /your/project/path[0m
  [2mThen remove the old entries from /Users/Jeff/.hermes/profiles/smith/.env[0m

WARNING tools.mcp_tool: MCP server 'qmd' initial connection failed (attempt 1/3), retrying in 1s: unhandled errors in a TaskGroup (1 sub-exception)
WARNING tools.mcp_tool: MCP server 'qmd' initial connection failed (attempt 2/3), retrying in 2s: unhandled errors in a TaskGroup (1 sub-exception)
WARNING tools.mcp_tool: MCP server 'qmd' initial connection failed (attempt 3/3), retrying in 4s: unhandled errors in a TaskGroup (1 sub-exception)
WARNING tools.mcp_tool: MCP server 'qmd' failed initial connection after 3 attempts, giving up: unhandled errors in a TaskGroup (1 sub-exception)
WARNING tools.mcp_tool: Failed to connect to MCP server 'qmd' (command=qmd): Connection closed
ERROR gateway.platforms.base: [Discord] Discord bot token already in use (PID 32775). Stop the other gateway first.
WARNING gateway.run: ✗ discord failed to connect
ERROR gateway.run: Gateway hit a non-retryable startup conflict: discord: Discord bot token already in use (PID 32775). Stop the other gateway first.
ERROR gateway.run: Gateway exiting cleanly: discord: Discord bot token already in use (PID 32775). Stop the other gateway first.
[33m⚠ Deprecated .env settings detected:[0m
  [33m⚠[0m MESSAGING_CWD=~/Smith found in .env — this is deprecated.
  [2mMove to config.yaml instead:  terminal:\n    cwd: /your/project/path[0m
  [2mThen remove the old entries from /Users/Jeff/.hermes/profiles/smith/.env[0m

WARNING tools.mcp_tool: MCP server 'qmd' initial connection failed (attempt 1/3), retrying in 1s: unhandled errors in a TaskGroup (1 sub-exception)
WARNING tools.mcp_tool: MCP server 'qmd' initial connection failed (attempt 2/3), retrying in 2s: unhandled errors in a TaskGroup (1 sub-exception)
WARNING tools.mcp_tool: MCP server 'qmd' initial connection failed (attempt 3/3), retrying in 4s: unhandled errors in a TaskGroup (1 sub-exception)
WARNING tools.mcp_tool: MCP server 'qmd' failed initial connection after 3 attempts, giving up: unhandled errors in a TaskGroup (1 sub-exception)
WARNING tools.mcp_tool: Failed to connect to MCP server 'qmd' (command=qmd): Connection closed
ERROR gateway.platforms.base: [Discord] Discord bot token already in use (PID 32775). Stop the other gateway first.
WARNING gateway.run: ✗ discord failed to connect
ERROR gateway.run: Gateway hit a non-retryable startup conflict: discord: Discord bot token already in use (PID 32775). Stop the other gateway first.
ERROR gateway.run: Gateway exiting cleanly: discord: Discord bot token already in use (PID 32775). Stop the other gateway first.
[33m⚠ Deprecated .env settings detected:[0m
  [33m⚠[0m MESSAGING_CWD=~/Smith found in .env — this is deprecated.
  [2mMove to config.yaml instead:  terminal:\n    cwd: /your/project/path[0m
  [2mThen remove the old entries from /Users/Jeff/.hermes/profiles/smith/.env[0m

WARNING tools.mcp_tool: MCP server 'qmd' initial connection failed (attempt 1/3), retrying in 1s: unhandled errors in a TaskGroup (1 sub-exception)
WARNING tools.mcp_tool: MCP server 'qmd' initial connection failed (attempt 2/3), retrying in 2s: unhandled errors in a TaskGroup (1 sub-exception)
WARNING tools.mcp_tool: MCP server 'qmd' initial connection failed (attempt 3/3), retrying in 4s: unhandled errors in a TaskGroup (1 sub-exception)
WARNING tools.mcp_tool: MCP server 'qmd' failed initial connection after 3 attempts, giving up: unhandled errors in a TaskGroup (1 sub-exception)
WARNING tools.mcp_tool: Failed to connect to MCP server 'qmd' (command=qmd): Connection closed
ERROR gateway.platforms.base: [Discord] Discord bot token already in use (PID 32775). Stop the other gateway first.
WARNING gateway.run: ✗ discord failed to connect
ERROR gateway.run: Gateway hit a non-retryable startup conflict: discord: Discord bot token already in use (PID 32775). Stop the other gateway first.
ERROR gateway.run: Gateway exiting cleanly: discord: Discord bot token already in use (PID 32775). Stop the other gateway first.
[33m⚠ Deprecated .env settings detected:[0m
  [33m⚠[0m MESSAGING_CWD=~/Smith found in .env — this is deprecated.
  [2mMove to config.yaml instead:  terminal:\n    cwd: /your/project/path[0m
  [2mThen remove the old entries from /Users/Jeff/.hermes/profiles/smith/.env[0m

WARNING tools.mcp_tool: MCP server 'qmd' initial connection failed (attempt 1/3), retrying in 1s: unhandled errors in a TaskGroup (1 sub-exception)
WARNING tools.mcp_tool: MCP server 'qmd' initial connection failed (attempt 2/3), retrying in 2s: unhandled errors in a TaskGroup (1 sub-exception)
WARNING tools.mcp_tool: MCP server 'qmd' initial connection failed (attempt 3/3), retrying in 4s: unhandled errors in a TaskGroup (1 sub-exception)
WARNING tools.mcp_tool: MCP server 'qmd' failed initial connection after 3 attempts, giving up: unhandled errors in a TaskGroup (1 sub-exception)
WARNING tools.mcp_tool: Failed to connect to MCP server 'qmd' (command=qmd): Connection closed
ERROR gateway.platforms.base: [Discord] Discord bot token already in use (PID 32775). Stop the other gateway first.
WARNING gateway.run: ✗ discord failed to connect
ERROR gateway.run: Gateway hit a non-retryable startup conflict: discord: Discord bot token already in use (PID 32775). Stop the other gateway first.
ERROR gateway.run: Gateway exiting cleanly: discord: Discord bot token already in use (PID 32775). Stop the other gateway first.
[33m⚠ Deprecated .env settings detected:[0m
  [33m⚠[0m MESSAGING_CWD=~/Smith found in .env — this is deprecated.
  [2mMove to config.yaml instead:  terminal:\n    cwd: /your/project/path[0m
  [2mThen remove the old entries from /Users/Jeff/.hermes/profiles/smith/.env[0m

WARNING tools.mcp_tool: MCP server 'qmd' initial connection failed (attempt 1/3), retrying in 1s: unhandled errors in a TaskGroup (1 sub-exception)
WARNING tools.mcp_tool: MCP server 'qmd' initial connection failed (attempt 2/3), retrying in 2s: unhandled errors in a TaskGroup (1 sub-exception)
WARNING tools.mcp_tool: MCP server 'qmd' initial connection failed (attempt 3/3), retrying in 4s: unhandled errors in a TaskGroup (1 sub-exception)
WARNING tools.mcp_tool: MCP server 'qmd' failed initial connection after 3 attempts, giving up: unhandled errors in a TaskGroup (1 sub-exception)
WARNING tools.mcp_tool: Failed to connect to MCP server 'qmd' (command=qmd): Connection closed
ERROR gateway.platforms.base: [Discord] Discord bot token already in use (PID 32775). Stop the other gateway first.
WARNING gateway.run: ✗ discord failed to connect
ERROR gateway.run: Gateway hit a non-retryable startup conflict: discord: Discord bot token already in use (PID 32775). Stop the other gateway first.
ERROR gateway.run: Gateway exiting cleanly: discord: Discord bot token already in use (PID 32775). Stop the other gateway first.
[33m⚠ Deprecated .env settings detected:[0m
  [33m⚠[0m MESSAGING_CWD=~/Smith found in .env — this is deprecated.
  [2mMove to config.yaml instead:  terminal:\n    cwd: /your/project/path[0m
  [2mThen remove the old entries from /Users/Jeff/.hermes/profiles/smith/.env[0m

WARNING tools.mcp_tool: MCP server 'qmd' initial connection failed (attempt 1/3), retrying in 1s: unhandled errors in a TaskGroup (1 sub-exception)
WARNING tools.mcp_tool: MCP server 'qmd' initial connection failed (attempt 2/3), retrying in 2s: unhandled errors in a TaskGroup (1 sub-exception)
WARNING tools.mcp_tool: MCP server 'qmd' initial connection failed (attempt 3/3), retrying in 4s: unhandled errors in a TaskGroup (1 sub-exception)
WARNING tools.mcp_tool: MCP server 'qmd' failed initial connection after 3 attempts, giving up: unhandled errors in a TaskGroup (1 sub-exception)
WARNING tools.mcp_tool: Failed to connect to MCP server 'qmd' (command=qmd): Connection closed
ERROR gateway.platforms.base: [Discord] Discord bot token already in use (PID 32775). Stop the other gateway first.
WARNING gateway.run: ✗ discord failed to connect
ERROR gateway.run: Gateway hit a non-retryable startup conflict: discord: Discord bot token already in use (PID 32775). Stop the other gateway first.
ERROR gateway.run: Gateway exiting cleanly: discord: Discord bot token already in use (PID 32775). Stop the other gateway first.
[33m⚠ Deprecated .env settings detected:[0m
  [33m⚠[0m MESSAGING_CWD=~/Smith found in .env — this is deprecated.
  [2mMove to config.yaml instead:  terminal:\n    cwd: /your/project/path[0m
  [2mThen remove the old entries from /Users/Jeff/.hermes/profiles/smith/.env[0m

WARNING tools.mcp_tool: MCP server 'qmd' initial connection failed (attempt 1/3), retrying in 1s: unhandled errors in a TaskGroup (1 sub-exception)
WARNING tools.mcp_tool: MCP server 'qmd' initial connection failed (attempt 2/3), retrying in 2s: unhandled errors in a TaskGroup (1 sub-exception)
WARNING tools.mcp_tool: MCP server 'qmd' initial connection failed (attempt 3/3), retrying in 4s: unhandled errors in a TaskGroup (1 sub-exception)
WARNING tools.mcp_tool: MCP server 'qmd' failed initial connection after 3 attempts, giving up: unhandled errors in a TaskGroup (1 sub-exception)
WARNING tools.mcp_tool: Failed to connect to MCP server 'qmd' (command=qmd): Connection closed
ERROR gateway.platforms.base: [Discord] Discord bot token already in use (PID 32775). Stop the other gateway first.
WARNING gateway.run: ✗ discord failed to connect
ERROR gateway.run: Gateway hit a non-retryable startup conflict: discord: Discord bot token already in use (PID 32775). Stop the other gateway first.
ERROR gateway.run: Gateway exiting cleanly: discord: Discord bot token already in use (PID 32775). Stop the other gateway first.
[33m⚠ Deprecated .env settings detected:[0m
  [33m⚠[0m MESSAGING_CWD=~/Smith found in .env — this is deprecated.
  [2mMove to config.yaml instead:  terminal:\n    cwd: /your/project/path[0m
  [2mThen remove the old entries from /Users/Jeff/.hermes/profiles/smith/.env[0m

WARNING tools.mcp_tool: MCP server 'qmd' initial connection failed (attempt 1/3), retrying in 1s: unhandled errors in a TaskGroup (1 sub-exception)
WARNING tools.mcp_tool: MCP server 'qmd' initial connection failed (attempt 2/3), retrying in 2s: unhandled errors in a TaskGroup (1 sub-exception)
WARNING tools.mcp_tool: MCP server 'qmd' initial connection failed (attempt 3/3), retrying in 4s: unhandled errors in a TaskGroup (1 sub-exception)
WARNING tools.mcp_tool: MCP server 'qmd' failed initial connection after 3 attempts, giving up: unhandled errors in a TaskGroup (1 sub-exception)
WARNING tools.mcp_tool: Failed to connect to MCP server 'qmd' (command=qmd): Connection closed
ERROR gateway.platforms.base: [Discord] Discord bot token already in use (PID 32775). Stop the other gateway first.
WARNING gateway.run: ✗ discord failed to connect
ERROR gateway.run: Gateway hit a non-retryable startup conflict: discord: Discord bot token already in use (PID 32775). Stop the other gateway first.
ERROR gateway.run: Gateway exiting cleanly: discord: Discord bot token already in use (PID 32775). Stop the other gateway first.
[33m⚠ Deprecated .env settings detected:[0m
  [33m⚠[0m MESSAGING_CWD=~/Smith found in .env — this is deprecated.
  [2mMove to config.yaml instead:  terminal:\n    cwd: /your/project/path[0m
  [2mThen remove the old entries from /Users/Jeff/.hermes/profiles/smith/.env[0m

WARNING tools.mcp_tool: MCP server 'qmd' initial connection failed (attempt 1/3), retrying in 1s: unhandled errors in a TaskGroup (1 sub-exception)
WARNING tools.mcp_tool: MCP server 'qmd' initial connection failed (attempt 2/3), retrying in 2s: unhandled errors in a TaskGroup (1 sub-exception)
WARNING tools.mcp_tool: MCP server 'qmd' initial connection failed (attempt 3/3), retrying in 4s: unhandled errors in a TaskGroup (1 sub-exception)
WARNING tools.mcp_tool: MCP server 'qmd' failed initial connection after 3 attempts, giving up: unhandled errors in a TaskGroup (1 sub-exception)
WARNING tools.mcp_tool: Failed to connect to MCP server 'qmd' (command=qmd): Connection closed
ERROR gateway.platforms.base: [Discord] Discord bot token already in use (PID 32775). Stop the other gateway first.
WARNING gateway.run: ✗ discord failed to connect
ERROR gateway.run: Gateway hit a non-retryable startup conflict: discord: Discord bot token already in use (PID 32775). Stop the other gateway first.
ERROR gateway.run: Gateway exiting cleanly: discord: Discord bot token already in use (PID 32775). Stop the other gateway first.
[33m⚠ Deprecated .env settings detected:[0m
  [33m⚠[0m MESSAGING_CWD=~/Smith found in .env — this is deprecated.
  [2mMove to config.yaml instead:  terminal:\n    cwd: /your/project/path[0m
  [2mThen remove the old entries from /Users/Jeff/.hermes/profiles/smith/.env[0m

WARNING tools.mcp_tool: MCP server 'qmd' initial connection failed (attempt 1/3), retrying in 1s: unhandled errors in a TaskGroup (1 sub-exception)
WARNING tools.mcp_tool: MCP server 'qmd' initial connection failed (attempt 2/3), retrying in 2s: unhandled errors in a TaskGroup (1 sub-exception)
WARNING tools.mcp_tool: MCP server 'qmd' initial connection failed (attempt 3/3), retrying in 4s: unhandled errors in a TaskGroup (1 sub-exception)
WARNING tools.mcp_tool: MCP server 'qmd' failed initial connection after 3 attempts, giving up: unhandled errors in a TaskGroup (1 sub-exception)
WARNING tools.mcp_tool: Failed to connect to MCP server 'qmd' (command=qmd): Connection closed
ERROR gateway.platforms.base: [Discord] Discord bot token already in use (PID 32775). Stop the other gateway first.
WARNING gateway.run: ✗ discord failed to connect
ERROR gateway.run: Gateway hit a non-retryable startup conflict: discord: Discord bot token already in use (PID 32775). Stop the other gateway first.
ERROR gateway.run: Gateway exiting cleanly: discord: Discord bot token already in use (PID 32775). Stop the other gateway first.
[33m⚠ Deprecated .env settings detected:[0m
  [33m⚠[0m MESSAGING_CWD=~/Smith found in .env — this is deprecated.
  [2mMove to config.yaml instead:  terminal:\n    cwd: /your/project/path[0m
  [2mThen remove the old entries from /Users/Jeff/.hermes/profiles/smith/.env[0m

WARNING tools.mcp_tool: MCP server 'qmd' initial connection failed (attempt 1/3), retrying in 1s: unhandled errors in a TaskGroup (1 sub-exception)
WARNING tools.mcp_tool: MCP server 'qmd' initial connection failed (attempt 2/3), retrying in 2s: unhandled errors in a TaskGroup (1 sub-exception)
WARNING tools.mcp_tool: MCP server 'qmd' initial connection failed (attempt 3/3), retrying in 4s: unhandled errors in a TaskGroup (1 sub-exception)
WARNING tools.mcp_tool: MCP server 'qmd' failed initial connection after 3 attempts, giving up: unhandled errors in a TaskGroup (1 sub-exception)
WARNING tools.mcp_tool: Failed to connect to MCP server 'qmd' (command=qmd): Connection closed
ERROR gateway.platforms.base: [Discord] Discord bot token already in use (PID 32775). Stop the other gateway first.
WARNING gateway.run: ✗ discord failed to connect
ERROR gateway.run: Gateway hit a non-retryable startup conflict: discord: Discord bot token already in use (PID 32775). Stop the other gateway first.
ERROR gateway.run: Gateway exiting cleanly: discord: Discord bot token already in use (PID 32775). Stop the other gateway first.
[33m⚠ Deprecated .env settings detected:[0m
  [33m⚠[0m MESSAGING_CWD=~/Smith found in .env — this is deprecated.
  [2mMove to config.yaml instead:  terminal:\n    cwd: /your/project/path[0m
  [2mThen remove the old entries from /Users/Jeff/.hermes/profiles/smith/.env[0m

WARNING tools.mcp_tool: MCP server 'qmd' initial connection failed (attempt 1/3), retrying in 1s: unhandled errors in a TaskGroup (1 sub-exception)
WARNING tools.mcp_tool: MCP server 'qmd' initial connection failed (attempt 2/3), retrying in 2s: unhandled errors in a TaskGroup (1 sub-exception)
WARNING tools.mcp_tool: MCP server 'qmd' initial connection failed (attempt 3/3), retrying in 4s: unhandled errors in a TaskGroup (1 sub-exception)
WARNING tools.mcp_tool: MCP server 'qmd' failed initial connection after 3 attempts, giving up: unhandled errors in a TaskGroup (1 sub-exception)
WARNING tools.mcp_tool: Failed to connect to MCP server 'qmd' (command=qmd): Connection closed
ERROR gateway.platforms.base: [Discord] Discord bot token already in use (PID 32775). Stop the other gateway first.
WARNING gateway.run: ✗ discord failed to connect
ERROR gateway.run: Gateway hit a non-retryable startup conflict: discord: Discord bot token already in use (PID 32775). Stop the other gateway first.
ERROR gateway.run: Gateway exiting cleanly: discord: Discord bot token already in use (PID 32775). Stop the other gateway first.
[33m⚠ Deprecated .env settings detected:[0m
  [33m⚠[0m MESSAGING_CWD=~/Smith found in .env — this is deprecated.
  [2mMove to config.yaml instead:  terminal:\n    cwd: /your/project/path[0m
  [2mThen remove the old entries from /Users/Jeff/.hermes/profiles/smith/.env[0m

WARNING tools.mcp_tool: MCP server 'qmd' initial connection failed (attempt 1/3), retrying in 1s: unhandled errors in a TaskGroup (1 sub-exception)
WARNING tools.mcp_tool: MCP server 'qmd' initial connection failed (attempt 2/3), retrying in 2s: unhandled errors in a TaskGroup (1 sub-exception)
WARNING tools.mcp_tool: MCP server 'qmd' initial connection failed (attempt 3/3), retrying in 4s: unhandled errors in a TaskGroup (1 sub-exception)
WARNING tools.mcp_tool: MCP server 'qmd' failed initial connection after 3 attempts, giving up: unhandled errors in a TaskGroup (1 sub-exception)
WARNING tools.mcp_tool: Failed to connect to MCP server 'qmd' (command=qmd): Connection closed
ERROR gateway.platforms.base: [Discord] Discord bot token already in use (PID 32775). Stop the other gateway first.
WARNING gateway.run: ✗ discord failed to connect
ERROR gateway.run: Gateway hit a non-retryable startup conflict: discord: Discord bot token already in use (PID 32775). Stop the other gateway first.
ERROR gateway.run: Gateway exiting cleanly: discord: Discord bot token already in use (PID 32775). Stop the other gateway first.
[33m⚠ Deprecated .env settings detected:[0m
  [33m⚠[0m MESSAGING_CWD=~/Smith found in .env — this is deprecated.
  [2mMove to config.yaml instead:  terminal:\n    cwd: /your/project/path[0m
  [2mThen remove the old entries from /Users/Jeff/.hermes/profiles/smith/.env[0m

WARNING tools.mcp_tool: MCP server 'qmd' initial connection failed (attempt 1/3), retrying in 1s: unhandled errors in a TaskGroup (1 sub-exception)
WARNING tools.mcp_tool: MCP server 'qmd' initial connection failed (attempt 2/3), retrying in 2s: unhandled errors in a TaskGroup (1 sub-exception)
WARNING tools.mcp_tool: MCP server 'qmd' initial connection failed (attempt 3/3), retrying in 4s: unhandled errors in a TaskGroup (1 sub-exception)
WARNING tools.mcp_tool: MCP server 'qmd' failed initial connection after 3 attempts, giving up: unhandled errors in a TaskGroup (1 sub-exception)
WARNING tools.mcp_tool: Failed to connect to MCP server 'qmd' (command=qmd): Connection closed
ERROR gateway.platforms.base: [Discord] Discord bot token already in use (PID 32775). Stop the other gateway first.
WARNING gateway.run: ✗ discord failed to connect
ERROR gateway.run: Gateway hit a non-retryable startup conflict: discord: Discord bot token already in use (PID 32775). Stop the other gateway first.
ERROR gateway.run: Gateway exiting cleanly: discord: Discord bot token already in use (PID 32775). Stop the other gateway first.
[33m⚠ Deprecated .env settings detected:[0m
  [33m⚠[0m MESSAGING_CWD=~/Smith found in .env — this is deprecated.
  [2mMove to config.yaml instead:  terminal:\n    cwd: /your/project/path[0m
  [2mThen remove the old entries from /Users/Jeff/.hermes/profiles/smith/.env[0m

WARNING tools.mcp_tool: MCP server 'qmd' initial connection failed (attempt 1/3), retrying in 1s: unhandled errors in a TaskGroup (1 sub-exception)
WARNING tools.mcp_tool: MCP server 'qmd' initial connection failed (attempt 2/3), retrying in 2s: unhandled errors in a TaskGroup (1 sub-exception)
WARNING tools.mcp_tool: MCP server 'qmd' initial connection failed (attempt 3/3), retrying in 4s: unhandled errors in a TaskGroup (1 sub-exception)
WARNING tools.mcp_tool: MCP server 'qmd' failed initial connection after 3 attempts, giving up: unhandled errors in a TaskGroup (1 sub-exception)
WARNING tools.mcp_tool: Failed to connect to MCP server 'qmd' (command=qmd): Connection closed
ERROR gateway.platforms.base: [Discord] Discord bot token already in use (PID 32775). Stop the other gateway first.
WARNING gateway.run: ✗ discord failed to connect
ERROR gateway.run: Gateway hit a non-retryable startup conflict: discord: Discord bot token already in use (PID 32775). Stop the other gateway first.
ERROR gateway.run: Gateway exiting cleanly: discord: Discord bot token already in use (PID 32775). Stop the other gateway first.
[33m⚠ Deprecated .env settings detected:[0m
  [33m⚠[0m MESSAGING_CWD=~/Smith found in .env — this is deprecated.
  [2mMove to config.yaml instead:  terminal:\n    cwd: /your/project/path[0m
  [2mThen remove the old entries from /Users/Jeff/.hermes/profiles/smith/.env[0m

WARNING tools.mcp_tool: MCP server 'qmd' initial connection failed (attempt 1/3), retrying in 1s: unhandled errors in a TaskGroup (1 sub-exception)
WARNING tools.mcp_tool: MCP server 'qmd' initial connection failed (attempt 2/3), retrying in 2s: unhandled errors in a TaskGroup (1 sub-exception)
WARNING tools.mcp_tool: MCP server 'qmd' initial connection failed (attempt 3/3), retrying in 4s: unhandled errors in a TaskGroup (1 sub-exception)
WARNING tools.mcp_tool: MCP server 'qmd' failed initial connection after 3 attempts, giving up: unhandled errors in a TaskGroup (1 sub-exception)
WARNING tools.mcp_tool: Failed to connect to MCP server 'qmd' (command=qmd): Connection closed
ERROR gateway.platforms.base: [Discord] Discord bot token already in use (PID 32775). Stop the other gateway first.
WARNING gateway.run: ✗ discord failed to connect
ERROR gateway.run: Gateway hit a non-retryable startup conflict: discord: Discord bot token already in use (PID 32775). Stop the other gateway first.
ERROR gateway.run: Gateway exiting cleanly: discord: Discord bot token already in use (PID 32775). Stop the other gateway first.
[33m⚠ Deprecated .env settings detected:[0m
  [33m⚠[0m MESSAGING_CWD=~/Smith found in .env — this is deprecated.
  [2mMove to config.yaml instead:  terminal:\n    cwd: /your/project/path[0m
  [2mThen remove the old entries from /Users/Jeff/.hermes/profiles/smith/.env[0m

WARNING tools.mcp_tool: MCP server 'qmd' initial connection failed (attempt 1/3), retrying in 1s: unhandled errors in a TaskGroup (1 sub-exception)
WARNING tools.mcp_tool: MCP server 'qmd' initial connection failed (attempt 2/3), retrying in 2s: unhandled errors in a TaskGroup (1 sub-exception)
WARNING tools.mcp_tool: MCP server 'qmd' initial connection failed (attempt 3/3), retrying in 4s: unhandled errors in a TaskGroup (1 sub-exception)
WARNING tools.mcp_tool: MCP server 'qmd' failed initial connection after 3 attempts, giving up: unhandled errors in a TaskGroup (1 sub-exception)
WARNING tools.mcp_tool: Failed to connect to MCP server 'qmd' (command=qmd): Connection closed
ERROR gateway.platforms.base: [Discord] Discord bot token already in use (PID 32775). Stop the other gateway first.
WARNING gateway.run: ✗ discord failed to connect
ERROR gateway.run: Gateway hit a non-retryable startup conflict: discord: Discord bot token already in use (PID 32775). Stop the other gateway first.
ERROR gateway.run: Gateway exiting cleanly: discord: Discord bot token already in use (PID 32775). Stop the other gateway first.
[33m⚠ Deprecated .env settings detected:[0m
  [33m⚠[0m MESSAGING_CWD=~/Smith found in .env — this is deprecated.
  [2mMove to config.yaml instead:  terminal:\n    cwd: /your/project/path[0m
  [2mThen remove the old entries from /Users/Jeff/.hermes/profiles/smith/.env[0m

WARNING tools.mcp_tool: MCP server 'qmd' initial connection failed (attempt 1/3), retrying in 1s: unhandled errors in a TaskGroup (1 sub-exception)
WARNING tools.mcp_tool: MCP server 'qmd' initial connection failed (attempt 2/3), retrying in 2s: unhandled errors in a TaskGroup (1 sub-exception)
WARNING tools.mcp_tool: MCP server 'qmd' initial connection failed (attempt 3/3), retrying in 4s: unhandled errors in a TaskGroup (1 sub-exception)
WARNING tools.mcp_tool: MCP server 'qmd' failed initial connection after 3 attempts, giving up: unhandled errors in a TaskGroup (1 sub-exception)
WARNING tools.mcp_tool: Failed to connect to MCP server 'qmd' (command=qmd): Connection closed
ERROR gateway.platforms.base: [Discord] Discord bot token already in use (PID 32775). Stop the other gateway first.
WARNING gateway.run: ✗ discord failed to connect
ERROR gateway.run: Gateway hit a non-retryable startup conflict: discord: Discord bot token already in use (PID 32775). Stop the other gateway first.
ERROR gateway.run: Gateway exiting cleanly: discord: Discord bot token already in use (PID 32775). Stop the other gateway first.
[33m⚠ Deprecated .env settings detected:[0m
  [33m⚠[0m MESSAGING_CWD=~/Smith found in .env — this is deprecated.
  [2mMove to config.yaml instead:  terminal:\n    cwd: /your/project/path[0m
  [2mThen remove the old entries from /Users/Jeff/.hermes/profiles/smith/.env[0m

WARNING tools.mcp_tool: MCP server 'qmd' initial connection failed (attempt 1/3), retrying in 1s: unhandled errors in a TaskGroup (1 sub-exception)
WARNING tools.mcp_tool: MCP server 'qmd' initial connection failed (attempt 2/3), retrying in 2s: unhandled errors in a TaskGroup (1 sub-exception)
WARNING tools.mcp_tool: MCP server 'qmd' initial connection failed (attempt 3/3), retrying in 4s: unhandled errors in a TaskGroup (1 sub-exception)
WARNING tools.mcp_tool: MCP server 'qmd' failed initial connection after 3 attempts, giving up: unhandled errors in a TaskGroup (1 sub-exception)
WARNING tools.mcp_tool: Failed to connect to MCP server 'qmd' (command=qmd): Connection closed
ERROR gateway.platforms.base: [Discord] Discord bot token already in use (PID 32775). Stop the other gateway first.
WARNING gateway.run: ✗ discord failed to connect
ERROR gateway.run: Gateway hit a non-retryable startup conflict: discord: Discord bot token already in use (PID 32775). Stop the other gateway first.
ERROR gateway.run: Gateway exiting cleanly: discord: Discord bot token already in use (PID 32775). Stop the other gateway first.
[33m⚠ Deprecated .env settings detected:[0m
  [33m⚠[0m MESSAGING_CWD=~/Smith found in .env — this is deprecated.
  [2mMove to config.yaml instead:  terminal:\n    cwd: /your/project/path[0m
  [2mThen remove the old entries from /Users/Jeff/.hermes/profiles/smith/.env[0m

WARNING tools.mcp_tool: MCP server 'qmd' initial connection failed (attempt 1/3), retrying in 1s: unhandled errors in a TaskGroup (1 sub-exception)
WARNING tools.mcp_tool: MCP server 'qmd' initial connection failed (attempt 2/3), retrying in 2s: unhandled errors in a TaskGroup (1 sub-exception)
WARNING tools.mcp_tool: MCP server 'qmd' initial connection failed (attempt 3/3), retrying in 4s: unhandled errors in a TaskGroup (1 sub-exception)
WARNING tools.mcp_tool: MCP server 'qmd' failed initial connection after 3 attempts, giving up: unhandled errors in a TaskGroup (1 sub-exception)
WARNING tools.mcp_tool: Failed to connect to MCP server 'qmd' (command=qmd): Connection closed
ERROR gateway.platforms.base: [Discord] Discord bot token already in use (PID 32775). Stop the other gateway first.
WARNING gateway.run: ✗ discord failed to connect
ERROR gateway.run: Gateway hit a non-retryable startup conflict: discord: Discord bot token already in use (PID 32775). Stop the other gateway first.
ERROR gateway.run: Gateway exiting cleanly: discord: Discord bot token already in use (PID 32775). Stop the other gateway first.
[33m⚠ Deprecated .env settings detected:[0m
  [33m⚠[0m MESSAGING_CWD=~/Smith found in .env — this is deprecated.
  [2mMove to config.yaml instead:  terminal:\n    cwd: /your/project/path[0m
  [2mThen remove the old entries from /Users/Jeff/.hermes/profiles/smith/.env[0m

WARNING tools.mcp_tool: MCP server 'qmd' initial connection failed (attempt 1/3), retrying in 1s: unhandled errors in a TaskGroup (1 sub-exception)
WARNING tools.mcp_tool: MCP server 'qmd' initial connection failed (attempt 2/3), retrying in 2s: unhandled errors in a TaskGroup (1 sub-exception)
WARNING tools.mcp_tool: MCP server 'qmd' initial connection failed (attempt 3/3), retrying in 4s: unhandled errors in a TaskGroup (1 sub-exception)
WARNING tools.mcp_tool: MCP server 'qmd' failed initial connection after 3 attempts, giving up: unhandled errors in a TaskGroup (1 sub-exception)
WARNING tools.mcp_tool: Failed to connect to MCP server 'qmd' (command=qmd): Connection closed
ERROR gateway.platforms.base: [Discord] Discord bot token already in use (PID 32775). Stop the other gateway first.
WARNING gateway.run: ✗ discord failed to connect
ERROR gateway.run: Gateway hit a non-retryable startup conflict: discord: Discord bot token already in use (PID 32775). Stop the other gateway first.
ERROR gateway.run: Gateway exiting cleanly: discord: Discord bot token already in use (PID 32775). Stop the other gateway first.
[33m⚠ Deprecated .env settings detected:[0m
  [33m⚠[0m MESSAGING_CWD=~/Smith found in .env — this is deprecated.
  [2mMove to config.yaml instead:  terminal:\n    cwd: /your/project/path[0m
  [2mThen remove the old entries from /Users/Jeff/.hermes/profiles/smith/.env[0m

WARNING tools.mcp_tool: MCP server 'qmd' initial connection failed (attempt 1/3), retrying in 1s: unhandled errors in a TaskGroup (1 sub-exception)
WARNING tools.mcp_tool: MCP server 'qmd' initial connection failed (attempt 2/3), retrying in 2s: unhandled errors in a TaskGroup (1 sub-exception)
WARNING tools.mcp_tool: MCP server 'qmd' initial connection failed (attempt 3/3), retrying in 4s: unhandled errors in a TaskGroup (1 sub-exception)
WARNING tools.mcp_tool: MCP server 'qmd' failed initial connection after 3 attempts, giving up: unhandled errors in a TaskGroup (1 sub-exception)
WARNING tools.mcp_tool: Failed to connect to MCP server 'qmd' (command=qmd): Connection closed
ERROR gateway.platforms.base: [Discord] Discord bot token already in use (PID 32775). Stop the other gateway first.
WARNING gateway.run: ✗ discord failed to connect
ERROR gateway.run: Gateway hit a non-retryable startup conflict: discord: Discord bot token already in use (PID 32775). Stop the other gateway first.
ERROR gateway.run: Gateway exiting cleanly: discord: Discord bot token already in use (PID 32775). Stop the other gateway first.
[33m⚠ Deprecated .env settings detected:[0m
  [33m⚠[0m MESSAGING_CWD=~/Smith found in .env — this is deprecated.
  [2mMove to config.yaml instead:  terminal:\n    cwd: /your/project/path[0m
  [2mThen remove the old entries from /Users/Jeff/.hermes/profiles/smith/.env[0m

WARNING tools.mcp_tool: MCP server 'qmd' initial connection failed (attempt 1/3), retrying in 1s: unhandled errors in a TaskGroup (1 sub-exception)
WARNING tools.mcp_tool: MCP server 'qmd' initial connection failed (attempt 2/3), retrying in 2s: unhandled errors in a TaskGroup (1 sub-exception)
WARNING tools.mcp_tool: MCP server 'qmd' initial connection failed (attempt 3/3), retrying in 4s: unhandled errors in a TaskGroup (1 sub-exception)
WARNING tools.mcp_tool: MCP server 'qmd' failed initial connection after 3 attempts, giving up: unhandled errors in a TaskGroup (1 sub-exception)
WARNING tools.mcp_tool: Failed to connect to MCP server 'qmd' (command=qmd): Connection closed
ERROR gateway.platforms.base: [Discord] Discord bot token already in use (PID 32775). Stop the other gateway first.
WARNING gateway.run: ✗ discord failed to connect
ERROR gateway.run: Gateway hit a non-retryable startup conflict: discord: Discord bot token already in use (PID 32775). Stop the other gateway first.
ERROR gateway.run: Gateway exiting cleanly: discord: Discord bot token already in use (PID 32775). Stop the other gateway first.
[33m⚠ Deprecated .env settings detected:[0m
  [33m⚠[0m MESSAGING_CWD=~/Smith found in .env — this is deprecated.
  [2mMove to config.yaml instead:  terminal:\n    cwd: /your/project/path[0m
  [2mThen remove the old entries from /Users/Jeff/.hermes/profiles/smith/.env[0m

WARNING tools.mcp_tool: MCP server 'qmd' initial connection failed (attempt 1/3), retrying in 1s: unhandled errors in a TaskGroup (1 sub-exception)
WARNING tools.mcp_tool: MCP server 'qmd' initial connection failed (attempt 2/3), retrying in 2s: unhandled errors in a TaskGroup (1 sub-exception)
WARNING tools.mcp_tool: MCP server 'qmd' initial connection failed (attempt 3/3), retrying in 4s: unhandled errors in a TaskGroup (1 sub-exception)
WARNING tools.mcp_tool: MCP server 'qmd' failed initial connection after 3 attempts, giving up: unhandled errors in a TaskGroup (1 sub-exception)
WARNING tools.mcp_tool: Failed to connect to MCP server 'qmd' (command=qmd): Connection closed
ERROR gateway.platforms.base: [Discord] Discord bot token already in use (PID 32775). Stop the other gateway first.
WARNING gateway.run: ✗ discord failed to connect
ERROR gateway.run: Gateway hit a non-retryable startup conflict: discord: Discord bot token already in use (PID 32775). Stop the other gateway first.
ERROR gateway.run: Gateway exiting cleanly: discord: Discord bot token already in use (PID 32775). Stop the other gateway first.
[33m⚠ Deprecated .env settings detected:[0m
  [33m⚠[0m MESSAGING_CWD=~/Smith found in .env — this is deprecated.
  [2mMove to config.yaml instead:  terminal:\n    cwd: /your/project/path[0m
  [2mThen remove the old entries from /Users/Jeff/.hermes/profiles/smith/.env[0m

WARNING tools.mcp_tool: MCP server 'qmd' initial connection failed (attempt 1/3), retrying in 1s: unhandled errors in a TaskGroup (1 sub-exception)
WARNING tools.mcp_tool: MCP server 'qmd' initial connection failed (attempt 2/3), retrying in 2s: unhandled errors in a TaskGroup (1 sub-exception)
WARNING tools.mcp_tool: MCP server 'qmd' initial connection failed (attempt 3/3), retrying in 4s: unhandled errors in a TaskGroup (1 sub-exception)
WARNING tools.mcp_tool: MCP server 'qmd' failed initial connection after 3 attempts, giving up: unhandled errors in a TaskGroup (1 sub-exception)
WARNING tools.mcp_tool: Failed to connect to MCP server 'qmd' (command=qmd): Connection closed
ERROR gateway.platforms.base: [Discord] Discord bot token already in use (PID 32775). Stop the other gateway first.
WARNING gateway.run: ✗ discord failed to connect
ERROR gateway.run: Gateway hit a non-retryable startup conflict: discord: Discord bot token already in use (PID 32775). Stop the other gateway first.
ERROR gateway.run: Gateway exiting cleanly: discord: Discord bot token already in use (PID 32775). Stop the other gateway first.
[33m⚠ Deprecated .env settings detected:[0m
  [33m⚠[0m MESSAGING_CWD=~/Smith found in .env — this is deprecated.
  [2mMove to config.yaml instead:  terminal:\n    cwd: /your/project/path[0m
  [2mThen remove the old entries from /Users/Jeff/.hermes/profiles/smith/.env[0m

WARNING tools.mcp_tool: MCP server 'qmd' initial connection failed (attempt 1/3), retrying in 1s: unhandled errors in a TaskGroup (1 sub-exception)
WARNING tools.mcp_tool: MCP server 'qmd' initial connection failed (attempt 2/3), retrying in 2s: unhandled errors in a TaskGroup (1 sub-exception)
WARNING tools.mcp_tool: MCP server 'qmd' initial connection failed (attempt 3/3), retrying in 4s: unhandled errors in a TaskGroup (1 sub-exception)
WARNING tools.mcp_tool: MCP server 'qmd' failed initial connection after 3 attempts, giving up: unhandled errors in a TaskGroup (1 sub-exception)
WARNING tools.mcp_tool: Failed to connect to MCP server 'qmd' (command=qmd): Connection closed
ERROR gateway.platforms.base: [Discord] Discord bot token already in use (PID 32775). Stop the other gateway first.
WARNING gateway.run: ✗ discord failed to connect
ERROR gateway.run: Gateway hit a non-retryable startup conflict: discord: Discord bot token already in use (PID 32775). Stop the other gateway first.
ERROR gateway.run: Gateway exiting cleanly: discord: Discord bot token already in use (PID 32775). Stop the other gateway first.
[33m⚠ Deprecated .env settings detected:[0m
  [33m⚠[0m MESSAGING_CWD=~/Smith found in .env — this is deprecated.
  [2mMove to config.yaml instead:  terminal:\n    cwd: /your/project/path[0m
  [2mThen remove the old entries from /Users/Jeff/.hermes/profiles/smith/.env[0m

WARNING tools.mcp_tool: MCP server 'qmd' initial connection failed (attempt 1/3), retrying in 1s: unhandled errors in a TaskGroup (1 sub-exception)
WARNING tools.mcp_tool: MCP server 'qmd' initial connection failed (attempt 2/3), retrying in 2s: unhandled errors in a TaskGroup (1 sub-exception)
WARNING tools.mcp_tool: MCP server 'qmd' initial connection failed (attempt 3/3), retrying in 4s: unhandled errors in a TaskGroup (1 sub-exception)
WARNING tools.mcp_tool: MCP server 'qmd' failed initial connection after 3 attempts, giving up: unhandled errors in a TaskGroup (1 sub-exception)
WARNING tools.mcp_tool: Failed to connect to MCP server 'qmd' (command=qmd): Connection closed
ERROR gateway.platforms.base: [Discord] Discord bot token already in use (PID 32775). Stop the other gateway first.
WARNING gateway.run: ✗ discord failed to connect
ERROR gateway.run: Gateway hit a non-retryable startup conflict: discord: Discord bot token already in use (PID 32775). Stop the other gateway first.
ERROR gateway.run: Gateway exiting cleanly: discord: Discord bot token already in use (PID 32775). Stop the other gateway first.
[33m⚠ Deprecated .env settings detected:[0m
  [33m⚠[0m MESSAGING_CWD=~/Smith found in .env — this is deprecated.
  [2mMove to config.yaml instead:  terminal:\n    cwd: /your/project/path[0m
  [2mThen remove the old entries from /Users/Jeff/.hermes/profiles/smith/.env[0m

WARNING tools.mcp_tool: MCP server 'qmd' initial connection failed (attempt 1/3), retrying in 1s: unhandled errors in a TaskGroup (1 sub-exception)
WARNING tools.mcp_tool: MCP server 'qmd' initial connection failed (attempt 2/3), retrying in 2s: unhandled errors in a TaskGroup (1 sub-exception)
WARNING tools.mcp_tool: MCP server 'qmd' initial connection failed (attempt 3/3), retrying in 4s: unhandled errors in a TaskGroup (1 sub-exception)
WARNING tools.mcp_tool: MCP server 'qmd' failed initial connection after 3 attempts, giving up: unhandled errors in a TaskGroup (1 sub-exception)
WARNING tools.mcp_tool: Failed to connect to MCP server 'qmd' (command=qmd): Connection closed
ERROR gateway.platforms.base: [Discord] Discord bot token already in use (PID 32775). Stop the other gateway first.
WARNING gateway.run: ✗ discord failed to connect
ERROR gateway.run: Gateway hit a non-retryable startup conflict: discord: Discord bot token already in use (PID 32775). Stop the other gateway first.
ERROR gateway.run: Gateway exiting cleanly: discord: Discord bot token already in use (PID 32775). Stop the other gateway first.
[33m⚠ Deprecated .env settings detected:[0m
  [33m⚠[0m MESSAGING_CWD=~/Smith found in .env — this is deprecated.
  [2mMove to config.yaml instead:  terminal:\n    cwd: /your/project/path[0m
  [2mThen remove the old entries from /Users/Jeff/.hermes/profiles/smith/.env[0m

WARNING tools.mcp_tool: MCP server 'qmd' initial connection failed (attempt 1/3), retrying in 1s: unhandled errors in a TaskGroup (1 sub-exception)
WARNING tools.mcp_tool: MCP server 'qmd' initial connection failed (attempt 2/3), retrying in 2s: unhandled errors in a TaskGroup (1 sub-exception)
WARNING tools.mcp_tool: MCP server 'qmd' initial connection failed (attempt 3/3), retrying in 4s: unhandled errors in a TaskGroup (1 sub-exception)
WARNING tools.mcp_tool: MCP server 'qmd' failed initial connection after 3 attempts, giving up: unhandled errors in a TaskGroup (1 sub-exception)
WARNING tools.mcp_tool: Failed to connect to MCP server 'qmd' (command=qmd): Connection closed
ERROR gateway.platforms.base: [Discord] Discord bot token already in use (PID 32775). Stop the other gateway first.
WARNING gateway.run: ✗ discord failed to connect
ERROR gateway.run: Gateway hit a non-retryable startup conflict: discord: Discord bot token already in use (PID 32775). Stop the other gateway first.
ERROR gateway.run: Gateway exiting cleanly: discord: Discord bot token already in use (PID 32775). Stop the other gateway first.
[33m⚠ Deprecated .env settings detected:[0m
  [33m⚠[0m MESSAGING_CWD=~/Smith found in .env — this is deprecated.
  [2mMove to config.yaml instead:  terminal:\n    cwd: /your/project/path[0m
  [2mThen remove the old entries from /Users/Jeff/.hermes/profiles/smith/.env[0m

WARNING tools.mcp_tool: MCP server 'qmd' initial connection failed (attempt 1/3), retrying in 1s: unhandled errors in a TaskGroup (1 sub-exception)
WARNING tools.mcp_tool: MCP server 'qmd' initial connection failed (attempt 2/3), retrying in 2s: unhandled errors in a TaskGroup (1 sub-exception)
WARNING tools.mcp_tool: MCP server 'qmd' initial connection failed (attempt 3/3), retrying in 4s: unhandled errors in a TaskGroup (1 sub-exception)
WARNING tools.mcp_tool: MCP server 'qmd' failed initial connection after 3 attempts, giving up: unhandled errors in a TaskGroup (1 sub-exception)
WARNING tools.mcp_tool: Failed to connect to MCP server 'qmd' (command=qmd): Connection closed
ERROR gateway.platforms.base: [Discord] Discord bot token already in use (PID 32775). Stop the other gateway first.
WARNING gateway.run: ✗ discord failed to connect
ERROR gateway.run: Gateway hit a non-retryable startup conflict: discord: Discord bot token already in use (PID 32775). Stop the other gateway first.
ERROR gateway.run: Gateway exiting cleanly: discord: Discord bot token already in use (PID 32775). Stop the other gateway first.
[33m⚠ Deprecated .env settings detected:[0m
  [33m⚠[0m MESSAGING_CWD=~/Smith found in .env — this is deprecated.
  [2mMove to config.yaml instead:  terminal:\n    cwd: /your/project/path[0m
  [2mThen remove the old entries from /Users/Jeff/.hermes/profiles/smith/.env[0m

WARNING tools.mcp_tool: MCP server 'qmd' initial connection failed (attempt 1/3), retrying in 1s: unhandled errors in a TaskGroup (1 sub-exception)
WARNING tools.mcp_tool: MCP server 'qmd' initial connection failed (attempt 2/3), retrying in 2s: unhandled errors in a TaskGroup (1 sub-exception)
WARNING tools.mcp_tool: MCP server 'qmd' initial connection failed (attempt 3/3), retrying in 4s: unhandled errors in a TaskGroup (1 sub-exception)
WARNING tools.mcp_tool: MCP server 'qmd' failed initial connection after 3 attempts, giving up: unhandled errors in a TaskGroup (1 sub-exception)
WARNING tools.mcp_tool: Failed to connect to MCP server 'qmd' (command=qmd): Connection closed
ERROR gateway.platforms.base: [Discord] Discord bot token already in use (PID 32775). Stop the other gateway first.
WARNING gateway.run: ✗ discord failed to connect
ERROR gateway.run: Gateway hit a non-retryable startup conflict: discord: Discord bot token already in use (PID 32775). Stop the other gateway first.
ERROR gateway.run: Gateway exiting cleanly: discord: Discord bot token already in use (PID 32775). Stop the other gateway first.
[33m⚠ Deprecated .env settings detected:[0m
  [33m⚠[0m MESSAGING_CWD=~/Smith found in .env — this is deprecated.
  [2mMove to config.yaml instead:  terminal:\n    cwd: /your/project/path[0m
  [2mThen remove the old entries from /Users/Jeff/.hermes/profiles/smith/.env[0m

WARNING tools.mcp_tool: MCP server 'qmd' initial connection failed (attempt 1/3), retrying in 1s: unhandled errors in a TaskGroup (1 sub-exception)
WARNING tools.mcp_tool: MCP server 'qmd' initial connection failed (attempt 2/3), retrying in 2s: unhandled errors in a TaskGroup (1 sub-exception)
WARNING tools.mcp_tool: MCP server 'qmd' initial connection failed (attempt 3/3), retrying in 4s: unhandled errors in a TaskGroup (1 sub-exception)
WARNING tools.mcp_tool: MCP server 'qmd' failed initial connection after 3 attempts, giving up: unhandled errors in a TaskGroup (1 sub-exception)
WARNING tools.mcp_tool: Failed to connect to MCP server 'qmd' (command=qmd): Connection closed
ERROR gateway.platforms.base: [Discord] Discord bot token already in use (PID 32775). Stop the other gateway first.
WARNING gateway.run: ✗ discord failed to connect
ERROR gateway.run: Gateway hit a non-retryable startup conflict: discord: Discord bot token already in use (PID 32775). Stop the other gateway first.
ERROR gateway.run: Gateway exiting cleanly: discord: Discord bot token already in use (PID 32775). Stop the other gateway first.
[33m⚠ Deprecated .env settings detected:[0m
  [33m⚠[0m MESSAGING_CWD=~/Smith found in .env — this is deprecated.
  [2mMove to config.yaml instead:  terminal:\n    cwd: /your/project/path[0m
  [2mThen remove the old entries from /Users/Jeff/.hermes/profiles/smith/.env[0m

WARNING tools.mcp_tool: MCP server 'qmd' initial connection failed (attempt 1/3), retrying in 1s: unhandled errors in a TaskGroup (1 sub-exception)
WARNING tools.mcp_tool: MCP server 'qmd' initial connection failed (attempt 2/3), retrying in 2s: unhandled errors in a TaskGroup (1 sub-exception)
WARNING tools.mcp_tool: MCP server 'qmd' initial connection failed (attempt 3/3), retrying in 4s: unhandled errors in a TaskGroup (1 sub-exception)
WARNING tools.mcp_tool: MCP server 'qmd' failed initial connection after 3 attempts, giving up: unhandled errors in a TaskGroup (1 sub-exception)
WARNING tools.mcp_tool: Failed to connect to MCP server 'qmd' (command=qmd): Connection closed
ERROR gateway.platforms.base: [Discord] Discord bot token already in use (PID 32775). Stop the other gateway first.
WARNING gateway.run: ✗ discord failed to connect
ERROR gateway.run: Gateway hit a non-retryable startup conflict: discord: Discord bot token already in use (PID 32775). Stop the other gateway first.
ERROR gateway.run: Gateway exiting cleanly: discord: Discord bot token already in use (PID 32775). Stop the other gateway first.
[33m⚠ Deprecated .env settings detected:[0m
  [33m⚠[0m MESSAGING_CWD=~/Smith found in .env — this is deprecated.
  [2mMove to config.yaml instead:  terminal:\n    cwd: /your/project/path[0m
  [2mThen remove the old entries from /Users/Jeff/.hermes/profiles/smith/.env[0m

WARNING tools.mcp_tool: MCP server 'qmd' initial connection failed (attempt 1/3), retrying in 1s: unhandled errors in a TaskGroup (1 sub-exception)
WARNING tools.mcp_tool: MCP server 'qmd' initial connection failed (attempt 2/3), retrying in 2s: unhandled errors in a TaskGroup (1 sub-exception)
WARNING tools.mcp_tool: MCP server 'qmd' initial connection failed (attempt 3/3), retrying in 4s: unhandled errors in a TaskGroup (1 sub-exception)
WARNING tools.mcp_tool: MCP server 'qmd' failed initial connection after 3 attempts, giving up: unhandled errors in a TaskGroup (1 sub-exception)
WARNING tools.mcp_tool: Failed to connect to MCP server 'qmd' (command=qmd): Connection closed
ERROR gateway.platforms.base: [Discord] Discord bot token already in use (PID 32775). Stop the other gateway first.
WARNING gateway.run: ✗ discord failed to connect
ERROR gateway.run: Gateway hit a non-retryable startup conflict: discord: Discord bot token already in use (PID 32775). Stop the other gateway first.
ERROR gateway.run: Gateway exiting cleanly: discord: Discord bot token already in use (PID 32775). Stop the other gateway first.
[33m⚠ Deprecated .env settings detected:[0m
  [33m⚠[0m MESSAGING_CWD=~/Smith found in .env — this is deprecated.
  [2mMove to config.yaml instead:  terminal:\n    cwd: /your/project/path[0m
  [2mThen remove the old entries from /Users/Jeff/.hermes/profiles/smith/.env[0m

WARNING tools.mcp_tool: MCP server 'qmd' initial connection failed (attempt 1/3), retrying in 1s: unhandled errors in a TaskGroup (1 sub-exception)
WARNING tools.mcp_tool: MCP server 'qmd' initial connection failed (attempt 2/3), retrying in 2s: unhandled errors in a TaskGroup (1 sub-exception)
WARNING tools.mcp_tool: MCP server 'qmd' initial connection failed (attempt 3/3), retrying in 4s: unhandled errors in a TaskGroup (1 sub-exception)
WARNING tools.mcp_tool: MCP server 'qmd' failed initial connection after 3 attempts, giving up: unhandled errors in a TaskGroup (1 sub-exception)
WARNING tools.mcp_tool: Failed to connect to MCP server 'qmd' (command=qmd): Connection closed
ERROR gateway.platforms.base: [Discord] Discord bot token already in use (PID 32775). Stop the other gateway first.
WARNING gateway.run: ✗ discord failed to connect
ERROR gateway.run: Gateway hit a non-retryable startup conflict: discord: Discord bot token already in use (PID 32775). Stop the other gateway first.
ERROR gateway.run: Gateway exiting cleanly: discord: Discord bot token already in use (PID 32775). Stop the other gateway first.
[33m⚠ Deprecated .env settings detected:[0m
  [33m⚠[0m MESSAGING_CWD=~/Smith found in .env — this is deprecated.
  [2mMove to config.yaml instead:  terminal:\n    cwd: /your/project/path[0m
  [2mThen remove the old entries from /Users/Jeff/.hermes/profiles/smith/.env[0m

WARNING tools.mcp_tool: MCP server 'qmd' initial connection failed (attempt 1/3), retrying in 1s: unhandled errors in a TaskGroup (1 sub-exception)
WARNING tools.mcp_tool: MCP server 'qmd' initial connection failed (attempt 2/3), retrying in 2s: unhandled errors in a TaskGroup (1 sub-exception)
WARNING tools.mcp_tool: MCP server 'qmd' initial connection failed (attempt 3/3), retrying in 4s: unhandled errors in a TaskGroup (1 sub-exception)
WARNING tools.mcp_tool: MCP server 'qmd' failed initial connection after 3 attempts, giving up: unhandled errors in a TaskGroup (1 sub-exception)
WARNING tools.mcp_tool: Failed to connect to MCP server 'qmd' (command=qmd): Connection closed
ERROR gateway.platforms.base: [Discord] Discord bot token already in use (PID 32775). Stop the other gateway first.
WARNING gateway.run: ✗ discord failed to connect
ERROR gateway.run: Gateway hit a non-retryable startup conflict: discord: Discord bot token already in use (PID 32775). Stop the other gateway first.
ERROR gateway.run: Gateway exiting cleanly: discord: Discord bot token already in use (PID 32775). Stop the other gateway first.
[33m⚠ Deprecated .env settings detected:[0m
  [33m⚠[0m MESSAGING_CWD=~/Smith found in .env — this is deprecated.
  [2mMove to config.yaml instead:  terminal:\n    cwd: /your/project/path[0m
  [2mThen remove the old entries from /Users/Jeff/.hermes/profiles/smith/.env[0m

WARNING tools.mcp_tool: MCP server 'qmd' initial connection failed (attempt 1/3), retrying in 1s: unhandled errors in a TaskGroup (1 sub-exception)
WARNING tools.mcp_tool: MCP server 'qmd' initial connection failed (attempt 2/3), retrying in 2s: unhandled errors in a TaskGroup (1 sub-exception)
WARNING tools.mcp_tool: MCP server 'qmd' initial connection failed (attempt 3/3), retrying in 4s: unhandled errors in a TaskGroup (1 sub-exception)
WARNING tools.mcp_tool: MCP server 'qmd' failed initial connection after 3 attempts, giving up: unhandled errors in a TaskGroup (1 sub-exception)
WARNING tools.mcp_tool: Failed to connect to MCP server 'qmd' (command=qmd): Connection closed
ERROR gateway.platforms.base: [Discord] Discord bot token already in use (PID 32775). Stop the other gateway first.
WARNING gateway.run: ✗ discord failed to connect
ERROR gateway.run: Gateway hit a non-retryable startup conflict: discord: Discord bot token already in use (PID 32775). Stop the other gateway first.
ERROR gateway.run: Gateway exiting cleanly: discord: Discord bot token already in use (PID 32775). Stop the other gateway first.
[33m⚠ Deprecated .env settings detected:[0m
  [33m⚠[0m MESSAGING_CWD=~/Smith found in .env — this is deprecated.
  [2mMove to config.yaml instead:  terminal:\n    cwd: /your/project/path[0m
  [2mThen remove the old entries from /Users/Jeff/.hermes/profiles/smith/.env[0m

WARNING tools.mcp_tool: MCP server 'qmd' initial connection failed (attempt 1/3), retrying in 1s: unhandled errors in a TaskGroup (1 sub-exception)
WARNING tools.mcp_tool: MCP server 'qmd' initial connection failed (attempt 2/3), retrying in 2s: unhandled errors in a TaskGroup (1 sub-exception)
WARNING tools.mcp_tool: MCP server 'qmd' initial connection failed (attempt 3/3), retrying in 4s: unhandled errors in a TaskGroup (1 sub-exception)
WARNING tools.mcp_tool: MCP server 'qmd' failed initial connection after 3 attempts, giving up: unhandled errors in a TaskGroup (1 sub-exception)
WARNING tools.mcp_tool: Failed to connect to MCP server 'qmd' (command=qmd): Connection closed
ERROR gateway.platforms.base: [Discord] Discord bot token already in use (PID 32775). Stop the other gateway first.
WARNING gateway.run: ✗ discord failed to connect
ERROR gateway.run: Gateway hit a non-retryable startup conflict: discord: Discord bot token already in use (PID 32775). Stop the other gateway first.
ERROR gateway.run: Gateway exiting cleanly: discord: Discord bot token already in use (PID 32775). Stop the other gateway first.
[33m⚠ Deprecated .env settings detected:[0m
  [33m⚠[0m MESSAGING_CWD=~/Smith found in .env — this is deprecated.
  [2mMove to config.yaml instead:  terminal:\n    cwd: /your/project/path[0m
  [2mThen remove the old entries from /Users/Jeff/.hermes/profiles/smith/.env[0m

WARNING tools.mcp_tool: MCP server 'qmd' initial connection failed (attempt 1/3), retrying in 1s: unhandled errors in a TaskGroup (1 sub-exception)
WARNING tools.mcp_tool: MCP server 'qmd' initial connection failed (attempt 2/3), retrying in 2s: unhandled errors in a TaskGroup (1 sub-exception)
WARNING tools.mcp_tool: MCP server 'qmd' initial connection failed (attempt 3/3), retrying in 4s: unhandled errors in a TaskGroup (1 sub-exception)
WARNING tools.mcp_tool: MCP server 'qmd' failed initial connection after 3 attempts, giving up: unhandled errors in a TaskGroup (1 sub-exception)
WARNING tools.mcp_tool: Failed to connect to MCP server 'qmd' (command=qmd): Connection closed
ERROR gateway.platforms.base: [Discord] Discord bot token already in use (PID 32775). Stop the other gateway first.
WARNING gateway.run: ✗ discord failed to connect
ERROR gateway.run: Gateway hit a non-retryable startup conflict: discord: Discord bot token already in use (PID 32775). Stop the other gateway first.
ERROR gateway.run: Gateway exiting cleanly: discord: Discord bot token already in use (PID 32775). Stop the other gateway first.
[33m⚠ Deprecated .env settings detected:[0m
  [33m⚠[0m MESSAGING_CWD=~/Smith found in .env — this is deprecated.
  [2mMove to config.yaml instead:  terminal:\n    cwd: /your/project/path[0m
  [2mThen remove the old entries from /Users/Jeff/.hermes/profiles/smith/.env[0m

WARNING tools.mcp_tool: MCP server 'qmd' initial connection failed (attempt 1/3), retrying in 1s: unhandled errors in a TaskGroup (1 sub-exception)
WARNING tools.mcp_tool: MCP server 'qmd' initial connection failed (attempt 2/3), retrying in 2s: unhandled errors in a TaskGroup (1 sub-exception)
WARNING tools.mcp_tool: MCP server 'qmd' initial connection failed (attempt 3/3), retrying in 4s: unhandled errors in a TaskGroup (1 sub-exception)
WARNING tools.mcp_tool: MCP server 'qmd' failed initial connection after 3 attempts, giving up: unhandled errors in a TaskGroup (1 sub-exception)
WARNING tools.mcp_tool: Failed to connect to MCP server 'qmd' (command=qmd): Connection closed
ERROR gateway.platforms.base: [Discord] Discord bot token already in use (PID 32775). Stop the other gateway first.
WARNING gateway.run: ✗ discord failed to connect
ERROR gateway.run: Gateway hit a non-retryable startup conflict: discord: Discord bot token already in use (PID 32775). Stop the other gateway first.
ERROR gateway.run: Gateway exiting cleanly: discord: Discord bot token already in use (PID 32775). Stop the other gateway first.
[33m⚠ Deprecated .env settings detected:[0m
  [33m⚠[0m MESSAGING_CWD=~/Smith found in .env — this is deprecated.
  [2mMove to config.yaml instead:  terminal:\n    cwd: /your/project/path[0m
  [2mThen remove the old entries from /Users/Jeff/.hermes/profiles/smith/.env[0m

WARNING tools.mcp_tool: MCP server 'qmd' initial connection failed (attempt 1/3), retrying in 1s: unhandled errors in a TaskGroup (1 sub-exception)
WARNING tools.mcp_tool: MCP server 'qmd' initial connection failed (attempt 2/3), retrying in 2s: unhandled errors in a TaskGroup (1 sub-exception)
WARNING tools.mcp_tool: MCP server 'qmd' initial connection failed (attempt 3/3), retrying in 4s: unhandled errors in a TaskGroup (1 sub-exception)
WARNING tools.mcp_tool: MCP server 'qmd' failed initial connection after 3 attempts, giving up: unhandled errors in a TaskGroup (1 sub-exception)
WARNING tools.mcp_tool: Failed to connect to MCP server 'qmd' (command=qmd): Connection closed
ERROR gateway.platforms.base: [Discord] Discord bot token already in use (PID 32775). Stop the other gateway first.
WARNING gateway.run: ✗ discord failed to connect
ERROR gateway.run: Gateway hit a non-retryable startup conflict: discord: Discord bot token already in use (PID 32775). Stop the other gateway first.
ERROR gateway.run: Gateway exiting cleanly: discord: Discord bot token already in use (PID 32775). Stop the other gateway first.
[33m⚠ Deprecated .env settings detected:[0m
  [33m⚠[0m MESSAGING_CWD=~/Smith found in .env — this is deprecated.
  [2mMove to config.yaml instead:  terminal:\n    cwd: /your/project/path[0m
  [2mThen remove the old entries from /Users/Jeff/.hermes/profiles/smith/.env[0m

WARNING tools.mcp_tool: MCP server 'qmd' initial connection failed (attempt 1/3), retrying in 1s: unhandled errors in a TaskGroup (1 sub-exception)
WARNING tools.mcp_tool: MCP server 'qmd' initial connection failed (attempt 2/3), retrying in 2s: unhandled errors in a TaskGroup (1 sub-exception)
WARNING tools.mcp_tool: MCP server 'qmd' initial connection failed (attempt 3/3), retrying in 4s: unhandled errors in a TaskGroup (1 sub-exception)
WARNING tools.mcp_tool: MCP server 'qmd' failed initial connection after 3 attempts, giving up: unhandled errors in a TaskGroup (1 sub-exception)
WARNING tools.mcp_tool: Failed to connect to MCP server 'qmd' (command=qmd): Connection closed
ERROR gateway.platforms.base: [Discord] Discord bot token already in use (PID 32775). Stop the other gateway first.
WARNING gateway.run: ✗ discord failed to connect
ERROR gateway.run: Gateway hit a non-retryable startup conflict: discord: Discord bot token already in use (PID 32775). Stop the other gateway first.
ERROR gateway.run: Gateway exiting cleanly: discord: Discord bot token already in use (PID 32775). Stop the other gateway first.
[33m⚠ Deprecated .env settings detected:[0m
  [33m⚠[0m MESSAGING_CWD=~/Smith found in .env — this is deprecated.
  [2mMove to config.yaml instead:  terminal:\n    cwd: /your/project/path[0m
  [2mThen remove the old entries from /Users/Jeff/.hermes/profiles/smith/.env[0m

WARNING tools.mcp_tool: MCP server 'qmd' initial connection failed (attempt 1/3), retrying in 1s: unhandled errors in a TaskGroup (1 sub-exception)
WARNING tools.mcp_tool: MCP server 'qmd' initial connection failed (attempt 2/3), retrying in 2s: unhandled errors in a TaskGroup (1 sub-exception)
WARNING tools.mcp_tool: MCP server 'qmd' initial connection failed (attempt 3/3), retrying in 4s: unhandled errors in a TaskGroup (1 sub-exception)
WARNING tools.mcp_tool: MCP server 'qmd' failed initial connection after 3 attempts, giving up: unhandled errors in a TaskGroup (1 sub-exception)
WARNING tools.mcp_tool: Failed to connect to MCP server 'qmd' (command=qmd): Connection closed
ERROR gateway.platforms.base: [Discord] Discord bot token already in use (PID 32775). Stop the other gateway first.
WARNING gateway.run: ✗ discord failed to connect
ERROR gateway.run: Gateway hit a non-retryable startup conflict: discord: Discord bot token already in use (PID 32775). Stop the other gateway first.
ERROR gateway.run: Gateway exiting cleanly: discord: Discord bot token already in use (PID 32775). Stop the other gateway first.
[33m⚠ Deprecated .env settings detected:[0m
  [33m⚠[0m MESSAGING_CWD=~/Smith found in .env — this is deprecated.
  [2mMove to config.yaml instead:  terminal:\n    cwd: /your/project/path[0m
  [2mThen remove the old entries from /Users/Jeff/.hermes/profiles/smith/.env[0m

WARNING tools.mcp_tool: MCP server 'qmd' initial connection failed (attempt 1/3), retrying in 1s: unhandled errors in a TaskGroup (1 sub-exception)
WARNING tools.mcp_tool: MCP server 'qmd' initial connection failed (attempt 2/3), retrying in 2s: unhandled errors in a TaskGroup (1 sub-exception)
WARNING tools.mcp_tool: MCP server 'qmd' initial connection failed (attempt 3/3), retrying in 4s: unhandled errors in a TaskGroup (1 sub-exception)
WARNING tools.mcp_tool: MCP server 'qmd' failed initial connection after 3 attempts, giving up: unhandled errors in a TaskGroup (1 sub-exception)
WARNING tools.mcp_tool: Failed to connect to MCP server 'qmd' (command=qmd): Connection closed
ERROR gateway.platforms.base: [Discord] Discord bot token already in use (PID 32775). Stop the other gateway first.
WARNING gateway.run: ✗ discord failed to connect
ERROR gateway.run: Gateway hit a non-retryable startup conflict: discord: Discord bot token already in use (PID 32775). Stop the other gateway first.
ERROR gateway.run: Gateway exiting cleanly: discord: Discord bot token already in use (PID 32775). Stop the other gateway first.
[33m⚠ Deprecated .env settings detected:[0m
  [33m⚠[0m MESSAGING_CWD=~/Smith found in .env — this is deprecated.
  [2mMove to config.yaml instead:  terminal:\n    cwd: /your/project/path[0m
  [2mThen remove the old entries from /Users/Jeff/.hermes/profiles/smith/.env[0m

WARNING tools.mcp_tool: MCP server 'qmd' initial connection failed (attempt 1/3), retrying in 1s: unhandled errors in a TaskGroup (1 sub-exception)
WARNING tools.mcp_tool: MCP server 'qmd' initial connection failed (attempt 2/3), retrying in 2s: unhandled errors in a TaskGroup (1 sub-exception)
WARNING tools.mcp_tool: MCP server 'qmd' initial connection failed (attempt 3/3), retrying in 4s: unhandled errors in a TaskGroup (1 sub-exception)
WARNING tools.mcp_tool: MCP server 'qmd' failed initial connection after 3 attempts, giving up: unhandled errors in a TaskGroup (1 sub-exception)
WARNING tools.mcp_tool: Failed to connect to MCP server 'qmd' (command=qmd): Connection closed
ERROR gateway.platforms.base: [Discord] Discord bot token already in use (PID 32775). Stop the other gateway first.
WARNING gateway.run: ✗ discord failed to connect
ERROR gateway.run: Gateway hit a non-retryable startup conflict: discord: Discord bot token already in use (PID 32775). Stop the other gateway first.
ERROR gateway.run: Gateway exiting cleanly: discord: Discord bot token already in use (PID 32775). Stop the other gateway first.
[33m⚠ Deprecated .env settings detected:[0m
  [33m⚠[0m MESSAGING_CWD=~/Smith found in .env — this is deprecated.
  [2mMove to config.yaml instead:  terminal:\n    cwd: /your/project/path[0m
  [2mThen remove the old entries from /Users/Jeff/.hermes/profiles/smith/.env[0m

WARNING tools.mcp_tool: MCP server 'qmd' initial connection failed (attempt 1/3), retrying in 1s: unhandled errors in a TaskGroup (1 sub-exception)
WARNING tools.mcp_tool: MCP server 'qmd' initial connection failed (attempt 2/3), retrying in 2s: unhandled errors in a TaskGroup (1 sub-exception)
WARNING tools.mcp_tool: MCP server 'qmd' initial connection failed (attempt 3/3), retrying in 4s: unhandled errors in a TaskGroup (1 sub-exception)
WARNING tools.mcp_tool: MCP server 'qmd' failed initial connection after 3 attempts, giving up: unhandled errors in a TaskGroup (1 sub-exception)
WARNING tools.mcp_tool: Failed to connect to MCP server 'qmd' (command=qmd): Connection closed
ERROR gateway.platforms.base: [Discord] Discord bot token already in use (PID 32775). Stop the other gateway first.
WARNING gateway.run: ✗ discord failed to connect
ERROR gateway.run: Gateway hit a non-retryable startup conflict: discord: Discord bot token already in use (PID 32775). Stop the other gateway first.
ERROR gateway.run: Gateway exiting cleanly: discord: Discord bot token already in use (PID 32775). Stop the other gateway first.
[33m⚠ Deprecated .env settings detected:[0m
  [33m⚠[0m MESSAGING_CWD=~/Smith found in .env — this is deprecated.
  [2mMove to config.yaml instead:  terminal:\n    cwd: /your/project/path[0m
  [2mThen remove the old entries from /Users/Jeff/.hermes/profiles/smith/.env[0m

WARNING tools.mcp_tool: MCP server 'qmd' initial connection failed (attempt 1/3), retrying in 1s: unhandled errors in a TaskGroup (1 sub-exception)
WARNING tools.mcp_tool: MCP server 'qmd' initial connection failed (attempt 2/3), retrying in 2s: unhandled errors in a TaskGroup (1 sub-exception)
WARNING tools.mcp_tool: MCP server 'qmd' initial connection failed (attempt 3/3), retrying in 4s: unhandled errors in a TaskGroup (1 sub-exception)
WARNING tools.mcp_tool: MCP server 'qmd' failed initial connection after 3 attempts, giving up: unhandled errors in a TaskGroup (1 sub-exception)
WARNING tools.mcp_tool: Failed to connect to MCP server 'qmd' (command=qmd): Connection closed
ERROR gateway.platforms.base: [Discord] Discord bot token already in use (PID 32775). Stop the other gateway first.
WARNING gateway.run: ✗ discord failed to connect
ERROR gateway.run: Gateway hit a non-retryable startup conflict: discord: Discord bot token already in use (PID 32775). Stop the other gateway first.
ERROR gateway.run: Gateway exiting cleanly: discord: Discord bot token already in use (PID 32775). Stop the other gateway first.
[33m⚠ Deprecated .env settings detected:[0m
  [33m⚠[0m MESSAGING_CWD=~/Smith found in .env — this is deprecated.
  [2mMove to config.yaml instead:  terminal:\n    cwd: /your/project/path[0m
  [2mThen remove the old entries from /Users/Jeff/.hermes/profiles/smith/.env[0m

WARNING tools.mcp_tool: MCP server 'qmd' initial connection failed (attempt 1/3), retrying in 1s: unhandled errors in a TaskGroup (1 sub-exception)
WARNING tools.mcp_tool: MCP server 'qmd' initial connection failed (attempt 2/3), retrying in 2s: unhandled errors in a TaskGroup (1 sub-exception)
WARNING tools.mcp_tool: MCP server 'qmd' initial connection failed (attempt 3/3), retrying in 4s: unhandled errors in a TaskGroup (1 sub-exception)
WARNING tools.mcp_tool: MCP server 'qmd' failed initial connection after 3 attempts, giving up: unhandled errors in a TaskGroup (1 sub-exception)
WARNING tools.mcp_tool: Failed to connect to MCP server 'qmd' (command=qmd): Connection closed
ERROR gateway.platforms.base: [Discord] Discord bot token already in use (PID 32775). Stop the other gateway first.
WARNING gateway.run: ✗ discord failed to connect
ERROR gateway.run: Gateway hit a non-retryable startup conflict: discord: Discord bot token already in use (PID 32775). Stop the other gateway first.
ERROR gateway.run: Gateway exiting cleanly: discord: Discord bot token already in use (PID 32775). Stop the other gateway first.
[33m⚠ Deprecated .env settings detected:[0m
  [33m⚠[0m MESSAGING_CWD=~/Smith found in .env — this is deprecated.
  [2mMove to config.yaml instead:  terminal:\n    cwd: /your/project/path[0m
  [2mThen remove the old entries from /Users/Jeff/.hermes/profiles/smith/.env[0m

WARNING tools.mcp_tool: MCP server 'qmd' initial connection failed (attempt 1/3), retrying in 1s: unhandled errors in a TaskGroup (1 sub-exception)
WARNING tools.mcp_tool: MCP server 'qmd' initial connection failed (attempt 2/3), retrying in 2s: unhandled errors in a TaskGroup (1 sub-exception)
WARNING tools.mcp_tool: MCP server 'qmd' initial connection failed (attempt 3/3), retrying in 4s: unhandled errors in a TaskGroup (1 sub-exception)
WARNING tools.mcp_tool: MCP server 'qmd' failed initial connection after 3 attempts, giving up: unhandled errors in a TaskGroup (1 sub-exception)
WARNING tools.mcp_tool: Failed to connect to MCP server 'qmd' (command=qmd): Connection closed
ERROR gateway.platforms.base: [Discord] Discord bot token already in use (PID 32775). Stop the other gateway first.
WARNING gateway.run: ✗ discord failed to connect
ERROR gateway.run: Gateway hit a non-retryable startup conflict: discord: Discord bot token already in use (PID 32775). Stop the other gateway first.
ERROR gateway.run: Gateway exiting cleanly: discord: Discord bot token already in use (PID 32775). Stop the other gateway first.
[33m⚠ Deprecated .env settings detected:[0m
  [33m⚠[0m MESSAGING_CWD=~/Smith found in .env — this is deprecated.
  [2mMove to config.yaml instead:  terminal:\n    cwd: /your/project/path[0m
  [2mThen remove the old entries from /Users/Jeff/.hermes/profiles/smith/.env[0m

WARNING tools.mcp_tool: MCP server 'qmd' initial connection failed (attempt 1/3), retrying in 1s: unhandled errors in a TaskGroup (1 sub-exception)
WARNING tools.mcp_tool: MCP server 'qmd' initial connection failed (attempt 2/3), retrying in 2s: unhandled errors in a TaskGroup (1 sub-exception)
WARNING tools.mcp_tool: MCP server 'qmd' initial connection failed (attempt 3/3), retrying in 4s: unhandled errors in a TaskGroup (1 sub-exception)
WARNING tools.mcp_tool: MCP server 'qmd' failed initial connection after 3 attempts, giving up: unhandled errors in a TaskGroup (1 sub-exception)
WARNING tools.mcp_tool: Failed to connect to MCP server 'qmd' (command=qmd): Connection closed
ERROR gateway.platforms.base: [Discord] Discord bot token already in use (PID 32775). Stop the other gateway first.
WARNING gateway.run: ✗ discord failed to connect
ERROR gateway.run: Gateway hit a non-retryable startup conflict: discord: Discord bot token already in use (PID 32775). Stop the other gateway first.
ERROR gateway.run: Gateway exiting cleanly: discord: Discord bot token already in use (PID 32775). Stop the other gateway first.
[33m⚠ Deprecated .env settings detected:[0m
  [33m⚠[0m MESSAGING_CWD=~/Smith found in .env — this is deprecated.
  [2mMove to config.yaml instead:  terminal:\n    cwd: /your/project/path[0m
  [2mThen remove the old entries from /Users/Jeff/.hermes/profiles/smith/.env[0m

WARNING tools.mcp_tool: MCP server 'qmd' initial connection failed (attempt 1/3), retrying in 1s: unhandled errors in a TaskGroup (1 sub-exception)
WARNING tools.mcp_tool: MCP server 'qmd' initial connection failed (attempt 2/3), retrying in 2s: unhandled errors in a TaskGroup (1 sub-exception)
WARNING tools.mcp_tool: MCP server 'qmd' initial connection failed (attempt 3/3), retrying in 4s: unhandled errors in a TaskGroup (1 sub-exception)
WARNING tools.mcp_tool: MCP server 'qmd' failed initial connection after 3 attempts, giving up: unhandled errors in a TaskGroup (1 sub-exception)
WARNING tools.mcp_tool: Failed to connect to MCP server 'qmd' (command=qmd): Connection closed
ERROR gateway.platforms.base: [Discord] Discord bot token already in use (PID 32775). Stop the other gateway first.
WARNING gateway.run: ✗ discord failed to connect
ERROR gateway.run: Gateway hit a non-retryable startup conflict: discord: Discord bot token already in use (PID 32775). Stop the other gateway first.
ERROR gateway.run: Gateway exiting cleanly: discord: Discord bot token already in use (PID 32775). Stop the other gateway first.
[33m⚠ Deprecated .env settings detected:[0m
  [33m⚠[0m MESSAGING_CWD=~/Smith found in .env — this is deprecated.
  [2mMove to config.yaml instead:  terminal:\n    cwd: /your/project/path[0m
  [2mThen remove the old entries from /Users/Jeff/.hermes/profiles/smith/.env[0m

WARNING tools.mcp_tool: MCP server 'qmd' initial connection failed (attempt 1/3), retrying in 1s: unhandled errors in a TaskGroup (1 sub-exception)
WARNING tools.mcp_tool: MCP server 'qmd' initial connection failed (attempt 2/3), retrying in 2s: unhandled errors in a TaskGroup (1 sub-exception)
WARNING tools.mcp_tool: MCP server 'qmd' initial connection failed (attempt 3/3), retrying in 4s: unhandled errors in a TaskGroup (1 sub-exception)
WARNING tools.mcp_tool: MCP server 'qmd' failed initial connection after 3 attempts, giving up: unhandled errors in a TaskGroup (1 sub-exception)
WARNING tools.mcp_tool: Failed to connect to MCP server 'qmd' (command=qmd): Connection closed
ERROR gateway.platforms.base: [Discord] Discord bot token already in use (PID 32775). Stop the other gateway first.
WARNING gateway.run: ✗ discord failed to connect
ERROR gateway.run: Gateway hit a non-retryable startup conflict: discord: Discord bot token already in use (PID 32775). Stop the other gateway first.
ERROR gateway.run: Gateway exiting cleanly: discord: Discord bot token already in use (PID 32775). Stop the other gateway first.
[33m⚠ Deprecated .env settings detected:[0m
  [33m⚠[0m MESSAGING_CWD=~/Smith found in .env — this is deprecated.
  [2mMove to config.yaml instead:  terminal:\n    cwd: /your/project/path[0m
  [2mThen remove the old entries from /Users/Jeff/.hermes/profiles/smith/.env[0m

WARNING tools.mcp_tool: MCP server 'qmd' initial connection failed (attempt 1/3), retrying in 1s: unhandled errors in a TaskGroup (1 sub-exception)
WARNING tools.mcp_tool: MCP server 'qmd' initial connection failed (attempt 2/3), retrying in 2s: unhandled errors in a TaskGroup (1 sub-exception)
WARNING tools.mcp_tool: MCP server 'qmd' initial connection failed (attempt 3/3), retrying in 4s: unhandled errors in a TaskGroup (1 sub-exception)
WARNING tools.mcp_tool: MCP server 'qmd' failed initial connection after 3 attempts, giving up: unhandled errors in a TaskGroup (1 sub-exception)
WARNING tools.mcp_tool: Failed to connect to MCP server 'qmd' (command=qmd): Connection closed
ERROR gateway.platforms.base: [Discord] Discord bot token already in use (PID 32775). Stop the other gateway first.
WARNING gateway.run: ✗ discord failed to connect
ERROR gateway.run: Gateway hit a non-retryable startup conflict: discord: Discord bot token already in use (PID 32775). Stop the other gateway first.
ERROR gateway.run: Gateway exiting cleanly: discord: Discord bot token already in use (PID 32775). Stop the other gateway first.
[33m⚠ Deprecated .env settings detected:[0m
  [33m⚠[0m MESSAGING_CWD=~/Smith found in .env — this is deprecated.
  [2mMove to config.yaml instead:  terminal:\n    cwd: /your/project/path[0m
  [2mThen remove the old entries from /Users/Jeff/.hermes/profiles/smith/.env[0m

WARNING tools.mcp_tool: MCP server 'qmd' initial connection failed (attempt 1/3), retrying in 1s: unhandled errors in a TaskGroup (1 sub-exception)
WARNING tools.mcp_tool: MCP server 'qmd' initial connection failed (attempt 2/3), retrying in 2s: unhandled errors in a TaskGroup (1 sub-exception)
WARNING tools.mcp_tool: MCP server 'qmd' initial connection failed (attempt 3/3), retrying in 4s: unhandled errors in a TaskGroup (1 sub-exception)
WARNING tools.mcp_tool: MCP server 'qmd' failed initial connection after 3 attempts, giving up: unhandled errors in a TaskGroup (1 sub-exception)
WARNING tools.mcp_tool: Failed to connect to MCP server 'qmd' (command=qmd): Connection closed
ERROR gateway.platforms.base: [Discord] Discord bot token already in use (PID 32775). Stop the other gateway first.
WARNING gateway.run: ✗ discord failed to connect
ERROR gateway.run: Gateway hit a non-retryable startup conflict: discord: Discord bot token already in use (PID 32775). Stop the other gateway first.
ERROR gateway.run: Gateway exiting cleanly: discord: Discord bot token already in use (PID 32775). Stop the other gateway first.
[33m⚠ Deprecated .env settings detected:[0m
  [33m⚠[0m MESSAGING_CWD=~/Smith found in .env — this is deprecated.
  [2mMove to config.yaml instead:  terminal:\n    cwd: /your/project/path[0m
  [2mThen remove the old entries from /Users/Jeff/.hermes/profiles/smith/.env[0m

WARNING tools.mcp_tool: MCP server 'qmd' initial connection failed (attempt 1/3), retrying in 1s: unhandled errors in a TaskGroup (1 sub-exception)
WARNING tools.mcp_tool: MCP server 'qmd' initial connection failed (attempt 2/3), retrying in 2s: unhandled errors in a TaskGroup (1 sub-exception)
WARNING tools.mcp_tool: MCP server 'qmd' initial connection failed (attempt 3/3), retrying in 4s: unhandled errors in a TaskGroup (1 sub-exception)
WARNING tools.mcp_tool: MCP server 'qmd' failed initial connection after 3 attempts, giving up: unhandled errors in a TaskGroup (1 sub-exception)
WARNING tools.mcp_tool: Failed to connect to MCP server 'qmd' (command=qmd): Connection closed
ERROR gateway.platforms.base: [Discord] Discord bot token already in use (PID 32775). Stop the other gateway first.
WARNING gateway.run: ✗ discord failed to connect
ERROR gateway.run: Gateway hit a non-retryable startup conflict: discord: Discord bot token already in use (PID 32775). Stop the other gateway first.
ERROR gateway.run: Gateway exiting cleanly: discord: Discord bot token already in use (PID 32775). Stop the other gateway first.
[33m⚠ Deprecated .env settings detected:[0m
  [33m⚠[0m MESSAGING_CWD=~/Smith found in .env — this is deprecated.
  [2mMove to config.yaml instead:  terminal:\n    cwd: /your/project/path[0m
  [2mThen remove the old entries from /Users/Jeff/.hermes/profiles/smith/.env[0m

WARNING tools.mcp_tool: MCP server 'qmd' initial connection failed (attempt 1/3), retrying in 1s: unhandled errors in a TaskGroup (1 sub-exception)
WARNING tools.mcp_tool: MCP server 'qmd' initial connection failed (attempt 2/3), retrying in 2s: unhandled errors in a TaskGroup (1 sub-exception)
WARNING tools.mcp_tool: MCP server 'qmd' initial connection failed (attempt 3/3), retrying in 4s: unhandled errors in a TaskGroup (1 sub-exception)
WARNING tools.mcp_tool: MCP server 'qmd' failed initial connection after 3 attempts, giving up: unhandled errors in a TaskGroup (1 sub-exception)
WARNING tools.mcp_tool: Failed to connect to MCP server 'qmd' (command=qmd): Connection closed
ERROR gateway.platforms.base: [Discord] Discord bot token already in use (PID 32775). Stop the other gateway first.
WARNING gateway.run: ✗ discord failed to connect
ERROR gateway.run: Gateway hit a non-retryable startup conflict: discord: Discord bot token already in use (PID 32775). Stop the other gateway first.
ERROR gateway.run: Gateway exiting cleanly: discord: Discord bot token already in use (PID 32775). Stop the other gateway first.
[33m⚠ Deprecated .env settings detected:[0m
  [33m⚠[0m MESSAGING_CWD=~/Smith found in .env — this is deprecated.
  [2mMove to config.yaml instead:  terminal:\n    cwd: /your/project/path[0m
  [2mThen remove the old entries from /Users/Jeff/.hermes/profiles/smith/.env[0m

WARNING tools.mcp_tool: MCP server 'qmd' initial connection failed (attempt 1/3), retrying in 1s: unhandled errors in a TaskGroup (1 sub-exception)
WARNING tools.mcp_tool: MCP server 'qmd' initial connection failed (attempt 2/3), retrying in 2s: unhandled errors in a TaskGroup (1 sub-exception)
WARNING tools.mcp_tool: MCP server 'qmd' initial connection failed (attempt 3/3), retrying in 4s: unhandled errors in a TaskGroup (1 sub-exception)
WARNING tools.mcp_tool: MCP server 'qmd' failed initial connection after 3 attempts, giving up: unhandled errors in a TaskGroup (1 sub-exception)
WARNING tools.mcp_tool: Failed to connect to MCP server 'qmd' (command=qmd): Connection closed
ERROR gateway.platforms.base: [Discord] Discord bot token already in use (PID 32775). Stop the other gateway first.
WARNING gateway.run: ✗ discord failed to connect
ERROR gateway.run: Gateway hit a non-retryable startup conflict: discord: Discord bot token already in use (PID 32775). Stop the other gateway first.
ERROR gateway.run: Gateway exiting cleanly: discord: Discord bot token already in use (PID 32775). Stop the other gateway first.
[33m⚠ Deprecated .env settings detected:[0m
  [33m⚠[0m MESSAGING_CWD=~/Smith found in .env — this is deprecated.
  [2mMove to config.yaml instead:  terminal:\n    cwd: /your/project/path[0m
  [2mThen remove the old entries from /Users/Jeff/.hermes/profiles/smith/.env[0m

WARNING tools.mcp_tool: MCP server 'qmd' initial connection failed (attempt 1/3), retrying in 1s: unhandled errors in a TaskGroup (1 sub-exception)
WARNING tools.mcp_tool: MCP server 'qmd' initial connection failed (attempt 2/3), retrying in 2s: unhandled errors in a TaskGroup (1 sub-exception)
WARNING tools.mcp_tool: MCP server 'qmd' initial connection failed (attempt 3/3), retrying in 4s: unhandled errors in a TaskGroup (1 sub-exception)
WARNING tools.mcp_tool: MCP server 'qmd' failed initial connection after 3 attempts, giving up: unhandled errors in a TaskGroup (1 sub-exception)
WARNING tools.mcp_tool: Failed to connect to MCP server 'qmd' (command=qmd): Connection closed
ERROR gateway.platforms.base: [Discord] Discord bot token already in use (PID 32775). Stop the other gateway first.
WARNING gateway.run: ✗ discord failed to connect
ERROR gateway.run: Gateway hit a non-retryable startup conflict: discord: Discord bot token already in use (PID 32775). Stop the other gateway first.
ERROR gateway.run: Gateway exiting cleanly: discord: Discord bot token already in use (PID 32775). Stop the other gateway first.
[33m⚠ Deprecated .env settings detected:[0m
  [33m⚠[0m MESSAGING_CWD=~/Smith found in .env — this is deprecated.
  [2mMove to config.yaml instead:  terminal:\n    cwd: /your/project/path[0m
  [2mThen remove the old entries from /Users/Jeff/.hermes/profiles/smith/.env[0m

WARNING tools.mcp_tool: MCP server 'qmd' initial connection failed (attempt 1/3), retrying in 1s: unhandled errors in a TaskGroup (1 sub-exception)
WARNING tools.mcp_tool: MCP server 'qmd' initial connection failed (attempt 2/3), retrying in 2s: unhandled errors in a TaskGroup (1 sub-exception)
WARNING tools.mcp_tool: MCP server 'qmd' initial connection failed (attempt 3/3), retrying in 4s: unhandled errors in a TaskGroup (1 sub-exception)
WARNING tools.mcp_tool: MCP server 'qmd' failed initial connection after 3 attempts, giving up: unhandled errors in a TaskGroup (1 sub-exception)
WARNING tools.mcp_tool: Failed to connect to MCP server 'qmd' (command=qmd): Connection closed
ERROR gateway.platforms.base: [Discord] Discord bot token already in use (PID 32775). Stop the other gateway first.
WARNING gateway.run: ✗ discord failed to connect
ERROR gateway.run: Gateway hit a non-retryable startup conflict: discord: Discord bot token already in use (PID 32775). Stop the other gateway first.
ERROR gateway.run: Gateway exiting cleanly: discord: Discord bot token already in use (PID 32775). Stop the other gateway first.
[33m⚠ Deprecated .env settings detected:[0m
  [33m⚠[0m MESSAGING_CWD=~/Smith found in .env — this is deprecated.
  [2mMove to config.yaml instead:  terminal:\n    cwd: /your/project/path[0m
  [2mThen remove the old entries from /Users/Jeff/.hermes/profiles/smith/.env[0m

WARNING tools.mcp_tool: MCP server 'qmd' initial connection failed (attempt 1/3), retrying in 1s: unhandled errors in a TaskGroup (1 sub-exception)
WARNING tools.mcp_tool: MCP server 'qmd' initial connection failed (attempt 2/3), retrying in 2s: unhandled errors in a TaskGroup (1 sub-exception)
WARNING tools.mcp_tool: MCP server 'qmd' initial connection failed (attempt 3/3), retrying in 4s: unhandled errors in a TaskGroup (1 sub-exception)
WARNING tools.mcp_tool: MCP server 'qmd' failed initial connection after 3 attempts, giving up: unhandled errors in a TaskGroup (1 sub-exception)
WARNING tools.mcp_tool: Failed to connect to MCP server 'qmd' (command=qmd): Connection closed
ERROR gateway.platforms.base: [Discord] Discord bot token already in use (PID 32775). Stop the other gateway first.
WARNING gateway.run: ✗ discord failed to connect
ERROR gateway.run: Gateway hit a non-retryable startup conflict: discord: Discord bot token already in use (PID 32775). Stop the other gateway first.
ERROR gateway.run: Gateway exiting cleanly: discord: Discord bot token already in use (PID 32775). Stop the other gateway first.
[33m⚠ Deprecated .env settings detected:[0m
  [33m⚠[0m MESSAGING_CWD=~/Smith found in .env — this is deprecated.
  [2mMove to config.yaml instead:  terminal:\n    cwd: /your/project/path[0m
  [2mThen remove the old entries from /Users/Jeff/.hermes/profiles/smith/.env[0m

WARNING tools.mcp_tool: MCP server 'qmd' initial connection failed (attempt 1/3), retrying in 1s: unhandled errors in a TaskGroup (1 sub-exception)
WARNING tools.mcp_tool: MCP server 'qmd' initial connection failed (attempt 2/3), retrying in 2s: unhandled errors in a TaskGroup (1 sub-exception)
WARNING tools.mcp_tool: MCP server 'qmd' initial connection failed (attempt 3/3), retrying in 4s: unhandled errors in a TaskGroup (1 sub-exception)
WARNING tools.mcp_tool: MCP server 'qmd' failed initial connection after 3 attempts, giving up: unhandled errors in a TaskGroup (1 sub-exception)
WARNING tools.mcp_tool: Failed to connect to MCP server 'qmd' (command=qmd): Connection closed
ERROR gateway.platforms.base: [Discord] Discord bot token already in use (PID 32775). Stop the other gateway first.
WARNING gateway.run: ✗ discord failed to connect
ERROR gateway.run: Gateway hit a non-retryable startup conflict: discord: Discord bot token already in use (PID 32775). Stop the other gateway first.
ERROR gateway.run: Gateway exiting cleanly: discord: Discord bot token already in use (PID 32775). Stop the other gateway first.
[33m⚠ Deprecated .env settings detected:[0m
  [33m⚠[0m MESSAGING_CWD=~/Smith found in .env — this is deprecated.
  [2mMove to config.yaml instead:  terminal:\n    cwd: /your/project/path[0m
  [2mThen remove the old entries from /Users/Jeff/.hermes/profiles/smith/.env[0m

WARNING tools.mcp_tool: MCP server 'qmd' initial connection failed (attempt 1/3), retrying in 1s: unhandled errors in a TaskGroup (1 sub-exception)
WARNING tools.mcp_tool: MCP server 'qmd' initial connection failed (attempt 2/3), retrying in 2s: unhandled errors in a TaskGroup (1 sub-exception)
WARNING tools.mcp_tool: MCP server 'qmd' initial connection failed (attempt 3/3), retrying in 4s: unhandled errors in a TaskGroup (1 sub-exception)
WARNING tools.mcp_tool: MCP server 'qmd' failed initial connection after 3 attempts, giving up: unhandled errors in a TaskGroup (1 sub-exception)
WARNING tools.mcp_tool: Failed to connect to MCP server 'qmd' (command=qmd): Connection closed
ERROR gateway.platforms.base: [Discord] Discord bot token already in use (PID 32775). Stop the other gateway first.
WARNING gateway.run: ✗ discord failed to connect
ERROR gateway.run: Gateway hit a non-retryable startup conflict: discord: Discord bot token already in use (PID 32775). Stop the other gateway first.
ERROR gateway.run: Gateway exiting cleanly: discord: Discord bot token already in use (PID 32775). Stop the other gateway first.
[33m⚠ Deprecated .env settings detected:[0m
  [33m⚠[0m MESSAGING_CWD=~/Smith found in .env — this is deprecated.
  [2mMove to config.yaml instead:  terminal:\n    cwd: /your/project/path[0m
  [2mThen remove the old entries from /Users/Jeff/.hermes/profiles/smith/.env[0m

WARNING tools.mcp_tool: MCP server 'qmd' initial connection failed (attempt 1/3), retrying in 1s: unhandled errors in a TaskGroup (1 sub-exception)
WARNING tools.mcp_tool: MCP server 'qmd' initial connection failed (attempt 2/3), retrying in 2s: unhandled errors in a TaskGroup (1 sub-exception)
WARNING tools.mcp_tool: MCP server 'qmd' initial connection failed (attempt 3/3), retrying in 4s: unhandled errors in a TaskGroup (1 sub-exception)
WARNING tools.mcp_tool: MCP server 'qmd' failed initial connection after 3 attempts, giving up: unhandled errors in a TaskGroup (1 sub-exception)
WARNING tools.mcp_tool: Failed to connect to MCP server 'qmd' (command=qmd): Connection closed
ERROR gateway.platforms.base: [Discord] Discord bot token already in use (PID 32775). Stop the other gateway first.
WARNING gateway.run: ✗ discord failed to connect
ERROR gateway.run: Gateway hit a non-retryable startup conflict: discord: Discord bot token already in use (PID 32775). Stop the other gateway first.
ERROR gateway.run: Gateway exiting cleanly: discord: Discord bot token already in use (PID 32775). Stop the other gateway first.
[33m⚠ Deprecated .env settings detected:[0m
  [33m⚠[0m MESSAGING_CWD=~/Smith found in .env — this is deprecated.
  [2mMove to config.yaml instead:  terminal:\n    cwd: /your/project/path[0m
  [2mThen remove the old entries from /Users/Jeff/.hermes/profiles/smith/.env[0m

WARNING tools.mcp_tool: MCP server 'qmd' initial connection failed (attempt 1/3), retrying in 1s: unhandled errors in a TaskGroup (1 sub-exception)
WARNING tools.mcp_tool: MCP server 'qmd' initial connection failed (attempt 2/3), retrying in 2s: unhandled errors in a TaskGroup (1 sub-exception)
WARNING tools.mcp_tool: MCP server 'qmd' initial connection failed (attempt 3/3), retrying in 4s: unhandled errors in a TaskGroup (1 sub-exception)
WARNING tools.mcp_tool: MCP server 'qmd' failed initial connection after 3 attempts, giving up: unhandled errors in a TaskGroup (1 sub-exception)
WARNING tools.mcp_tool: Failed to connect to MCP server 'qmd' (command=qmd): Connection closed
ERROR gateway.platforms.base: [Discord] Discord bot token already in use (PID 32775). Stop the other gateway first.
WARNING gateway.run: ✗ discord failed to connect
ERROR gateway.run: Gateway hit a non-retryable startup conflict: discord: Discord bot token already in use (PID 32775). Stop the other gateway first.
ERROR gateway.run: Gateway exiting cleanly: discord: Discord bot token already in use (PID 32775). Stop the other gateway first.
[33m⚠ Deprecated .env settings detected:[0m
  [33m⚠[0m MESSAGING_CWD=~/Smith found in .env — this is deprecated.
  [2mMove to config.yaml instead:  terminal:\n    cwd: /your/project/path[0m
  [2mThen remove the old entries from /Users/Jeff/.hermes/profiles/smith/.env[0m

WARNING tools.mcp_tool: MCP server 'qmd' initial connection failed (attempt 1/3), retrying in 1s: unhandled errors in a TaskGroup (1 sub-exception)
WARNING tools.mcp_tool: MCP server 'qmd' initial connection failed (attempt 2/3), retrying in 2s: unhandled errors in a TaskGroup (1 sub-exception)
WARNING tools.mcp_tool: MCP server 'qmd' initial connection failed (attempt 3/3), retrying in 4s: unhandled errors in a TaskGroup (1 sub-exception)
WARNING tools.mcp_tool: MCP server 'qmd' failed initial connection after 3 attempts, giving up: unhandled errors in a TaskGroup (1 sub-exception)
WARNING tools.mcp_tool: Failed to connect to MCP server 'qmd' (command=qmd): Connection closed
ERROR gateway.platforms.base: [Discord] Discord bot token already in use (PID 32775). Stop the other gateway first.
WARNING gateway.run: ✗ discord failed to connect
ERROR gateway.run: Gateway hit a non-retryable startup conflict: discord: Discord bot token already in use (PID 32775). Stop the other gateway first.
ERROR gateway.run: Gateway exiting cleanly: discord: Discord bot token already in use (PID 32775). Stop the other gateway first.
[33m⚠ Deprecated .env settings detected:[0m
  [33m⚠[0m MESSAGING_CWD=~/Smith found in .env — this is deprecated.
  [2mMove to config.yaml instead:  terminal:\n    cwd: /your/project/path[0m
  [2mThen remove the old entries from /Users/Jeff/.hermes/profiles/smith/.env[0m

WARNING tools.mcp_tool: MCP server 'qmd' initial connection failed (attempt 1/3), retrying in 1s: unhandled errors in a TaskGroup (1 sub-exception)
WARNING tools.mcp_tool: MCP server 'qmd' initial connection failed (attempt 2/3), retrying in 2s: unhandled errors in a TaskGroup (1 sub-exception)
WARNING tools.mcp_tool: MCP server 'qmd' initial connection failed (attempt 3/3), retrying in 4s: unhandled errors in a TaskGroup (1 sub-exception)
WARNING tools.mcp_tool: MCP server 'qmd' failed initial connection after 3 attempts, giving up: unhandled errors in a TaskGroup (1 sub-exception)
WARNING tools.mcp_tool: Failed to connect to MCP server 'qmd' (command=qmd): Connection closed
ERROR gateway.platforms.base: [Discord] Discord bot token already in use (PID 32775). Stop the other gateway first.
WARNING gateway.run: ✗ discord failed to connect
ERROR gateway.run: Gateway hit a non-retryable startup conflict: discord: Discord bot token already in use (PID 32775). Stop the other gateway first.
ERROR gateway.run: Gateway exiting cleanly: discord: Discord bot token already in use (PID 32775). Stop the other gateway first.
[33m⚠ Deprecated .env settings detected:[0m
  [33m⚠[0m MESSAGING_CWD=~/Smith found in .env — this is deprecated.
  [2mMove to config.yaml instead:  terminal:\n    cwd: /your/project/path[0m
  [2mThen remove the old entries from /Users/Jeff/.hermes/profiles/smith/.env[0m

WARNING tools.mcp_tool: MCP server 'qmd' initial connection failed (attempt 1/3), retrying in 1s: unhandled errors in a TaskGroup (1 sub-exception)
WARNING tools.mcp_tool: MCP server 'qmd' initial connection failed (attempt 2/3), retrying in 2s: unhandled errors in a TaskGroup (1 sub-exception)
WARNING tools.mcp_tool: MCP server 'qmd' initial connection failed (attempt 3/3), retrying in 4s: unhandled errors in a TaskGroup (1 sub-exception)
WARNING tools.mcp_tool: MCP server 'qmd' failed initial connection after 3 attempts, giving up: unhandled errors in a TaskGroup (1 sub-exception)
WARNING tools.mcp_tool: Failed to connect to MCP server 'qmd' (command=qmd): Connection closed
ERROR gateway.platforms.base: [Discord] Discord bot token already in use (PID 32775). Stop the other gateway first.
WARNING gateway.run: ✗ discord failed to connect
ERROR gateway.run: Gateway hit a non-retryable startup conflict: discord: Discord bot token already in use (PID 32775). Stop the other gateway first.
ERROR gateway.run: Gateway exiting cleanly: discord: Discord bot token already in use (PID 32775). Stop the other gateway first.
[33m⚠ Deprecated .env settings detected:[0m
  [33m⚠[0m MESSAGING_CWD=~/Smith found in .env — this is deprecated.
  [2mMove to config.yaml instead:  terminal:\n    cwd: /your/project/path[0m
  [2mThen remove the old entries from /Users/Jeff/.hermes/profiles/smith/.env[0m

WARNING tools.mcp_tool: MCP server 'qmd' initial connection failed (attempt 1/3), retrying in 1s: unhandled errors in a TaskGroup (1 sub-exception)
WARNING tools.mcp_tool: MCP server 'qmd' initial connection failed (attempt 2/3), retrying in 2s: unhandled errors in a TaskGroup (1 sub-exception)
WARNING tools.mcp_tool: MCP server 'qmd' initial connection failed (attempt 3/3), retrying in 4s: unhandled errors in a TaskGroup (1 sub-exception)
WARNING tools.mcp_tool: MCP server 'qmd' failed initial connection after 3 attempts, giving up: unhandled errors in a TaskGroup (1 sub-exception)
WARNING tools.mcp_tool: Failed to connect to MCP server 'qmd' (command=qmd): Connection closed
ERROR gateway.platforms.base: [Discord] Discord bot token already in use (PID 32775). Stop the other gateway first.
WARNING gateway.run: ✗ discord failed to connect
ERROR gateway.run: Gateway hit a non-retryable startup conflict: discord: Discord bot token already in use (PID 32775). Stop the other gateway first.
ERROR gateway.run: Gateway exiting cleanly: discord: Discord bot token already in use (PID 32775). Stop the other gateway first.
[33m⚠ Deprecated .env settings detected:[0m
  [33m⚠[0m MESSAGING_CWD=~/Smith found in .env — this is deprecated.
  [2mMove to config.yaml instead:  terminal:\n    cwd: /your/project/path[0m
  [2mThen remove the old entries from /Users/Jeff/.hermes/profiles/smith/.env[0m

WARNING tools.mcp_tool: MCP server 'qmd' initial connection failed (attempt 1/3), retrying in 1s: unhandled errors in a TaskGroup (1 sub-exception)
WARNING tools.mcp_tool: MCP server 'qmd' initial connection failed (attempt 2/3), retrying in 2s: unhandled errors in a TaskGroup (1 sub-exception)
WARNING tools.mcp_tool: MCP server 'qmd' initial connection failed (attempt 3/3), retrying in 4s: unhandled errors in a TaskGroup (1 sub-exception)
WARNING tools.mcp_tool: MCP server 'qmd' failed initial connection after 3 attempts, giving up: unhandled errors in a TaskGroup (1 sub-exception)
WARNING tools.mcp_tool: Failed to connect to MCP server 'qmd' (command=qmd): Connection closed
ERROR gateway.platforms.base: [Discord] Discord bot token already in use (PID 32775). Stop the other gateway first.
WARNING gateway.run: ✗ discord failed to connect
ERROR gateway.run: Gateway hit a non-retryable startup conflict: discord: Discord bot token already in use (PID 32775). Stop the other gateway first.
ERROR gateway.run: Gateway exiting cleanly: discord: Discord bot token already in use (PID 32775). Stop the other gateway first.
[33m⚠ Deprecated .env settings detected:[0m
  [33m⚠[0m MESSAGING_CWD=~/Smith found in .env — this is deprecated.
  [2mMove to config.yaml instead:  terminal:\n    cwd: /your/project/path[0m
  [2mThen remove the old entries from /Users/Jeff/.hermes/profiles/smith/.env[0m

WARNING tools.mcp_tool: MCP server 'qmd' initial connection failed (attempt 1/3), retrying in 1s: unhandled errors in a TaskGroup (1 sub-exception)
WARNING tools.mcp_tool: MCP server 'qmd' initial connection failed (attempt 2/3), retrying in 2s: unhandled errors in a TaskGroup (1 sub-exception)
WARNING tools.mcp_tool: MCP server 'qmd' initial connection failed (attempt 3/3), retrying in 4s: unhandled errors in a TaskGroup (1 sub-exception)
WARNING tools.mcp_tool: MCP server 'qmd' failed initial connection after 3 attempts, giving up: unhandled errors in a TaskGroup (1 sub-exception)
WARNING tools.mcp_tool: Failed to connect to MCP server 'qmd' (command=qmd): Connection closed
ERROR gateway.platforms.base: [Discord] Discord bot token already in use (PID 32775). Stop the other gateway first.
WARNING gateway.run: ✗ discord failed to connect
ERROR gateway.run: Gateway hit a non-retryable startup conflict: discord: Discord bot token already in use (PID 32775). Stop the other gateway first.
ERROR gateway.run: Gateway exiting cleanly: discord: Discord bot token already in use (PID 32775). Stop the other gateway first.
[33m⚠ Deprecated .env settings detected:[0m
  [33m⚠[0m MESSAGING_CWD=~/Smith found in .env — this is deprecated.
  [2mMove to config.yaml instead:  terminal:\n    cwd: /your/project/path[0m
  [2mThen remove the old entries from /Users/Jeff/.hermes/profiles/smith/.env[0m

WARNING tools.mcp_tool: MCP server 'qmd' initial connection failed (attempt 1/3), retrying in 1s: unhandled errors in a TaskGroup (1 sub-exception)
WARNING tools.mcp_tool: MCP server 'qmd' initial connection failed (attempt 2/3), retrying in 2s: unhandled errors in a TaskGroup (1 sub-exception)
WARNING tools.mcp_tool: MCP server 'qmd' initial connection failed (attempt 3/3), retrying in 4s: unhandled errors in a TaskGroup (1 sub-exception)
WARNING tools.mcp_tool: MCP server 'qmd' failed initial connection after 3 attempts, giving up: unhandled errors in a TaskGroup (1 sub-exception)
WARNING tools.mcp_tool: Failed to connect to MCP server 'qmd' (command=qmd): Connection closed
ERROR gateway.platforms.base: [Discord] Discord bot token already in use (PID 32775). Stop the other gateway first.
WARNING gateway.run: ✗ discord failed to connect
ERROR gateway.run: Gateway hit a non-retryable startup conflict: discord: Discord bot token already in use (PID 32775). Stop the other gateway first.
ERROR gateway.run: Gateway exiting cleanly: discord: Discord bot token already in use (PID 32775). Stop the other gateway first.
[33m⚠ Deprecated .env settings detected:[0m
  [33m⚠[0m MESSAGING_CWD=~/Smith found in .env — this is deprecated.
  [2mMove to config.yaml instead:  terminal:\n    cwd: /your/project/path[0m
  [2mThen remove the old entries from /Users/Jeff/.hermes/profiles/smith/.env[0m

WARNING tools.mcp_tool: MCP server 'qmd' initial connection failed (attempt 1/3), retrying in 1s: unhandled errors in a TaskGroup (1 sub-exception)
WARNING tools.mcp_tool: MCP server 'qmd' initial connection failed (attempt 2/3), retrying in 2s: unhandled errors in a TaskGroup (1 sub-exception)
WARNING tools.mcp_tool: MCP server 'qmd' initial connection failed (attempt 3/3), retrying in 4s: unhandled errors in a TaskGroup (1 sub-exception)
WARNING tools.mcp_tool: MCP server 'qmd' failed initial connection after 3 attempts, giving up: unhandled errors in a TaskGroup (1 sub-exception)
WARNING tools.mcp_tool: Failed to connect to MCP server 'qmd' (command=qmd): Connection closed
ERROR gateway.platforms.base: [Discord] Discord bot token already in use (PID 32775). Stop the other gateway first.
WARNING gateway.run: ✗ discord failed to connect
ERROR gateway.run: Gateway hit a non-retryable startup conflict: discord: Discord bot token already in use (PID 32775). Stop the other gateway first.
ERROR gateway.run: Gateway exiting cleanly: discord: Discord bot token already in use (PID 32775). Stop the other gateway first.
[33m⚠ Deprecated .env settings detected:[0m
  [33m⚠[0m MESSAGING_CWD=~/Smith found in .env — this is deprecated.
  [2mMove to config.yaml instead:  terminal:\n    cwd: /your/project/path[0m
  [2mThen remove the old entries from /Users/Jeff/.hermes/profiles/smith/.env[0m

WARNING tools.mcp_tool: MCP server 'qmd' initial connection failed (attempt 1/3), retrying in 1s: unhandled errors in a TaskGroup (1 sub-exception)
WARNING tools.mcp_tool: MCP server 'qmd' initial connection failed (attempt 2/3), retrying in 2s: unhandled errors in a TaskGroup (1 sub-exception)
WARNING tools.mcp_tool: MCP server 'qmd' initial connection failed (attempt 3/3), retrying in 4s: unhandled errors in a TaskGroup (1 sub-exception)
WARNING tools.mcp_tool: MCP server 'qmd' failed initial connection after 3 attempts, giving up: unhandled errors in a TaskGroup (1 sub-exception)
WARNING tools.mcp_tool: Failed to connect to MCP server 'qmd' (command=qmd): Connection closed
ERROR gateway.platforms.base: [Discord] Discord bot token already in use (PID 32775). Stop the other gateway first.
WARNING gateway.run: ✗ discord failed to connect
ERROR gateway.run: Gateway hit a non-retryable startup conflict: discord: Discord bot token already in use (PID 32775). Stop the other gateway first.
ERROR gateway.run: Gateway exiting cleanly: discord: Discord bot token already in use (PID 32775). Stop the other gateway first.
[33m⚠ Deprecated .env settings detected:[0m
  [33m⚠[0m MESSAGING_CWD=~/Smith found in .env — this is deprecated.
  [2mMove to config.yaml instead:  terminal:\n    cwd: /your/project/path[0m
  [2mThen remove the old entries from /Users/Jeff/.hermes/profiles/smith/.env[0m

WARNING tools.mcp_tool: MCP server 'qmd' initial connection failed (attempt 1/3), retrying in 1s: unhandled errors in a TaskGroup (1 sub-exception)
WARNING tools.mcp_tool: MCP server 'qmd' initial connection failed (attempt 2/3), retrying in 2s: unhandled errors in a TaskGroup (1 sub-exception)
WARNING tools.mcp_tool: MCP server 'qmd' initial connection failed (attempt 3/3), retrying in 4s: unhandled errors in a TaskGroup (1 sub-exception)
WARNING tools.mcp_tool: MCP server 'qmd' failed initial connection after 3 attempts, giving up: unhandled errors in a TaskGroup (1 sub-exception)
WARNING tools.mcp_tool: Failed to connect to MCP server 'qmd' (command=qmd): Connection closed
ERROR gateway.platforms.base: [Discord] Discord bot token already in use (PID 32775). Stop the other gateway first.
WARNING gateway.run: ✗ discord failed to connect
ERROR gateway.run: Gateway hit a non-retryable startup conflict: discord: Discord bot token already in use (PID 32775). Stop the other gateway first.
ERROR gateway.run: Gateway exiting cleanly: discord: Discord bot token already in use (PID 32775). Stop the other gateway first.
[33m⚠ Deprecated .env settings detected:[0m
  [33m⚠[0m MESSAGING_CWD=~/Smith found in .env — this is deprecated.
  [2mMove to config.yaml instead:  terminal:\n    cwd: /your/project/path[0m
  [2mThen remove the old entries from /Users/Jeff/.hermes/profiles/smith/.env[0m

WARNING tools.mcp_tool: MCP server 'qmd' initial connection failed (attempt 1/3), retrying in 1s: unhandled errors in a TaskGroup (1 sub-exception)
WARNING tools.mcp_tool: MCP server 'qmd' initial connection failed (attempt 2/3), retrying in 2s: unhandled errors in a TaskGroup (1 sub-exception)
WARNING tools.mcp_tool: MCP server 'qmd' initial connection failed (attempt 3/3), retrying in 4s: unhandled errors in a TaskGroup (1 sub-exception)
WARNING tools.mcp_tool: MCP server 'qmd' failed initial connection after 3 attempts, giving up: unhandled errors in a TaskGroup (1 sub-exception)
WARNING tools.mcp_tool: Failed to connect to MCP server 'qmd' (command=qmd): Connection closed
ERROR gateway.platforms.base: [Discord] Discord bot token already in use (PID 32775). Stop the other gateway first.
WARNING gateway.run: ✗ discord failed to connect
ERROR gateway.run: Gateway hit a non-retryable startup conflict: discord: Discord bot token already in use (PID 32775). Stop the other gateway first.
ERROR gateway.run: Gateway exiting cleanly: discord: Discord bot token already in use (PID 32775). Stop the other gateway first.
[33m⚠ Deprecated .env settings detected:[0m
  [33m⚠[0m MESSAGING_CWD=~/Smith found in .env — this is deprecated.
  [2mMove to config.yaml instead:  terminal:\n    cwd: /your/project/path[0m
  [2mThen remove the old entries from /Users/Jeff/.hermes/profiles/smith/.env[0m

WARNING tools.mcp_tool: MCP server 'qmd' initial connection failed (attempt 1/3), retrying in 1s: unhandled errors in a TaskGroup (1 sub-exception)
WARNING tools.mcp_tool: MCP server 'qmd' initial connection failed (attempt 2/3), retrying in 2s: unhandled errors in a TaskGroup (1 sub-exception)
WARNING tools.mcp_tool: MCP server 'qmd' initial connection failed (attempt 3/3), retrying in 4s: unhandled errors in a TaskGroup (1 sub-exception)
WARNING tools.mcp_tool: MCP server 'qmd' failed initial connection after 3 attempts, giving up: unhandled errors in a TaskGroup (1 sub-exception)
WARNING tools.mcp_tool: Failed to connect to MCP server 'qmd' (command=qmd): Connection closed
ERROR gateway.platforms.base: [Discord] Discord bot token already in use (PID 32775). Stop the other gateway first.
WARNING gateway.run: ✗ discord failed to connect
ERROR gateway.run: Gateway hit a non-retryable startup conflict: discord: Discord bot token already in use (PID 32775). Stop the other gateway first.
ERROR gateway.run: Gateway exiting cleanly: discord: Discord bot token already in use (PID 32775). Stop the other gateway first.
[33m⚠ Deprecated .env settings detected:[0m
  [33m⚠[0m MESSAGING_CWD=~/Smith found in .env — this is deprecated.
  [2mMove to config.yaml instead:  terminal:\n    cwd: /your/project/path[0m
  [2mThen remove the old entries from /Users/Jeff/.hermes/profiles/smith/.env[0m

WARNING tools.mcp_tool: MCP server 'qmd' initial connection failed (attempt 1/3), retrying in 1s: unhandled errors in a TaskGroup (1 sub-exception)
WARNING tools.mcp_tool: MCP server 'qmd' initial connection failed (attempt 2/3), retrying in 2s: unhandled errors in a TaskGroup (1 sub-exception)
WARNING tools.mcp_tool: MCP server 'qmd' initial connection failed (attempt 3/3), retrying in 4s: unhandled errors in a TaskGroup (1 sub-exception)
WARNING tools.mcp_tool: MCP server 'qmd' failed initial connection after 3 attempts, giving up: unhandled errors in a TaskGroup (1 sub-exception)
WARNING tools.mcp_tool: Failed to connect to MCP server 'qmd' (command=qmd): Connection closed
ERROR gateway.platforms.base: [Discord] Discord bot token already in use (PID 32775). Stop the other gateway first.
WARNING gateway.run: ✗ discord failed to connect
ERROR gateway.run: Gateway hit a non-retryable startup conflict: discord: Discord bot token already in use (PID 32775). Stop the other gateway first.
ERROR gateway.run: Gateway exiting cleanly: discord: Discord bot token already in use (PID 32775). Stop the other gateway first.
[33m⚠ Deprecated .env settings detected:[0m
  [33m⚠[0m MESSAGING_CWD=~/Smith found in .env — this is deprecated.
  [2mMove to config.yaml instead:  terminal:\n    cwd: /your/project/path[0m
  [2mThen remove the old entries from /Users/Jeff/.hermes/profiles/smith/.env[0m

WARNING tools.mcp_tool: MCP server 'qmd' initial connection failed (attempt 1/3), retrying in 1s: unhandled errors in a TaskGroup (1 sub-exception)
WARNING tools.mcp_tool: MCP server 'qmd' initial connection failed (attempt 2/3), retrying in 2s: unhandled errors in a TaskGroup (1 sub-exception)
WARNING tools.mcp_tool: MCP server 'qmd' initial connection failed (attempt 3/3), retrying in 4s: unhandled errors in a TaskGroup (1 sub-exception)
WARNING tools.mcp_tool: MCP server 'qmd' failed initial connection after 3 attempts, giving up: unhandled errors in a TaskGroup (1 sub-exception)
WARNING tools.mcp_tool: Failed to connect to MCP server 'qmd' (command=qmd): Connection closed
ERROR gateway.platforms.base: [Discord] Discord bot token already in use (PID 32775). Stop the other gateway first.
WARNING gateway.run: ✗ discord failed to connect
ERROR gateway.run: Gateway hit a non-retryable startup conflict: discord: Discord bot token already in use (PID 32775). Stop the other gateway first.
ERROR gateway.run: Gateway exiting cleanly: discord: Discord bot token already in use (PID 32775). Stop the other gateway first.
[33m⚠ Deprecated .env settings detected:[0m
  [33m⚠[0m MESSAGING_CWD=~/Smith found in .env — this is deprecated.
  [2mMove to config.yaml instead:  terminal:\n    cwd: /your/project/path[0m
  [2mThen remove the old entries from /Users/Jeff/.hermes/profiles/smith/.env[0m

WARNING tools.mcp_tool: MCP server 'qmd' initial connection failed (attempt 1/3), retrying in 1s: unhandled errors in a TaskGroup (1 sub-exception)
WARNING tools.mcp_tool: MCP server 'qmd' initial connection failed (attempt 2/3), retrying in 2s: unhandled errors in a TaskGroup (1 sub-exception)
WARNING tools.mcp_tool: MCP server 'qmd' initial connection failed (attempt 3/3), retrying in 4s: unhandled errors in a TaskGroup (1 sub-exception)
WARNING tools.mcp_tool: MCP server 'qmd' failed initial connection after 3 attempts, giving up: unhandled errors in a TaskGroup (1 sub-exception)
WARNING tools.mcp_tool: Failed to connect to MCP server 'qmd' (command=qmd): Connection closed
ERROR gateway.platforms.base: [Discord] Discord bot token already in use (PID 32775). Stop the other gateway first.
WARNING gateway.run: ✗ discord failed to connect
ERROR gateway.run: Gateway hit a non-retryable startup conflict: discord: Discord bot token already in use (PID 32775). Stop the other gateway first.
ERROR gateway.run: Gateway exiting cleanly: discord: Discord bot token already in use (PID 32775). Stop the other gateway first.
[33m⚠ Deprecated .env settings detected:[0m
  [33m⚠[0m MESSAGING_CWD=~/Smith found in .env — this is deprecated.
  [2mMove to config.yaml instead:  terminal:\n    cwd: /your/project/path[0m
  [2mThen remove the old entries from /Users/Jeff/.hermes/profiles/smith/.env[0m

WARNING tools.mcp_tool: MCP server 'qmd' initial connection failed (attempt 1/3), retrying in 1s: unhandled errors in a TaskGroup (1 sub-exception)
WARNING tools.mcp_tool: MCP server 'qmd' initial connection failed (attempt 2/3), retrying in 2s: unhandled errors in a TaskGroup (1 sub-exception)
WARNING tools.mcp_tool: MCP server 'qmd' initial connection failed (attempt 3/3), retrying in 4s: unhandled errors in a TaskGroup (1 sub-exception)
WARNING tools.mcp_tool: MCP server 'qmd' failed initial connection after 3 attempts, giving up: unhandled errors in a TaskGroup (1 sub-exception)
WARNING tools.mcp_tool: Failed to connect to MCP server 'qmd' (command=qmd): Connection closed
ERROR gateway.platforms.base: [Discord] Discord bot token already in use (PID 32775). Stop the other gateway first.
WARNING gateway.run: ✗ discord failed to connect
ERROR gateway.run: Gateway hit a non-retryable startup conflict: discord: Discord bot token already in use (PID 32775). Stop the other gateway first.
ERROR gateway.run: Gateway exiting cleanly: discord: Discord bot token already in use (PID 32775). Stop the other gateway first.
[33m⚠ Deprecated .env settings detected:[0m
  [33m⚠[0m MESSAGING_CWD=~/Smith found in .env — this is deprecated.
  [2mMove to config.yaml instead:  terminal:\n    cwd: /your/project/path[0m
  [2mThen remove the old entries from /Users/Jeff/.hermes/profiles/smith/.env[0m

WARNING tools.mcp_tool: MCP server 'qmd' initial connection failed (attempt 1/3), retrying in 1s: unhandled errors in a TaskGroup (1 sub-exception)
WARNING tools.mcp_tool: MCP server 'qmd' initial connection failed (attempt 2/3), retrying in 2s: unhandled errors in a TaskGroup (1 sub-exception)
WARNING tools.mcp_tool: MCP server 'qmd' initial connection failed (attempt 3/3), retrying in 4s: unhandled errors in a TaskGroup (1 sub-exception)
WARNING tools.mcp_tool: MCP server 'qmd' failed initial connection after 3 attempts, giving up: unhandled errors in a TaskGroup (1 sub-exception)
WARNING tools.mcp_tool: Failed to connect to MCP server 'qmd' (command=qmd): Connection closed
ERROR gateway.platforms.base: [Discord] Discord bot token already in use (PID 32775). Stop the other gateway first.
WARNING gateway.run: ✗ discord failed to connect
ERROR gateway.run: Gateway hit a non-retryable startup conflict: discord: Discord bot token already in use (PID 32775). Stop the other gateway first.
ERROR gateway.run: Gateway exiting cleanly: discord: Discord bot token already in use (PID 32775). Stop the other gateway first.
[33m⚠ Deprecated .env settings detected:[0m
  [33m⚠[0m MESSAGING_CWD=~/Smith found in .env — this is deprecated.
  [2mMove to config.yaml instead:  terminal:\n    cwd: /your/project/path[0m
  [2mThen remove the old entries from /Users/Jeff/.hermes/profiles/smith/.env[0m

WARNING tools.mcp_tool: MCP server 'qmd' initial connection failed (attempt 1/3), retrying in 1s: unhandled errors in a TaskGroup (1 sub-exception)
WARNING tools.mcp_tool: MCP server 'qmd' initial connection failed (attempt 2/3), retrying in 2s: unhandled errors in a TaskGroup (1 sub-exception)
WARNING tools.mcp_tool: MCP server 'qmd' initial connection failed (attempt 3/3), retrying in 4s: unhandled errors in a TaskGroup (1 sub-exception)
WARNING tools.mcp_tool: MCP server 'qmd' failed initial connection after 3 attempts, giving up: unhandled errors in a TaskGroup (1 sub-exception)
WARNING tools.mcp_tool: Failed to connect to MCP server 'qmd' (command=qmd): Connection closed
ERROR gateway.platforms.base: [Discord] Discord bot token already in use (PID 32775). Stop the other gateway first.
WARNING gateway.run: ✗ discord failed to connect
ERROR gateway.run: Gateway hit a non-retryable startup conflict: discord: Discord bot token already in use (PID 32775). Stop the other gateway first.
ERROR gateway.run: Gateway exiting cleanly: discord: Discord bot token already in use (PID 32775). Stop the other gateway first.
[33m⚠ Deprecated .env settings detected:[0m
  [33m⚠[0m MESSAGING_CWD=~/Smith found in .env — this is deprecated.
  [2mMove to config.yaml instead:  terminal:\n    cwd: /your/project/path[0m
  [2mThen remove the old entries from /Users/Jeff/.hermes/profiles/smith/.env[0m

WARNING tools.mcp_tool: MCP server 'qmd' initial connection failed (attempt 1/3), retrying in 1s: unhandled errors in a TaskGroup (1 sub-exception)
WARNING tools.mcp_tool: MCP server 'qmd' initial connection failed (attempt 2/3), retrying in 2s: unhandled errors in a TaskGroup (1 sub-exception)
WARNING tools.mcp_tool: MCP server 'qmd' initial connection failed (attempt 3/3), retrying in 4s: unhandled errors in a TaskGroup (1 sub-exception)
WARNING tools.mcp_tool: MCP server 'qmd' failed initial connection after 3 attempts, giving up: unhandled errors in a TaskGroup (1 sub-exception)
WARNING tools.mcp_tool: Failed to connect to MCP server 'qmd' (command=qmd): Connection closed
ERROR gateway.platforms.base: [Discord] Discord bot token already in use (PID 32775). Stop the other gateway first.
WARNING gateway.run: ✗ discord failed to connect
ERROR gateway.run: Gateway hit a non-retryable startup conflict: discord: Discord bot token already in use (PID 32775). Stop the other gateway first.
ERROR gateway.run: Gateway exiting cleanly: discord: Discord bot token already in use (PID 32775). Stop the other gateway first.
[33m⚠ Deprecated .env settings detected:[0m
  [33m⚠[0m MESSAGING_CWD=~/Smith found in .env — this is deprecated.
  [2mMove to config.yaml instead:  terminal:\n    cwd: /your/project/path[0m
  [2mThen remove the old entries from /Users/Jeff/.hermes/profiles/smith/.env[0m

WARNING tools.mcp_tool: MCP server 'qmd' initial connection failed (attempt 1/3), retrying in 1s: unhandled errors in a TaskGroup (1 sub-exception)
WARNING tools.mcp_tool: MCP server 'qmd' initial connection failed (attempt 2/3), retrying in 2s: unhandled errors in a TaskGroup (1 sub-exception)
WARNING tools.mcp_tool: MCP server 'qmd' initial connection failed (attempt 3/3), retrying in 4s: unhandled errors in a TaskGroup (1 sub-exception)
WARNING tools.mcp_tool: MCP server 'qmd' failed initial connection after 3 attempts, giving up: unhandled errors in a TaskGroup (1 sub-exception)
WARNING tools.mcp_tool: Failed to connect to MCP server 'qmd' (command=qmd): Connection closed
ERROR gateway.platforms.base: [Discord] Discord bot token already in use (PID 32775). Stop the other gateway first.
WARNING gateway.run: ✗ discord failed to connect
ERROR gateway.run: Gateway hit a non-retryable startup conflict: discord: Discord bot token already in use (PID 32775). Stop the other gateway first.
ERROR gateway.run: Gateway exiting cleanly: discord: Discord bot token already in use (PID 32775). Stop the other gateway first.
[33m⚠ Deprecated .env settings detected:[0m
  [33m⚠[0m MESSAGING_CWD=~/Smith found in .env — this is deprecated.
  [2mMove to config.yaml instead:  terminal:\n    cwd: /your/project/path[0m
  [2mThen remove the old entries from /Users/Jeff/.hermes/profiles/smith/.env[0m

WARNING tools.mcp_tool: MCP server 'qmd' initial connection failed (attempt 1/3), retrying in 1s: unhandled errors in a TaskGroup (1 sub-exception)
WARNING tools.mcp_tool: MCP server 'qmd' initial connection failed (attempt 2/3), retrying in 2s: unhandled errors in a TaskGroup (1 sub-exception)
WARNING tools.mcp_tool: MCP server 'qmd' initial connection failed (attempt 3/3), retrying in 4s: unhandled errors in a TaskGroup (1 sub-exception)
WARNING tools.mcp_tool: MCP server 'qmd' failed initial connection after 3 attempts, giving up: unhandled errors in a TaskGroup (1 sub-exception)
WARNING tools.mcp_tool: Failed to connect to MCP server 'qmd' (command=qmd): Connection closed
ERROR gateway.platforms.base: [Discord] Discord bot token already in use (PID 32775). Stop the other gateway first.
WARNING gateway.run: ✗ discord failed to connect
ERROR gateway.run: Gateway hit a non-retryable startup conflict: discord: Discord bot token already in use (PID 32775). Stop the other gateway first.
ERROR gateway.run: Gateway exiting cleanly: discord: Discord bot token already in use (PID 32775). Stop the other gateway first.
[33m⚠ Deprecated .env settings detected:[0m
  [33m⚠[0m MESSAGING_CWD=~/Smith found in .env — this is deprecated.
  [2mMove to config.yaml instead:  terminal:\n    cwd: /your/project/path[0m
  [2mThen remove the old entries from /Users/Jeff/.hermes/profiles/smith/.env[0m

WARNING tools.mcp_tool: MCP server 'qmd' initial connection failed (attempt 1/3), retrying in 1s: unhandled errors in a TaskGroup (1 sub-exception)
WARNING tools.mcp_tool: MCP server 'qmd' initial connection failed (attempt 2/3), retrying in 2s: unhandled errors in a TaskGroup (1 sub-exception)
WARNING tools.mcp_tool: MCP server 'qmd' initial connection failed (attempt 3/3), retrying in 4s: unhandled errors in a TaskGroup (1 sub-exception)
WARNING tools.mcp_tool: MCP server 'qmd' failed initial connection after 3 attempts, giving up: unhandled errors in a TaskGroup (1 sub-exception)
WARNING tools.mcp_tool: Failed to connect to MCP server 'qmd' (command=qmd): Connection closed
ERROR gateway.platforms.base: [Discord] Discord bot token already in use (PID 32775). Stop the other gateway first.
WARNING gateway.run: ✗ discord failed to connect
ERROR gateway.run: Gateway hit a non-retryable startup conflict: discord: Discord bot token already in use (PID 32775). Stop the other gateway first.
ERROR gateway.run: Gateway exiting cleanly: discord: Discord bot token already in use (PID 32775). Stop the other gateway first.
[33m⚠ Deprecated .env settings detected:[0m
  [33m⚠[0m MESSAGING_CWD=~/Smith found in .env — this is deprecated.
  [2mMove to config.yaml instead:  terminal:\n    cwd: /your/project/path[0m
  [2mThen remove the old entries from /Users/Jeff/.hermes/profiles/smith/.env[0m

WARNING tools.mcp_tool: MCP server 'qmd' initial connection failed (attempt 1/3), retrying in 1s: unhandled errors in a TaskGroup (1 sub-exception)
WARNING tools.mcp_tool: MCP server 'qmd' initial connection failed (attempt 2/3), retrying in 2s: unhandled errors in a TaskGroup (1 sub-exception)
WARNING tools.mcp_tool: MCP server 'qmd' initial connection failed (attempt 3/3), retrying in 4s: unhandled errors in a TaskGroup (1 sub-exception)
WARNING tools.mcp_tool: MCP server 'qmd' failed initial connection after 3 attempts, giving up: unhandled errors in a TaskGroup (1 sub-exception)
WARNING tools.mcp_tool: Failed to connect to MCP server 'qmd' (command=qmd): Connection closed
ERROR gateway.platforms.base: [Discord] Discord bot token already in use (PID 32775). Stop the other gateway first.
WARNING gateway.run: ✗ discord failed to connect
ERROR gateway.run: Gateway hit a non-retryable startup conflict: discord: Discord bot token already in use (PID 32775). Stop the other gateway first.
ERROR gateway.run: Gateway exiting cleanly: discord: Discord bot token already in use (PID 32775). Stop the other gateway first.
[33m⚠ Deprecated .env settings detected:[0m
  [33m⚠[0m MESSAGING_CWD=~/Smith found in .env — this is deprecated.
  [2mMove to config.yaml instead:  terminal:\n    cwd: /your/project/path[0m
  [2mThen remove the old entries from /Users/Jeff/.hermes/profiles/smith/.env[0m

WARNING tools.mcp_tool: MCP server 'qmd' initial connection failed (attempt 1/3), retrying in 1s: unhandled errors in a TaskGroup (1 sub-exception)
WARNING tools.mcp_tool: MCP server 'qmd' initial connection failed (attempt 2/3), retrying in 2s: unhandled errors in a TaskGroup (1 sub-exception)
WARNING tools.mcp_tool: MCP server 'qmd' initial connection failed (attempt 3/3), retrying in 4s: unhandled errors in a TaskGroup (1 sub-exception)
WARNING tools.mcp_tool: MCP server 'qmd' failed initial connection after 3 attempts, giving up: unhandled errors in a TaskGroup (1 sub-exception)
WARNING tools.mcp_tool: Failed to connect to MCP server 'qmd' (command=qmd): Connection closed
ERROR gateway.platforms.base: [Discord] Discord bot token already in use (PID 32775). Stop the other gateway first.
WARNING gateway.run: ✗ discord failed to connect
ERROR gateway.run: Gateway hit a non-retryable startup conflict: discord: Discord bot token already in use (PID 32775). Stop the other gateway first.
ERROR gateway.run: Gateway exiting cleanly: discord: Discord bot token already in use (PID 32775). Stop the other gateway first.
[33m⚠ Deprecated .env settings detected:[0m
  [33m⚠[0m MESSAGING_CWD=~/Smith found in .env — this is deprecated.
  [2mMove to config.yaml instead:  terminal:\n    cwd: /your/project/path[0m
  [2mThen remove the old entries from /Users/Jeff/.hermes/profiles/smith/.env[0m

WARNING tools.mcp_tool: MCP server 'qmd' initial connection failed (attempt 1/3), retrying in 1s: unhandled errors in a TaskGroup (1 sub-exception)
WARNING tools.mcp_tool: MCP server 'qmd' initial connection failed (attempt 2/3), retrying in 2s: unhandled errors in a TaskGroup (1 sub-exception)
WARNING tools.mcp_tool: MCP server 'qmd' initial connection failed (attempt 3/3), retrying in 4s: unhandled errors in a TaskGroup (1 sub-exception)
WARNING tools.mcp_tool: MCP server 'qmd' failed initial connection after 3 attempts, giving up: unhandled errors in a TaskGroup (1 sub-exception)
WARNING tools.mcp_tool: Failed to connect to MCP server 'qmd' (command=qmd): Connection closed
ERROR gateway.platforms.base: [Discord] Discord bot token already in use (PID 32775). Stop the other gateway first.
WARNING gateway.run: ✗ discord failed to connect
ERROR gateway.run: Gateway hit a non-retryable startup conflict: discord: Discord bot token already in use (PID 32775). Stop the other gateway first.
ERROR gateway.run: Gateway exiting cleanly: discord: Discord bot token already in use (PID 32775). Stop the other gateway first.
[33m⚠ Deprecated .env settings detected:[0m
  [33m⚠[0m MESSAGING_CWD=~/Smith found in .env — this is deprecated.
  [2mMove to config.yaml instead:  terminal:\n    cwd: /your/project/path[0m
  [2mThen remove the old entries from /Users/Jeff/.hermes/profiles/smith/.env[0m

WARNING tools.mcp_tool: MCP server 'qmd' initial connection failed (attempt 1/3), retrying in 1s: unhandled errors in a TaskGroup (1 sub-exception)
WARNING tools.mcp_tool: MCP server 'qmd' initial connection failed (attempt 2/3), retrying in 2s: unhandled errors in a TaskGroup (1 sub-exception)
WARNING tools.mcp_tool: MCP server 'qmd' initial connection failed (attempt 3/3), retrying in 4s: unhandled errors in a TaskGroup (1 sub-exception)
WARNING tools.mcp_tool: MCP server 'qmd' failed initial connection after 3 attempts, giving up: unhandled errors in a TaskGroup (1 sub-exception)
WARNING tools.mcp_tool: Failed to connect to MCP server 'qmd' (command=qmd): Connection closed
ERROR gateway.platforms.base: [Discord] Discord bot token already in use (PID 32775). Stop the other gateway first.
WARNING gateway.run: ✗ discord failed to connect
ERROR gateway.run: Gateway hit a non-retryable startup conflict: discord: Discord bot token already in use (PID 32775). Stop the other gateway first.
ERROR gateway.run: Gateway exiting cleanly: discord: Discord bot token already in use (PID 32775). Stop the other gateway first.
[33m⚠ Deprecated .env settings detected:[0m
  [33m⚠[0m MESSAGING_CWD=~/Smith found in .env — this is deprecated.
  [2mMove to config.yaml instead:  terminal:\n    cwd: /your/project/path[0m
  [2mThen remove the old entries from /Users/Jeff/.hermes/profiles/smith/.env[0m

WARNING tools.mcp_tool: MCP server 'qmd' initial connection failed (attempt 1/3), retrying in 1s: unhandled errors in a TaskGroup (1 sub-exception)
WARNING tools.mcp_tool: MCP server 'qmd' initial connection failed (attempt 2/3), retrying in 2s: unhandled errors in a TaskGroup (1 sub-exception)
WARNING tools.mcp_tool: MCP server 'qmd' initial connection failed (attempt 3/3), retrying in 4s: unhandled errors in a TaskGroup (1 sub-exception)
WARNING tools.mcp_tool: MCP server 'qmd' failed initial connection after 3 attempts, giving up: unhandled errors in a TaskGroup (1 sub-exception)
WARNING tools.mcp_tool: Failed to connect to MCP server 'qmd' (command=qmd): Connection closed
ERROR gateway.platforms.base: [Discord] Discord bot token already in use (PID 32775). Stop the other gateway first.
WARNING gateway.run: ✗ discord failed to connect
ERROR gateway.run: Gateway hit a non-retryable startup conflict: discord: Discord bot token already in use (PID 32775). Stop the other gateway first.
ERROR gateway.run: Gateway exiting cleanly: discord: Discord bot token already in use (PID 32775). Stop the other gateway first.
[33m⚠ Deprecated .env settings detected:[0m
  [33m⚠[0m MESSAGING_CWD=~/Smith found in .env — this is deprecated.
  [2mMove to config.yaml instead:  terminal:\n    cwd: /your/project/path[0m
  [2mThen remove the old entries from /Users/Jeff/.hermes/profiles/smith/.env[0m

WARNING tools.mcp_tool: MCP server 'qmd' initial connection failed (attempt 1/3), retrying in 1s: unhandled errors in a TaskGroup (1 sub-exception)
WARNING tools.mcp_tool: MCP server 'qmd' initial connection failed (attempt 2/3), retrying in 2s: unhandled errors in a TaskGroup (1 sub-exception)
WARNING tools.mcp_tool: MCP server 'qmd' initial connection failed (attempt 3/3), retrying in 4s: unhandled errors in a TaskGroup (1 sub-exception)
WARNING tools.mcp_tool: MCP server 'qmd' failed initial connection after 3 attempts, giving up: unhandled errors in a TaskGroup (1 sub-exception)
WARNING tools.mcp_tool: Failed to connect to MCP server 'qmd' (command=qmd): Connection closed
ERROR gateway.platforms.base: [Discord] Discord bot token already in use (PID 32775). Stop the other gateway first.
WARNING gateway.run: ✗ discord failed to connect
ERROR gateway.run: Gateway hit a non-retryable startup conflict: discord: Discord bot token already in use (PID 32775). Stop the other gateway first.
ERROR gateway.run: Gateway exiting cleanly: discord: Discord bot token already in use (PID 32775). Stop the other gateway first.
[33m⚠ Deprecated .env settings detected:[0m
  [33m⚠[0m MESSAGING_CWD=~/Smith found in .env — this is deprecated.
  [2mMove to config.yaml instead:  terminal:\n    cwd: /your/project/path[0m
  [2mThen remove the old entries from /Users/Jeff/.hermes/profiles/smith/.env[0m

WARNING tools.mcp_tool: MCP server 'qmd' initial connection failed (attempt 1/3), retrying in 1s: unhandled errors in a TaskGroup (1 sub-exception)
WARNING tools.mcp_tool: MCP server 'qmd' initial connection failed (attempt 2/3), retrying in 2s: unhandled errors in a TaskGroup (1 sub-exception)
WARNING tools.mcp_tool: MCP server 'qmd' initial connection failed (attempt 3/3), retrying in 4s: unhandled errors in a TaskGroup (1 sub-exception)
WARNING tools.mcp_tool: MCP server 'qmd' failed initial connection after 3 attempts, giving up: unhandled errors in a TaskGroup (1 sub-exception)
WARNING tools.mcp_tool: Failed to connect to MCP server 'qmd' (command=qmd): Connection closed
ERROR gateway.platforms.base: [Discord] Discord bot token already in use (PID 32775). Stop the other gateway first.
WARNING gateway.run: ✗ discord failed to connect
ERROR gateway.run: Gateway hit a non-retryable startup conflict: discord: Discord bot token already in use (PID 32775). Stop the other gateway first.
ERROR gateway.run: Gateway exiting cleanly: discord: Discord bot token already in use (PID 32775). Stop the other gateway first.
[33m⚠ Deprecated .env settings detected:[0m
  [33m⚠[0m MESSAGING_CWD=~/Smith found in .env — this is deprecated.
  [2mMove to config.yaml instead:  terminal:\n    cwd: /your/project/path[0m
  [2mThen remove the old entries from /Users/Jeff/.hermes/profiles/smith/.env[0m

WARNING tools.mcp_tool: MCP server 'qmd' initial connection failed (attempt 1/3), retrying in 1s: unhandled errors in a TaskGroup (1 sub-exception)
WARNING tools.mcp_tool: MCP server 'qmd' initial connection failed (attempt 2/3), retrying in 2s: unhandled errors in a TaskGroup (1 sub-exception)
WARNING tools.mcp_tool: MCP server 'qmd' initial connection failed (attempt 3/3), retrying in 4s: unhandled errors in a TaskGroup (1 sub-exception)
WARNING tools.mcp_tool: MCP server 'qmd' failed initial connection after 3 attempts, giving up: unhandled errors in a TaskGroup (1 sub-exception)
WARNING tools.mcp_tool: Failed to connect to MCP server 'qmd' (command=qmd): Connection closed
ERROR gateway.platforms.base: [Discord] Discord bot token already in use (PID 32775). Stop the other gateway first.
WARNING gateway.run: ✗ discord failed to connect
ERROR gateway.run: Gateway hit a non-retryable startup conflict: discord: Discord bot token already in use (PID 32775). Stop the other gateway first.
ERROR gateway.run: Gateway exiting cleanly: discord: Discord bot token already in use (PID 32775). Stop the other gateway first.
[33m⚠ Deprecated .env settings detected:[0m
  [33m⚠[0m MESSAGING_CWD=~/Smith found in .env — this is deprecated.
  [2mMove to config.yaml instead:  terminal:\n    cwd: /your/project/path[0m
  [2mThen remove the old entries from /Users/Jeff/.hermes/profiles/smith/.env[0m

WARNING tools.mcp_tool: MCP server 'qmd' initial connection failed (attempt 1/3), retrying in 1s: unhandled errors in a TaskGroup (1 sub-exception)
WARNING tools.mcp_tool: MCP server 'qmd' initial connection failed (attempt 2/3), retrying in 2s: unhandled errors in a TaskGroup (1 sub-exception)
WARNING tools.mcp_tool: MCP server 'qmd' initial connection failed (attempt 3/3), retrying in 4s: unhandled errors in a TaskGroup (1 sub-exception)
WARNING tools.mcp_tool: MCP server 'qmd' failed initial connection after 3 attempts, giving up: unhandled errors in a TaskGroup (1 sub-exception)
WARNING tools.mcp_tool: Failed to connect to MCP server 'qmd' (command=qmd): Connection closed
ERROR gateway.platforms.base: [Discord] Discord bot token already in use (PID 32775). Stop the other gateway first.
WARNING gateway.run: ✗ discord failed to connect
ERROR gateway.run: Gateway hit a non-retryable startup conflict: discord: Discord bot token already in use (PID 32775). Stop the other gateway first.
ERROR gateway.run: Gateway exiting cleanly: discord: Discord bot token already in use (PID 32775). Stop the other gateway first.
[33m⚠ Deprecated .env settings detected:[0m
  [33m⚠[0m MESSAGING_CWD=~/Smith found in .env — this is deprecated.
  [2mMove to config.yaml instead:  terminal:\n    cwd: /your/project/path[0m
  [2mThen remove the old entries from /Users/Jeff/.hermes/profiles/smith/.env[0m

WARNING tools.mcp_tool: MCP server 'qmd' initial connection failed (attempt 1/3), retrying in 1s: unhandled errors in a TaskGroup (1 sub-exception)
WARNING tools.mcp_tool: MCP server 'qmd' initial connection failed (attempt 2/3), retrying in 2s: unhandled errors in a TaskGroup (1 sub-exception)
WARNING tools.mcp_tool: MCP server 'qmd' initial connection failed (attempt 3/3), retrying in 4s: unhandled errors in a TaskGroup (1 sub-exception)
WARNING tools.mcp_tool: MCP server 'qmd' failed initial connection after 3 attempts, giving up: unhandled errors in a TaskGroup (1 sub-exception)
WARNING tools.mcp_tool: Failed to connect to MCP server 'qmd' (command=qmd): Connection closed
ERROR gateway.platforms.base: [Discord] Discord bot token already in use (PID 32775). Stop the other gateway first.
WARNING gateway.run: ✗ discord failed to connect
ERROR gateway.run: Gateway hit a non-retryable startup conflict: discord: Discord bot token already in use (PID 32775). Stop the other gateway first.
ERROR gateway.run: Gateway exiting cleanly: discord: Discord bot token already in use (PID 32775). Stop the other gateway first.
[33m⚠ Deprecated .env settings detected:[0m
  [33m⚠[0m MESSAGING_CWD=~/Smith found in .env — this is deprecated.
  [2mMove to config.yaml instead:  terminal:\n    cwd: /your/project/path[0m
  [2mThen remove the old entries from /Users/Jeff/.hermes/profiles/smith/.env[0m

WARNING tools.mcp_tool: MCP server 'qmd' initial connection failed (attempt 1/3), retrying in 1s: unhandled errors in a TaskGroup (1 sub-exception)
WARNING tools.mcp_tool: MCP server 'qmd' initial connection failed (attempt 2/3), retrying in 2s: unhandled errors in a TaskGroup (1 sub-exception)
WARNING tools.mcp_tool: MCP server 'qmd' initial connection failed (attempt 3/3), retrying in 4s: unhandled errors in a TaskGroup (1 sub-exception)
WARNING tools.mcp_tool: MCP server 'qmd' failed initial connection after 3 attempts, giving up: unhandled errors in a TaskGroup (1 sub-exception)
WARNING tools.mcp_tool: Failed to connect to MCP server 'qmd' (command=qmd): Connection closed
ERROR gateway.platforms.base: [Discord] Discord bot token already in use (PID 32775). Stop the other gateway first.
WARNING gateway.run: ✗ discord failed to connect
ERROR gateway.run: Gateway hit a non-retryable startup conflict: discord: Discord bot token already in use (PID 32775). Stop the other gateway first.
ERROR gateway.run: Gateway exiting cleanly: discord: Discord bot token already in use (PID 32775). Stop the other gateway first.
[33m⚠ Deprecated .env settings detected:[0m
  [33m⚠[0m MESSAGING_CWD=~/Smith found in .env — this is deprecated.
  [2mMove to config.yaml instead:  terminal:\n    cwd: /your/project/path[0m
  [2mThen remove the old entries from /Users/Jeff/.hermes/profiles/smith/.env[0m

WARNING tools.mcp_tool: MCP server 'qmd' initial connection failed (attempt 1/3), retrying in 1s: unhandled errors in a TaskGroup (1 sub-exception)
WARNING tools.mcp_tool: MCP server 'qmd' initial connection failed (attempt 2/3), retrying in 2s: unhandled errors in a TaskGroup (1 sub-exception)
WARNING tools.mcp_tool: MCP server 'qmd' initial connection failed (attempt 3/3), retrying in 4s: unhandled errors in a TaskGroup (1 sub-exception)
WARNING tools.mcp_tool: MCP server 'qmd' failed initial connection after 3 attempts, giving up: unhandled errors in a TaskGroup (1 sub-exception)
WARNING tools.mcp_tool: Failed to connect to MCP server 'qmd' (command=qmd): Connection closed
ERROR gateway.platforms.base: [Discord] Discord bot token already in use (PID 32775). Stop the other gateway first.
WARNING gateway.run: ✗ discord failed to connect
ERROR gateway.run: Gateway hit a non-retryable startup conflict: discord: Discord bot token already in use (PID 32775). Stop the other gateway first.
ERROR gateway.run: Gateway exiting cleanly: discord: Discord bot token already in use (PID 32775). Stop the other gateway first.
[33m⚠ Deprecated .env settings detected:[0m
  [33m⚠[0m MESSAGING_CWD=~/Smith found in .env — this is deprecated.
  [2mMove to config.yaml instead:  terminal:\n    cwd: /your/project/path[0m
  [2mThen remove the old entries from /Users/Jeff/.hermes/profiles/smith/.env[0m

WARNING tools.mcp_tool: MCP server 'qmd' initial connection failed (attempt 1/3), retrying in 1s: unhandled errors in a TaskGroup (1 sub-exception)
WARNING tools.mcp_tool: MCP server 'qmd' initial connection failed (attempt 2/3), retrying in 2s: unhandled errors in a TaskGroup (1 sub-exception)
WARNING tools.mcp_tool: MCP server 'qmd' initial connection failed (attempt 3/3), retrying in 4s: unhandled errors in a TaskGroup (1 sub-exception)
WARNING tools.mcp_tool: MCP server 'qmd' failed initial connection after 3 attempts, giving up: unhandled errors in a TaskGroup (1 sub-exception)
WARNING tools.mcp_tool: Failed to connect to MCP server 'qmd' (command=qmd): Connection closed
ERROR gateway.platforms.base: [Discord] Discord bot token already in use (PID 32775). Stop the other gateway first.
WARNING gateway.run: ✗ discord failed to connect
ERROR gateway.run: Gateway hit a non-retryable startup conflict: discord: Discord bot token already in use (PID 32775). Stop the other gateway first.
ERROR gateway.run: Gateway exiting cleanly: discord: Discord bot token already in use (PID 32775). Stop the other gateway first.
[33m⚠ Deprecated .env settings detected:[0m
  [33m⚠[0m MESSAGING_CWD=~/Smith found in .env — this is deprecated.
  [2mMove to config.yaml instead:  terminal:\n    cwd: /your/project/path[0m
  [2mThen remove the old entries from /Users/Jeff/.hermes/profiles/smith/.env[0m

WARNING tools.mcp_tool: MCP server 'qmd' initial connection failed (attempt 1/3), retrying in 1s: unhandled errors in a TaskGroup (1 sub-exception)
WARNING tools.mcp_tool: MCP server 'qmd' initial connection failed (attempt 2/3), retrying in 2s: unhandled errors in a TaskGroup (1 sub-exception)
WARNING tools.mcp_tool: MCP server 'qmd' initial connection failed (attempt 3/3), retrying in 4s: unhandled errors in a TaskGroup (1 sub-exception)
WARNING tools.mcp_tool: MCP server 'qmd' failed initial connection after 3 attempts, giving up: unhandled errors in a TaskGroup (1 sub-exception)
WARNING tools.mcp_tool: Failed to connect to MCP server 'qmd' (command=qmd): Connection closed
ERROR gateway.platforms.base: [Discord] Discord bot token already in use (PID 32775). Stop the other gateway first.
WARNING gateway.run: ✗ discord failed to connect
ERROR gateway.run: Gateway hit a non-retryable startup conflict: discord: Discord bot token already in use (PID 32775). Stop the other gateway first.
ERROR gateway.run: Gateway exiting cleanly: discord: Discord bot token already in use (PID 32775). Stop the other gateway first.
[33m⚠ Deprecated .env settings detected:[0m
  [33m⚠[0m MESSAGING_CWD=~/Smith found in .env — this is deprecated.
  [2mMove to config.yaml instead:  terminal:\n    cwd: /your/project/path[0m
  [2mThen remove the old entries from /Users/Jeff/.hermes/profiles/smith/.env[0m

WARNING tools.mcp_tool: MCP server 'qmd' initial connection failed (attempt 1/3), retrying in 1s: unhandled errors in a TaskGroup (1 sub-exception)
WARNING tools.mcp_tool: MCP server 'qmd' initial connection failed (attempt 2/3), retrying in 2s: unhandled errors in a TaskGroup (1 sub-exception)
WARNING tools.mcp_tool: MCP server 'qmd' initial connection failed (attempt 3/3), retrying in 4s: unhandled errors in a TaskGroup (1 sub-exception)
WARNING tools.mcp_tool: MCP server 'qmd' failed initial connection after 3 attempts, giving up: unhandled errors in a TaskGroup (1 sub-exception)
WARNING tools.mcp_tool: Failed to connect to MCP server 'qmd' (command=qmd): Connection closed
ERROR gateway.platforms.base: [Discord] Discord bot token already in use (PID 32775). Stop the other gateway first.
WARNING gateway.run: ✗ discord failed to connect
ERROR gateway.run: Gateway hit a non-retryable startup conflict: discord: Discord bot token already in use (PID 32775). Stop the other gateway first.
ERROR gateway.run: Gateway exiting cleanly: discord: Discord bot token already in use (PID 32775). Stop the other gateway first.
[33m⚠ Deprecated .env settings detected:[0m
  [33m⚠[0m MESSAGING_CWD=~/Smith found in .env — this is deprecated.
  [2mMove to config.yaml instead:  terminal:\n    cwd: /your/project/path[0m
  [2mThen remove the old entries from /Users/Jeff/.hermes/profiles/smith/.env[0m

WARNING tools.mcp_tool: MCP server 'qmd' initial connection failed (attempt 1/3), retrying in 1s: unhandled errors in a TaskGroup (1 sub-exception)
WARNING tools.mcp_tool: MCP server 'qmd' initial connection failed (attempt 2/3), retrying in 2s: unhandled errors in a TaskGroup (1 sub-exception)
WARNING tools.mcp_tool: MCP server 'qmd' initial connection failed (attempt 3/3), retrying in 4s: unhandled errors in a TaskGroup (1 sub-exception)
WARNING tools.mcp_tool: MCP server 'qmd' failed initial connection after 3 attempts, giving up: unhandled errors in a TaskGroup (1 sub-exception)
WARNING tools.mcp_tool: Failed to connect to MCP server 'qmd' (command=qmd): Connection closed
ERROR gateway.platforms.base: [Discord] Discord bot token already in use (PID 32775). Stop the other gateway first.
WARNING gateway.run: ✗ discord failed to connect
ERROR gateway.run: Gateway hit a non-retryable startup conflict: discord: Discord bot token already in use (PID 32775). Stop the other gateway first.
ERROR gateway.run: Gateway exiting cleanly: discord: Discord bot token already in use (PID 32775). Stop the other gateway first.
[33m⚠ Deprecated .env settings detected:[0m
  [33m⚠[0m MESSAGING_CWD=~/Smith found in .env — this is deprecated.
  [2mMove to config.yaml instead:  terminal:\n    cwd: /your/project/path[0m
  [2mThen remove the old entries from /Users/Jeff/.hermes/profiles/smith/.env[0m

WARNING tools.mcp_tool: MCP server 'qmd' initial connection failed (attempt 1/3), retrying in 1s: unhandled errors in a TaskGroup (1 sub-exception)
WARNING tools.mcp_tool: MCP server 'qmd' initial connection failed (attempt 2/3), retrying in 2s: unhandled errors in a TaskGroup (1 sub-exception)
WARNING tools.mcp_tool: MCP server 'qmd' initial connection failed (attempt 3/3), retrying in 4s: unhandled errors in a TaskGroup (1 sub-exception)
WARNING tools.mcp_tool: MCP server 'qmd' failed initial connection after 3 attempts, giving up: unhandled errors in a TaskGroup (1 sub-exception)
WARNING tools.mcp_tool: Failed to connect to MCP server 'qmd' (command=qmd): Connection closed
ERROR gateway.platforms.base: [Discord] Discord bot token already in use (PID 32775). Stop the other gateway first.
WARNING gateway.run: ✗ discord failed to connect
ERROR gateway.run: Gateway hit a non-retryable startup conflict: discord: Discord bot token already in use (PID 32775). Stop the other gateway first.
ERROR gateway.run: Gateway exiting cleanly: discord: Discord bot token already in use (PID 32775). Stop the other gateway first.
[33m⚠ Deprecated .env settings detected:[0m
  [33m⚠[0m MESSAGING_CWD=~/Smith found in .env — this is deprecated.
  [2mMove to config.yaml instead:  terminal:\n    cwd: /your/project/path[0m
  [2mThen remove the old entries from /Users/Jeff/.hermes/profiles/smith/.env[0m

WARNING tools.mcp_tool: MCP server 'qmd' initial connection failed (attempt 1/3), retrying in 1s: unhandled errors in a TaskGroup (1 sub-exception)
WARNING tools.mcp_tool: MCP server 'qmd' initial connection failed (attempt 2/3), retrying in 2s: unhandled errors in a TaskGroup (1 sub-exception)
WARNING tools.mcp_tool: MCP server 'qmd' initial connection failed (attempt 3/3), retrying in 4s: unhandled errors in a TaskGroup (1 sub-exception)
WARNING tools.mcp_tool: MCP server 'qmd' failed initial connection after 3 attempts, giving up: unhandled errors in a TaskGroup (1 sub-exception)
WARNING tools.mcp_tool: Failed to connect to MCP server 'qmd' (command=qmd): Connection closed
ERROR gateway.platforms.base: [Discord] Discord bot token already in use (PID 32775). Stop the other gateway first.
WARNING gateway.run: ✗ discord failed to connect
ERROR gateway.run: Gateway hit a non-retryable startup conflict: discord: Discord bot token already in use (PID 32775). Stop the other gateway first.
ERROR gateway.run: Gateway exiting cleanly: discord: Discord bot token already in use (PID 32775). Stop the other gateway first.
[33m⚠ Deprecated .env settings detected:[0m
  [33m⚠[0m MESSAGING_CWD=~/Smith found in .env — this is deprecated.
  [2mMove to config.yaml instead:  terminal:\n    cwd: /your/project/path[0m
  [2mThen remove the old entries from /Users/Jeff/.hermes/profiles/smith/.env[0m

WARNING tools.mcp_tool: MCP server 'qmd' initial connection failed (attempt 1/3), retrying in 1s: unhandled errors in a TaskGroup (1 sub-exception)
WARNING tools.mcp_tool: MCP server 'qmd' initial connection failed (attempt 2/3), retrying in 2s: unhandled errors in a TaskGroup (1 sub-exception)
WARNING tools.mcp_tool: MCP server 'qmd' initial connection failed (attempt 3/3), retrying in 4s: unhandled errors in a TaskGroup (1 sub-exception)
WARNING tools.mcp_tool: MCP server 'qmd' failed initial connection after 3 attempts, giving up: unhandled errors in a TaskGroup (1 sub-exception)
WARNING tools.mcp_tool: Failed to connect to MCP server 'qmd' (command=qmd): Connection closed
ERROR gateway.platforms.base: [Discord] Discord bot token already in use (PID 32775). Stop the other gateway first.
WARNING gateway.run: ✗ discord failed to connect
ERROR gateway.run: Gateway hit a non-retryable startup conflict: discord: Discord bot token already in use (PID 32775). Stop the other gateway first.
ERROR gateway.run: Gateway exiting cleanly: discord: Discord bot token already in use (PID 32775). Stop the other gateway first.
[33m⚠ Deprecated .env settings detected:[0m
  [33m⚠[0m MESSAGING_CWD=~/Smith found in .env — this is deprecated.
  [2mMove to config.yaml instead:  terminal:\n    cwd: /your/project/path[0m
  [2mThen remove the old entries from /Users/Jeff/.hermes/profiles/smith/.env[0m

WARNING tools.mcp_tool: MCP server 'qmd' initial connection failed (attempt 1/3), retrying in 1s: unhandled errors in a TaskGroup (1 sub-exception)
WARNING tools.mcp_tool: MCP server 'qmd' initial connection failed (attempt 2/3), retrying in 2s: unhandled errors in a TaskGroup (1 sub-exception)
WARNING tools.mcp_tool: MCP server 'qmd' initial connection failed (attempt 3/3), retrying in 4s: unhandled errors in a TaskGroup (1 sub-exception)
WARNING tools.mcp_tool: MCP server 'qmd' failed initial connection after 3 attempts, giving up: unhandled errors in a TaskGroup (1 sub-exception)
WARNING tools.mcp_tool: Failed to connect to MCP server 'qmd' (command=qmd): Connection closed
ERROR gateway.platforms.base: [Discord] Discord bot token already in use (PID 32775). Stop the other gateway first.
WARNING gateway.run: ✗ discord failed to connect
ERROR gateway.run: Gateway hit a non-retryable startup conflict: discord: Discord bot token already in use (PID 32775). Stop the other gateway first.
ERROR gateway.run: Gateway exiting cleanly: discord: Discord bot token already in use (PID 32775). Stop the other gateway first.
[33m⚠ Deprecated .env settings detected:[0m
  [33m⚠[0m MESSAGING_CWD=~/Smith found in .env — this is deprecated.
  [2mMove to config.yaml instead:  terminal:\n    cwd: /your/project/path[0m
  [2mThen remove the old entries from /Users/Jeff/.hermes/profiles/smith/.env[0m

WARNING tools.mcp_tool: MCP server 'qmd' initial connection failed (attempt 1/3), retrying in 1s: unhandled errors in a TaskGroup (1 sub-exception)
WARNING tools.mcp_tool: MCP server 'qmd' initial connection failed (attempt 2/3), retrying in 2s: unhandled errors in a TaskGroup (1 sub-exception)
WARNING tools.mcp_tool: MCP server 'qmd' initial connection failed (attempt 3/3), retrying in 4s: unhandled errors in a TaskGroup (1 sub-exception)
WARNING tools.mcp_tool: MCP server 'qmd' failed initial connection after 3 attempts, giving up: unhandled errors in a TaskGroup (1 sub-exception)
WARNING tools.mcp_tool: Failed to connect to MCP server 'qmd' (command=qmd): Connection closed
ERROR gateway.platforms.base: [Discord] Discord bot token already in use (PID 32775). Stop the other gateway first.
WARNING gateway.run: ✗ discord failed to connect
ERROR gateway.run: Gateway hit a non-retryable startup conflict: discord: Discord bot token already in use (PID 32775). Stop the other gateway first.
ERROR gateway.run: Gateway exiting cleanly: discord: Discord bot token already in use (PID 32775). Stop the other gateway first.
[33m⚠ Deprecated .env settings detected:[0m
  [33m⚠[0m MESSAGING_CWD=~/Smith found in .env — this is deprecated.
  [2mMove to config.yaml instead:  terminal:\n    cwd: /your/project/path[0m
  [2mThen remove the old entries from /Users/Jeff/.hermes/profiles/smith/.env[0m

WARNING tools.mcp_tool: MCP server 'qmd' initial connection failed (attempt 1/3), retrying in 1s: unhandled errors in a TaskGroup (1 sub-exception)
WARNING tools.mcp_tool: MCP server 'qmd' initial connection failed (attempt 2/3), retrying in 2s: unhandled errors in a TaskGroup (1 sub-exception)
WARNING tools.mcp_tool: MCP server 'qmd' initial connection failed (attempt 3/3), retrying in 4s: unhandled errors in a TaskGroup (1 sub-exception)
WARNING tools.mcp_tool: MCP server 'qmd' failed initial connection after 3 attempts, giving up: unhandled errors in a TaskGroup (1 sub-exception)
WARNING tools.mcp_tool: Failed to connect to MCP server 'qmd' (command=qmd): Connection closed
ERROR gateway.platforms.base: [Discord] Discord bot token already in use (PID 32775). Stop the other gateway first.
WARNING gateway.run: ✗ discord failed to connect
ERROR gateway.run: Gateway hit a non-retryable startup conflict: discord: Discord bot token already in use (PID 32775). Stop the other gateway first.
ERROR gateway.run: Gateway exiting cleanly: discord: Discord bot token already in use (PID 32775). Stop the other gateway first.
[33m⚠ Deprecated .env settings detected:[0m
  [33m⚠[0m MESSAGING_CWD=~/Smith found in .env — this is deprecated.
  [2mMove to config.yaml instead:  terminal:\n    cwd: /your/project/path[0m
  [2mThen remove the old entries from /Users/Jeff/.hermes/profiles/smith/.env[0m

WARNING tools.mcp_tool: MCP server 'qmd' initial connection failed (attempt 1/3), retrying in 1s: unhandled errors in a TaskGroup (1 sub-exception)
WARNING tools.mcp_tool: MCP server 'qmd' initial connection failed (attempt 2/3), retrying in 2s: unhandled errors in a TaskGroup (1 sub-exception)
WARNING tools.mcp_tool: MCP server 'qmd' initial connection failed (attempt 3/3), retrying in 4s: unhandled errors in a TaskGroup (1 sub-exception)
WARNING tools.mcp_tool: MCP server 'qmd' failed initial connection after 3 attempts, giving up: unhandled errors in a TaskGroup (1 sub-exception)
WARNING tools.mcp_tool: Failed to connect to MCP server 'qmd' (command=qmd): Connection closed
ERROR gateway.platforms.base: [Discord] Discord bot token already in use (PID 32775). Stop the other gateway first.
WARNING gateway.run: ✗ discord failed to connect
ERROR gateway.run: Gateway hit a non-retryable startup conflict: discord: Discord bot token already in use (PID 32775). Stop the other gateway first.
ERROR gateway.run: Gateway exiting cleanly: discord: Discord bot token already in use (PID 32775). Stop the other gateway first.
[33m⚠ Deprecated .env settings detected:[0m
  [33m⚠[0m MESSAGING_CWD=~/Smith found in .env — this is deprecated.
  [2mMove to config.yaml instead:  terminal:\n    cwd: /your/project/path[0m
  [2mThen remove the old entries from /Users/Jeff/.hermes/profiles/smith/.env[0m

WARNING tools.mcp_tool: MCP server 'qmd' initial connection failed (attempt 1/3), retrying in 1s: unhandled errors in a TaskGroup (1 sub-exception)
WARNING tools.mcp_tool: MCP server 'qmd' initial connection failed (attempt 2/3), retrying in 2s: unhandled errors in a TaskGroup (1 sub-exception)
WARNING tools.mcp_tool: MCP server 'qmd' initial connection failed (attempt 3/3), retrying in 4s: unhandled errors in a TaskGroup (1 sub-exception)
WARNING tools.mcp_tool: MCP server 'qmd' failed initial connection after 3 attempts, giving up: unhandled errors in a TaskGroup (1 sub-exception)
WARNING tools.mcp_tool: Failed to connect to MCP server 'qmd' (command=qmd): Connection closed
ERROR gateway.platforms.base: [Discord] Discord bot token already in use (PID 32775). Stop the other gateway first.
WARNING gateway.run: ✗ discord failed to connect
ERROR gateway.run: Gateway hit a non-retryable startup conflict: discord: Discord bot token already in use (PID 32775). Stop the other gateway first.
ERROR gateway.run: Gateway exiting cleanly: discord: Discord bot token already in use (PID 32775). Stop the other gateway first.
[33m⚠ Deprecated .env settings detected:[0m
  [33m⚠[0m MESSAGING_CWD=~/Smith found in .env — this is deprecated.
  [2mMove to config.yaml instead:  terminal:\n    cwd: /your/project/path[0m
  [2mThen remove the old entries from /Users/Jeff/.hermes/profiles/smith/.env[0m

WARNING tools.mcp_tool: MCP server 'qmd' initial connection failed (attempt 1/3), retrying in 1s: unhandled errors in a TaskGroup (1 sub-exception)
WARNING tools.mcp_tool: MCP server 'qmd' initial connection failed (attempt 2/3), retrying in 2s: unhandled errors in a TaskGroup (1 sub-exception)
WARNING tools.mcp_tool: MCP server 'qmd' initial connection failed (attempt 3/3), retrying in 4s: unhandled errors in a TaskGroup (1 sub-exception)
WARNING tools.mcp_tool: MCP server 'qmd' failed initial connection after 3 attempts, giving up: unhandled errors in a TaskGroup (1 sub-exception)
WARNING tools.mcp_tool: Failed to connect to MCP server 'qmd' (command=qmd): Connection closed
ERROR gateway.platforms.base: [Discord] Discord bot token already in use (PID 32775). Stop the other gateway first.
WARNING gateway.run: ✗ discord failed to connect
ERROR gateway.run: Gateway hit a non-retryable startup conflict: discord: Discord bot token already in use (PID 32775). Stop the other gateway first.
ERROR gateway.run: Gateway exiting cleanly: discord: Discord bot token already in use (PID 32775). Stop the other gateway first.
[33m⚠ Deprecated .env settings detected:[0m
  [33m⚠[0m MESSAGING_CWD=~/Smith found in .env — this is deprecated.
  [2mMove to config.yaml instead:  terminal:\n    cwd: /your/project/path[0m
  [2mThen remove the old entries from /Users/Jeff/.hermes/profiles/smith/.env[0m

WARNING tools.mcp_tool: MCP server 'qmd' initial connection failed (attempt 1/3), retrying in 1s: unhandled errors in a TaskGroup (1 sub-exception)
WARNING tools.mcp_tool: MCP server 'qmd' initial connection failed (attempt 2/3), retrying in 2s: unhandled errors in a TaskGroup (1 sub-exception)
WARNING tools.mcp_tool: MCP server 'qmd' initial connection failed (attempt 3/3), retrying in 4s: unhandled errors in a TaskGroup (1 sub-exception)
WARNING tools.mcp_tool: MCP server 'qmd' failed initial connection after 3 attempts, giving up: unhandled errors in a TaskGroup (1 sub-exception)
WARNING tools.mcp_tool: Failed to connect to MCP server 'qmd' (command=qmd): Connection closed
ERROR gateway.platforms.base: [Discord] Discord bot token already in use (PID 32775). Stop the other gateway first.
WARNING gateway.run: ✗ discord failed to connect
ERROR gateway.run: Gateway hit a non-retryable startup conflict: discord: Discord bot token already in use (PID 32775). Stop the other gateway first.
ERROR gateway.run: Gateway exiting cleanly: discord: Discord bot token already in use (PID 32775). Stop the other gateway first.
[33m⚠ Deprecated .env settings detected:[0m
  [33m⚠[0m MESSAGING_CWD=~/Smith found in .env — this is deprecated.
  [2mMove to config.yaml instead:  terminal:\n    cwd: /your/project/path[0m
  [2mThen remove the old entries from /Users/Jeff/.hermes/profiles/smith/.env[0m

WARNING tools.mcp_tool: MCP server 'qmd' initial connection failed (attempt 1/3), retrying in 1s: unhandled errors in a TaskGroup (1 sub-exception)
WARNING tools.mcp_tool: MCP server 'qmd' initial connection failed (attempt 2/3), retrying in 2s: unhandled errors in a TaskGroup (1 sub-exception)
WARNING tools.mcp_tool: MCP server 'qmd' initial connection failed (attempt 3/3), retrying in 4s: unhandled errors in a TaskGroup (1 sub-exception)
WARNING tools.mcp_tool: MCP server 'qmd' failed initial connection after 3 attempts, giving up: unhandled errors in a TaskGroup (1 sub-exception)
WARNING tools.mcp_tool: Failed to connect to MCP server 'qmd' (command=qmd): Connection closed
ERROR gateway.platforms.base: [Discord] Discord bot token already in use (PID 32775). Stop the other gateway first.
WARNING gateway.run: ✗ discord failed to connect
ERROR gateway.run: Gateway hit a non-retryable startup conflict: discord: Discord bot token already in use (PID 32775). Stop the other gateway first.
ERROR gateway.run: Gateway exiting cleanly: discord: Discord bot token already in use (PID 32775). Stop the other gateway first.
[33m⚠ Deprecated .env settings detected:[0m
  [33m⚠[0m MESSAGING_CWD=~/Smith found in .env — this is deprecated.
  [2mMove to config.yaml instead:  terminal:\n    cwd: /your/project/path[0m
  [2mThen remove the old entries from /Users/Jeff/.hermes/profiles/smith/.env[0m

WARNING tools.mcp_tool: MCP server 'qmd' initial connection failed (attempt 1/3), retrying in 1s: unhandled errors in a TaskGroup (1 sub-exception)
WARNING tools.mcp_tool: MCP server 'qmd' initial connection failed (attempt 2/3), retrying in 2s: unhandled errors in a TaskGroup (1 sub-exception)
WARNING tools.mcp_tool: MCP server 'qmd' initial connection failed (attempt 3/3), retrying in 4s: unhandled errors in a TaskGroup (1 sub-exception)
WARNING tools.mcp_tool: MCP server 'qmd' failed initial connection after 3 attempts, giving up: unhandled errors in a TaskGroup (1 sub-exception)
WARNING tools.mcp_tool: Failed to connect to MCP server 'qmd' (command=qmd): Connection closed
ERROR gateway.platforms.base: [Discord] Discord bot token already in use (PID 32775). Stop the other gateway first.
WARNING gateway.run: ✗ discord failed to connect
ERROR gateway.run: Gateway hit a non-retryable startup conflict: discord: Discord bot token already in use (PID 32775). Stop the other gateway first.
ERROR gateway.run: Gateway exiting cleanly: discord: Discord bot token already in use (PID 32775). Stop the other gateway first.
[33m⚠ Deprecated .env settings detected:[0m
  [33m⚠[0m MESSAGING_CWD=~/Smith found in .env — this is deprecated.
  [2mMove to config.yaml instead:  terminal:\n    cwd: /your/project/path[0m
  [2mThen remove the old entries from /Users/Jeff/.hermes/profiles/smith/.env[0m

WARNING tools.mcp_tool: MCP server 'qmd' initial connection failed (attempt 1/3), retrying in 1s: unhandled errors in a TaskGroup (1 sub-exception)
WARNING tools.mcp_tool: MCP server 'qmd' initial connection failed (attempt 2/3), retrying in 2s: unhandled errors in a TaskGroup (1 sub-exception)
WARNING tools.mcp_tool: MCP server 'qmd' initial connection failed (attempt 3/3), retrying in 4s: unhandled errors in a TaskGroup (1 sub-exception)
WARNING tools.mcp_tool: MCP server 'qmd' failed initial connection after 3 attempts, giving up: unhandled errors in a TaskGroup (1 sub-exception)
WARNING tools.mcp_tool: Failed to connect to MCP server 'qmd' (command=qmd): Connection closed
ERROR gateway.platforms.base: [Discord] Discord bot token already in use (PID 32775). Stop the other gateway first.
WARNING gateway.run: ✗ discord failed to connect
ERROR gateway.run: Gateway hit a non-retryable startup conflict: discord: Discord bot token already in use (PID 32775). Stop the other gateway first.
ERROR gateway.run: Gateway exiting cleanly: discord: Discord bot token already in use (PID 32775). Stop the other gateway first.
[33m⚠ Deprecated .env settings detected:[0m
  [33m⚠[0m MESSAGING_CWD=~/Smith found in .env — this is deprecated.
  [2mMove to config.yaml instead:  terminal:\n    cwd: /your/project/path[0m
  [2mThen remove the old entries from /Users/Jeff/.hermes/profiles/smith/.env[0m

WARNING tools.mcp_tool: MCP server 'qmd' initial connection failed (attempt 1/3), retrying in 1s: unhandled errors in a TaskGroup (1 sub-exception)
WARNING tools.mcp_tool: MCP server 'qmd' initial connection failed (attempt 2/3), retrying in 2s: unhandled errors in a TaskGroup (1 sub-exception)
WARNING tools.mcp_tool: MCP server 'qmd' initial connection failed (attempt 3/3), retrying in 4s: unhandled errors in a TaskGroup (1 sub-exception)
WARNING tools.mcp_tool: MCP server 'qmd' failed initial connection after 3 attempts, giving up: unhandled errors in a TaskGroup (1 sub-exception)
WARNING tools.mcp_tool: Failed to connect to MCP server 'qmd' (command=qmd): Connection closed
ERROR gateway.platforms.base: [Discord] Discord bot token already in use (PID 32775). Stop the other gateway first.
WARNING gateway.run: ✗ discord failed to connect
ERROR gateway.run: Gateway hit a non-retryable startup conflict: discord: Discord bot token already in use (PID 32775). Stop the other gateway first.
ERROR gateway.run: Gateway exiting cleanly: discord: Discord bot token already in use (PID 32775). Stop the other gateway first.
[33m⚠ Deprecated .env settings detected:[0m
  [33m⚠[0m MESSAGING_CWD=~/Smith found in .env — this is deprecated.
  [2mMove to config.yaml instead:  terminal:\n    cwd: /your/project/path[0m
  [2mThen remove the old entries from /Users/Jeff/.hermes/profiles/smith/.env[0m

WARNING tools.mcp_tool: MCP server 'qmd' initial connection failed (attempt 1/3), retrying in 1s: unhandled errors in a TaskGroup (1 sub-exception)
WARNING tools.mcp_tool: MCP server 'qmd' initial connection failed (attempt 2/3), retrying in 2s: unhandled errors in a TaskGroup (1 sub-exception)
WARNING tools.mcp_tool: MCP server 'qmd' initial connection failed (attempt 3/3), retrying in 4s: unhandled errors in a TaskGroup (1 sub-exception)
WARNING tools.mcp_tool: MCP server 'qmd' failed initial connection after 3 attempts, giving up: unhandled errors in a TaskGroup (1 sub-exception)
WARNING tools.mcp_tool: Failed to connect to MCP server 'qmd' (command=qmd): Connection closed
ERROR gateway.platforms.base: [Discord] Discord bot token already in use (PID 32775). Stop the other gateway first.
WARNING gateway.run: ✗ discord failed to connect
ERROR gateway.run: Gateway hit a non-retryable startup conflict: discord: Discord bot token already in use (PID 32775). Stop the other gateway first.
ERROR gateway.run: Gateway exiting cleanly: discord: Discord bot token already in use (PID 32775). Stop the other gateway first.
[33m⚠ Deprecated .env settings detected:[0m
  [33m⚠[0m MESSAGING_CWD=~/Smith found in .env — this is deprecated.
  [2mMove to config.yaml instead:  terminal:\n    cwd: /your/project/path[0m
  [2mThen remove the old entries from /Users/Jeff/.hermes/profiles/smith/.env[0m

WARNING tools.mcp_tool: MCP server 'qmd' initial connection failed (attempt 1/3), retrying in 1s: unhandled errors in a TaskGroup (1 sub-exception)
WARNING tools.mcp_tool: MCP server 'qmd' initial connection failed (attempt 2/3), retrying in 2s: unhandled errors in a TaskGroup (1 sub-exception)
WARNING tools.mcp_tool: MCP server 'qmd' initial connection failed (attempt 3/3), retrying in 4s: unhandled errors in a TaskGroup (1 sub-exception)
WARNING tools.mcp_tool: MCP server 'qmd' failed initial connection after 3 attempts, giving up: unhandled errors in a TaskGroup (1 sub-exception)
WARNING tools.mcp_tool: Failed to connect to MCP server 'qmd' (command=qmd): Connection closed
ERROR gateway.platforms.base: [Discord] Discord bot token already in use (PID 32775). Stop the other gateway first.
WARNING gateway.run: ✗ discord failed to connect
ERROR gateway.run: Gateway hit a non-retryable startup conflict: discord: Discord bot token already in use (PID 32775). Stop the other gateway first.
ERROR gateway.run: Gateway exiting cleanly: discord: Discord bot token already in use (PID 32775). Stop the other gateway first.
[33m⚠ Deprecated .env settings detected:[0m
  [33m⚠[0m MESSAGING_CWD=~/Smith found in .env — this is deprecated.
  [2mMove to config.yaml instead:  terminal:\n    cwd: /your/project/path[0m
  [2mThen remove the old entries from /Users/Jeff/.hermes/profiles/smith/.env[0m

WARNING tools.mcp_tool: MCP server 'qmd' initial connection failed (attempt 1/3), retrying in 1s: unhandled errors in a TaskGroup (1 sub-exception)
WARNING tools.mcp_tool: MCP server 'qmd' initial connection failed (attempt 2/3), retrying in 2s: unhandled errors in a TaskGroup (1 sub-exception)
WARNING tools.mcp_tool: MCP server 'qmd' initial connection failed (attempt 3/3), retrying in 4s: unhandled errors in a TaskGroup (1 sub-exception)
WARNING tools.mcp_tool: MCP server 'qmd' failed initial connection after 3 attempts, giving up: unhandled errors in a TaskGroup (1 sub-exception)
WARNING tools.mcp_tool: Failed to connect to MCP server 'qmd' (command=qmd): Connection closed
ERROR gateway.platforms.base: [Discord] Discord bot token already in use (PID 32775). Stop the other gateway first.
WARNING gateway.run: ✗ discord failed to connect
ERROR gateway.run: Gateway hit a non-retryable startup conflict: discord: Discord bot token already in use (PID 32775). Stop the other gateway first.
ERROR gateway.run: Gateway exiting cleanly: discord: Discord bot token already in use (PID 32775). Stop the other gateway first.
[33m⚠ Deprecated .env settings detected:[0m
  [33m⚠[0m MESSAGING_CWD=~/Smith found in .env — this is deprecated.
  [2mMove to config.yaml instead:  terminal:\n    cwd: /your/project/path[0m
  [2mThen remove the old entries from /Users/Jeff/.hermes/profiles/smith/.env[0m

WARNING tools.mcp_tool: MCP server 'qmd' initial connection failed (attempt 1/3), retrying in 1s: unhandled errors in a TaskGroup (1 sub-exception)
WARNING tools.mcp_tool: MCP server 'qmd' initial connection failed (attempt 2/3), retrying in 2s: unhandled errors in a TaskGroup (1 sub-exception)
WARNING tools.mcp_tool: MCP server 'qmd' initial connection failed (attempt 3/3), retrying in 4s: unhandled errors in a TaskGroup (1 sub-exception)
WARNING tools.mcp_tool: MCP server 'qmd' failed initial connection after 3 attempts, giving up: unhandled errors in a TaskGroup (1 sub-exception)
WARNING tools.mcp_tool: Failed to connect to MCP server 'qmd' (command=qmd): Connection closed
ERROR gateway.platforms.base: [Discord] Discord bot token already in use (PID 32775). Stop the other gateway first.
WARNING gateway.run: ✗ discord failed to connect
ERROR gateway.run: Gateway hit a non-retryable startup conflict: discord: Discord bot token already in use (PID 32775). Stop the other gateway first.
ERROR gateway.run: Gateway exiting cleanly: discord: Discord bot token already in use (PID 32775). Stop the other gateway first.
[33m⚠ Deprecated .env settings detected:[0m
  [33m⚠[0m MESSAGING_CWD=~/Smith found in .env — this is deprecated.
  [2mMove to config.yaml instead:  terminal:\n    cwd: /your/project/path[0m
  [2mThen remove the old entries from /Users/Jeff/.hermes/profiles/smith/.env[0m

WARNING tools.mcp_tool: MCP server 'qmd' initial connection failed (attempt 1/3), retrying in 1s: unhandled errors in a TaskGroup (1 sub-exception)
WARNING tools.mcp_tool: MCP server 'qmd' initial connection failed (attempt 2/3), retrying in 2s: unhandled errors in a TaskGroup (1 sub-exception)
WARNING tools.mcp_tool: MCP server 'qmd' initial connection failed (attempt 3/3), retrying in 4s: unhandled errors in a TaskGroup (1 sub-exception)
WARNING tools.mcp_tool: MCP server 'qmd' failed initial connection after 3 attempts, giving up: unhandled errors in a TaskGroup (1 sub-exception)
WARNING tools.mcp_tool: Failed to connect to MCP server 'qmd' (command=qmd): Connection closed
ERROR gateway.platforms.base: [Discord] Discord bot token already in use (PID 32775). Stop the other gateway first.
WARNING gateway.run: ✗ discord failed to connect
ERROR gateway.run: Gateway hit a non-retryable startup conflict: discord: Discord bot token already in use (PID 32775). Stop the other gateway first.
ERROR gateway.run: Gateway exiting cleanly: discord: Discord bot token already in use (PID 32775). Stop the other gateway first.
[33m⚠ Deprecated .env settings detected:[0m
  [33m⚠[0m MESSAGING_CWD=~/Smith found in .env — this is deprecated.
  [2mMove to config.yaml instead:  terminal:\n    cwd: /your/project/path[0m
  [2mThen remove the old entries from /Users/Jeff/.hermes/profiles/smith/.env[0m

WARNING tools.mcp_tool: MCP server 'qmd' initial connection failed (attempt 1/3), retrying in 1s: unhandled errors in a TaskGroup (1 sub-exception)
WARNING tools.mcp_tool: MCP server 'qmd' initial connection failed (attempt 2/3), retrying in 2s: unhandled errors in a TaskGroup (1 sub-exception)
WARNING tools.mcp_tool: MCP server 'qmd' initial connection failed (attempt 3/3), retrying in 4s: unhandled errors in a TaskGroup (1 sub-exception)
WARNING tools.mcp_tool: MCP server 'qmd' failed initial connection after 3 attempts, giving up: unhandled errors in a TaskGroup (1 sub-exception)
WARNING tools.mcp_tool: Failed to connect to MCP server 'qmd' (command=qmd): Connection closed
ERROR gateway.platforms.base: [Discord] Discord bot token already in use (PID 32775). Stop the other gateway first.
WARNING gateway.run: ✗ discord failed to connect
ERROR gateway.run: Gateway hit a non-retryable startup conflict: discord: Discord bot token already in use (PID 32775). Stop the other gateway first.
ERROR gateway.run: Gateway exiting cleanly: discord: Discord bot token already in use (PID 32775). Stop the other gateway first.
[33m⚠ Deprecated .env settings detected:[0m
  [33m⚠[0m MESSAGING_CWD=~/Smith found in .env — this is deprecated.
  [2mMove to config.yaml instead:  terminal:\n    cwd: /your/project/path[0m
  [2mThen remove the old entries from /Users/Jeff/.hermes/profiles/smith/.env[0m

WARNING tools.mcp_tool: MCP server 'qmd' initial connection failed (attempt 1/3), retrying in 1s: unhandled errors in a TaskGroup (1 sub-exception)
WARNING tools.mcp_tool: MCP server 'qmd' initial connection failed (attempt 2/3), retrying in 2s: unhandled errors in a TaskGroup (1 sub-exception)
WARNING tools.mcp_tool: MCP server 'qmd' initial connection failed (attempt 3/3), retrying in 4s: unhandled errors in a TaskGroup (1 sub-exception)
WARNING tools.mcp_tool: MCP server 'qmd' failed initial connection after 3 attempts, giving up: unhandled errors in a TaskGroup (1 sub-exception)
WARNING tools.mcp_tool: Failed to connect to MCP server 'qmd' (command=qmd): Connection closed
ERROR gateway.platforms.base: [Discord] Discord bot token already in use (PID 32775). Stop the other gateway first.
WARNING gateway.run: ✗ discord failed to connect
ERROR gateway.run: Gateway hit a non-retryable startup conflict: discord: Discord bot token already in use (PID 32775). Stop the other gateway first.
ERROR gateway.run: Gateway exiting cleanly: discord: Discord bot token already in use (PID 32775). Stop the other gateway first.
[33m⚠ Deprecated .env settings detected:[0m
  [33m⚠[0m MESSAGING_CWD=~/Smith found in .env — this is deprecated.
  [2mMove to config.yaml instead:  terminal:\n    cwd: /your/project/path[0m
  [2mThen remove the old entries from /Users/Jeff/.hermes/profiles/smith/.env[0m

WARNING tools.mcp_tool: MCP server 'qmd' initial connection failed (attempt 1/3), retrying in 1s: unhandled errors in a TaskGroup (1 sub-exception)
WARNING tools.mcp_tool: MCP server 'qmd' initial connection failed (attempt 2/3), retrying in 2s: unhandled errors in a TaskGroup (1 sub-exception)
WARNING tools.mcp_tool: MCP server 'qmd' initial connection failed (attempt 3/3), retrying in 4s: unhandled errors in a TaskGroup (1 sub-exception)
WARNING tools.mcp_tool: MCP server 'qmd' failed initial connection after 3 attempts, giving up: unhandled errors in a TaskGroup (1 sub-exception)
WARNING tools.mcp_tool: Failed to connect to MCP server 'qmd' (command=qmd): Connection closed
ERROR gateway.platforms.base: [Discord] Discord bot token already in use (PID 32775). Stop the other gateway first.
WARNING gateway.run: ✗ discord failed to connect
ERROR gateway.run: Gateway hit a non-retryable startup conflict: discord: Discord bot token already in use (PID 32775). Stop the other gateway first.
ERROR gateway.run: Gateway exiting cleanly: discord: Discord bot token already in use (PID 32775). Stop the other gateway first.
[33m⚠ Deprecated .env settings detected:[0m
  [33m⚠[0m MESSAGING_CWD=~/Smith found in .env — this is deprecated.
  [2mMove to config.yaml instead:  terminal:\n    cwd: /your/project/path[0m
  [2mThen remove the old entries from /Users/Jeff/.hermes/profiles/smith/.env[0m

WARNING tools.mcp_tool: MCP server 'qmd' initial connection failed (attempt 1/3), retrying in 1s: unhandled errors in a TaskGroup (1 sub-exception)
WARNING tools.mcp_tool: MCP server 'qmd' initial connection failed (attempt 2/3), retrying in 2s: unhandled errors in a TaskGroup (1 sub-exception)
WARNING tools.mcp_tool: MCP server 'qmd' initial connection failed (attempt 3/3), retrying in 4s: unhandled errors in a TaskGroup (1 sub-exception)
WARNING tools.mcp_tool: MCP server 'qmd' failed initial connection after 3 attempts, giving up: unhandled errors in a TaskGroup (1 sub-exception)
WARNING tools.mcp_tool: Failed to connect to MCP server 'qmd' (command=qmd): Connection closed
ERROR gateway.platforms.base: [Discord] Discord bot token already in use (PID 32775). Stop the other gateway first.
WARNING gateway.run: ✗ discord failed to connect
ERROR gateway.run: Gateway hit a non-retryable startup conflict: discord: Discord bot token already in use (PID 32775). Stop the other gateway first.
ERROR gateway.run: Gateway exiting cleanly: discord: Discord bot token already in use (PID 32775). Stop the other gateway first.
[33m⚠ Deprecated .env settings detected:[0m
  [33m⚠[0m MESSAGING_CWD=~/Smith found in .env — this is deprecated.
  [2mMove to config.yaml instead:  terminal:\n    cwd: /your/project/path[0m
  [2mThen remove the old entries from /Users/Jeff/.hermes/profiles/smith/.env[0m

WARNING tools.mcp_tool: MCP server 'qmd' initial connection failed (attempt 1/3), retrying in 1s: unhandled errors in a TaskGroup (1 sub-exception)
WARNING tools.mcp_tool: MCP server 'qmd' initial connection failed (attempt 2/3), retrying in 2s: unhandled errors in a TaskGroup (1 sub-exception)
WARNING tools.mcp_tool: MCP server 'qmd' initial connection failed (attempt 3/3), retrying in 4s: unhandled errors in a TaskGroup (1 sub-exception)
WARNING tools.mcp_tool: MCP server 'qmd' failed initial connection after 3 attempts, giving up: unhandled errors in a TaskGroup (1 sub-exception)
WARNING tools.mcp_tool: Failed to connect to MCP server 'qmd' (command=qmd): Connection closed
ERROR gateway.platforms.base: [Discord] Discord bot token already in use (PID 32775). Stop the other gateway first.
WARNING gateway.run: ✗ discord failed to connect
ERROR gateway.run: Gateway hit a non-retryable startup conflict: discord: Discord bot token already in use (PID 32775). Stop the other gateway first.
ERROR gateway.run: Gateway exiting cleanly: discord: Discord bot token already in use (PID 32775). Stop the other gateway first.
[33m⚠ Deprecated .env settings detected:[0m
  [33m⚠[0m MESSAGING_CWD=~/Smith found in .env — this is deprecated.
  [2mMove to config.yaml instead:  terminal:\n    cwd: /your/project/path[0m
  [2mThen remove the old entries from /Users/Jeff/.hermes/profiles/smith/.env[0m

WARNING tools.mcp_tool: MCP server 'qmd' initial connection failed (attempt 1/3), retrying in 1s: unhandled errors in a TaskGroup (1 sub-exception)
WARNING tools.mcp_tool: MCP server 'qmd' initial connection failed (attempt 2/3), retrying in 2s: unhandled errors in a TaskGroup (1 sub-exception)
WARNING tools.mcp_tool: MCP server 'qmd' initial connection failed (attempt 3/3), retrying in 4s: unhandled errors in a TaskGroup (1 sub-exception)
WARNING tools.mcp_tool: MCP server 'qmd' failed initial connection after 3 attempts, giving up: unhandled errors in a TaskGroup (1 sub-exception)
WARNING tools.mcp_tool: Failed to connect to MCP server 'qmd' (command=qmd): Connection closed
ERROR gateway.platforms.base: [Discord] Discord bot token already in use (PID 32775). Stop the other gateway first.
WARNING gateway.run: ✗ discord failed to connect
ERROR gateway.run: Gateway hit a non-retryable startup conflict: discord: Discord bot token already in use (PID 32775). Stop the other gateway first.
ERROR gateway.run: Gateway exiting cleanly: discord: Discord bot token already in use (PID 32775). Stop the other gateway first.
[33m⚠ Deprecated .env settings detected:[0m
  [33m⚠[0m MESSAGING_CWD=~/Smith found in .env — this is deprecated.
  [2mMove to config.yaml instead:  terminal:\n    cwd: /your/project/path[0m
  [2mThen remove the old entries from /Users/Jeff/.hermes/profiles/smith/.env[0m

WARNING tools.mcp_tool: MCP server 'qmd' initial connection failed (attempt 1/3), retrying in 1s: unhandled errors in a TaskGroup (1 sub-exception)
WARNING tools.mcp_tool: MCP server 'qmd' initial connection failed (attempt 2/3), retrying in 2s: unhandled errors in a TaskGroup (1 sub-exception)
WARNING tools.mcp_tool: MCP server 'qmd' initial connection failed (attempt 3/3), retrying in 4s: unhandled errors in a TaskGroup (1 sub-exception)
WARNING tools.mcp_tool: MCP server 'qmd' failed initial connection after 3 attempts, giving up: unhandled errors in a TaskGroup (1 sub-exception)
WARNING tools.mcp_tool: Failed to connect to MCP server 'qmd' (command=qmd): Connection closed
ERROR gateway.platforms.base: [Discord] Discord bot token already in use (PID 32775). Stop the other gateway first.
WARNING gateway.run: ✗ discord failed to connect
ERROR gateway.run: Gateway hit a non-retryable startup conflict: discord: Discord bot token already in use (PID 32775). Stop the other gateway first.
ERROR gateway.run: Gateway exiting cleanly: discord: Discord bot token already in use (PID 32775). Stop the other gateway first.
[33m⚠ Deprecated .env settings detected:[0m
  [33m⚠[0m MESSAGING_CWD=~/Smith found in .env — this is deprecated.
  [2mMove to config.yaml instead:  terminal:\n    cwd: /your/project/path[0m
  [2mThen remove the old entries from /Users/Jeff/.hermes/profiles/smith/.env[0m

WARNING tools.mcp_tool: MCP server 'qmd' initial connection failed (attempt 1/3), retrying in 1s: unhandled errors in a TaskGroup (1 sub-exception)
WARNING tools.mcp_tool: MCP server 'qmd' initial connection failed (attempt 2/3), retrying in 2s: unhandled errors in a TaskGroup (1 sub-exception)
WARNING tools.mcp_tool: MCP server 'qmd' initial connection failed (attempt 3/3), retrying in 4s: unhandled errors in a TaskGroup (1 sub-exception)
WARNING tools.mcp_tool: MCP server 'qmd' failed initial connection after 3 attempts, giving up: unhandled errors in a TaskGroup (1 sub-exception)
WARNING tools.mcp_tool: Failed to connect to MCP server 'qmd' (command=qmd): Connection closed
ERROR gateway.platforms.base: [Discord] Discord bot token already in use (PID 32775). Stop the other gateway first.
WARNING gateway.run: ✗ discord failed to connect
ERROR gateway.run: Gateway hit a non-retryable startup conflict: discord: Discord bot token already in use (PID 32775). Stop the other gateway first.
ERROR gateway.run: Gateway exiting cleanly: discord: Discord bot token already in use (PID 32775). Stop the other gateway first.
[33m⚠ Deprecated .env settings detected:[0m
  [33m⚠[0m MESSAGING_CWD=~/Smith found in .env — this is deprecated.
  [2mMove to config.yaml instead:  terminal:\n    cwd: /your/project/path[0m
  [2mThen remove the old entries from /Users/Jeff/.hermes/profiles/smith/.env[0m

WARNING tools.mcp_tool: MCP server 'qmd' initial connection failed (attempt 1/3), retrying in 1s: unhandled errors in a TaskGroup (1 sub-exception)
WARNING tools.mcp_tool: MCP server 'qmd' initial connection failed (attempt 2/3), retrying in 2s: unhandled errors in a TaskGroup (1 sub-exception)
WARNING tools.mcp_tool: MCP server 'qmd' initial connection failed (attempt 3/3), retrying in 4s: unhandled errors in a TaskGroup (1 sub-exception)
WARNING tools.mcp_tool: MCP server 'qmd' failed initial connection after 3 attempts, giving up: unhandled errors in a TaskGroup (1 sub-exception)
WARNING tools.mcp_tool: Failed to connect to MCP server 'qmd' (command=qmd): Connection closed
ERROR gateway.platforms.base: [Discord] Discord bot token already in use (PID 32775). Stop the other gateway first.
WARNING gateway.run: ✗ discord failed to connect
ERROR gateway.run: Gateway hit a non-retryable startup conflict: discord: Discord bot token already in use (PID 32775). Stop the other gateway first.
ERROR gateway.run: Gateway exiting cleanly: discord: Discord bot token already in use (PID 32775). Stop the other gateway first.
[33m⚠ Deprecated .env settings detected:[0m
  [33m⚠[0m MESSAGING_CWD=~/Smith found in .env — this is deprecated.
  [2mMove to config.yaml instead:  terminal:\n    cwd: /your/project/path[0m
  [2mThen remove the old entries from /Users/Jeff/.hermes/profiles/smith/.env[0m

WARNING tools.mcp_tool: MCP server 'qmd' initial connection failed (attempt 1/3), retrying in 1s: unhandled errors in a TaskGroup (1 sub-exception)
WARNING tools.mcp_tool: MCP server 'qmd' initial connection failed (attempt 2/3), retrying in 2s: unhandled errors in a TaskGroup (1 sub-exception)
WARNING tools.mcp_tool: MCP server 'qmd' initial connection failed (attempt 3/3), retrying in 4s: unhandled errors in a TaskGroup (1 sub-exception)
WARNING tools.mcp_tool: MCP server 'qmd' failed initial connection after 3 attempts, giving up: unhandled errors in a TaskGroup (1 sub-exception)
WARNING tools.mcp_tool: Failed to connect to MCP server 'qmd' (command=qmd): Connection closed
ERROR gateway.platforms.base: [Discord] Discord bot token already in use (PID 32775). Stop the other gateway first.
WARNING gateway.run: ✗ discord failed to connect
ERROR gateway.run: Gateway hit a non-retryable startup conflict: discord: Discord bot token already in use (PID 32775). Stop the other gateway first.
ERROR gateway.run: Gateway exiting cleanly: discord: Discord bot token already in use (PID 32775). Stop the other gateway first.
[33m⚠ Deprecated .env settings detected:[0m
  [33m⚠[0m MESSAGING_CWD=~/Smith found in .env — this is deprecated.
  [2mMove to config.yaml instead:  terminal:\n    cwd: /your/project/path[0m
  [2mThen remove the old entries from /Users/Jeff/.hermes/profiles/smith/.env[0m

WARNING tools.mcp_tool: MCP server 'qmd' initial connection failed (attempt 1/3), retrying in 1s: unhandled errors in a TaskGroup (1 sub-exception)
WARNING tools.mcp_tool: MCP server 'qmd' initial connection failed (attempt 2/3), retrying in 2s: unhandled errors in a TaskGroup (1 sub-exception)
WARNING tools.mcp_tool: MCP server 'qmd' initial connection failed (attempt 3/3), retrying in 4s: unhandled errors in a TaskGroup (1 sub-exception)
WARNING tools.mcp_tool: MCP server 'qmd' failed initial connection after 3 attempts, giving up: unhandled errors in a TaskGroup (1 sub-exception)
WARNING tools.mcp_tool: Failed to connect to MCP server 'qmd' (command=qmd): Connection closed
ERROR gateway.platforms.base: [Discord] Discord bot token already in use (PID 32775). Stop the other gateway first.
WARNING gateway.run: ✗ discord failed to connect
ERROR gateway.run: Gateway hit a non-retryable startup conflict: discord: Discord bot token already in use (PID 32775). Stop the other gateway first.
ERROR gateway.run: Gateway exiting cleanly: discord: Discord bot token already in use (PID 32775). Stop the other gateway first.
[33m⚠ Deprecated .env settings detected:[0m
  [33m⚠[0m MESSAGING_CWD=~/Smith found in .env — this is deprecated.
  [2mMove to config.yaml instead:  terminal:\n    cwd: /your/project/path[0m
  [2mThen remove the old entries from /Users/Jeff/.hermes/profiles/smith/.env[0m

WARNING tools.mcp_tool: MCP server 'qmd' initial connection failed (attempt 1/3), retrying in 1s: unhandled errors in a TaskGroup (1 sub-exception)
WARNING tools.mcp_tool: MCP server 'qmd' initial connection failed (attempt 2/3), retrying in 2s: unhandled errors in a TaskGroup (1 sub-exception)
WARNING tools.mcp_tool: MCP server 'qmd' initial connection failed (attempt 3/3), retrying in 4s: unhandled errors in a TaskGroup (1 sub-exception)
WARNING tools.mcp_tool: MCP server 'qmd' failed initial connection after 3 attempts, giving up: unhandled errors in a TaskGroup (1 sub-exception)
WARNING tools.mcp_tool: Failed to connect to MCP server 'qmd' (command=qmd): Connection closed
ERROR gateway.platforms.base: [Discord] Discord bot token already in use (PID 32775). Stop the other gateway first.
WARNING gateway.run: ✗ discord failed to connect
ERROR gateway.run: Gateway hit a non-retryable startup conflict: discord: Discord bot token already in use (PID 32775). Stop the other gateway first.
ERROR gateway.run: Gateway exiting cleanly: discord: Discord bot token already in use (PID 32775). Stop the other gateway first.
[33m⚠ Deprecated .env settings detected:[0m
  [33m⚠[0m MESSAGING_CWD=~/Smith found in .env — this is deprecated.
  [2mMove to config.yaml instead:  terminal:\n    cwd: /your/project/path[0m
  [2mThen remove the old entries from /Users/Jeff/.hermes/profiles/smith/.env[0m

WARNING tools.mcp_tool: MCP server 'qmd' initial connection failed (attempt 1/3), retrying in 1s: unhandled errors in a TaskGroup (1 sub-exception)
WARNING tools.mcp_tool: MCP server 'qmd' initial connection failed (attempt 2/3), retrying in 2s: unhandled errors in a TaskGroup (1 sub-exception)
WARNING tools.mcp_tool: MCP server 'qmd' initial connection failed (attempt 3/3), retrying in 4s: unhandled errors in a TaskGroup (1 sub-exception)
WARNING tools.mcp_tool: MCP server 'qmd' failed initial connection after 3 attempts, giving up: unhandled errors in a TaskGroup (1 sub-exception)
WARNING tools.mcp_tool: Failed to connect to MCP server 'qmd' (command=qmd): Connection closed
ERROR gateway.platforms.base: [Discord] Discord bot token already in use (PID 32775). Stop the other gateway first.
WARNING gateway.run: ✗ discord failed to connect
ERROR gateway.run: Gateway hit a non-retryable startup conflict: discord: Discord bot token already in use (PID 32775). Stop the other gateway first.
ERROR gateway.run: Gateway exiting cleanly: discord: Discord bot token already in use (PID 32775). Stop the other gateway first.
[33m⚠ Deprecated .env settings detected:[0m
  [33m⚠[0m MESSAGING_CWD=~/Smith found in .env — this is deprecated.
  [2mMove to config.yaml instead:  terminal:\n    cwd: /your/project/path[0m
  [2mThen remove the old entries from /Users/Jeff/.hermes/profiles/smith/.env[0m

WARNING tools.mcp_tool: MCP server 'qmd' initial connection failed (attempt 1/3), retrying in 1s: unhandled errors in a TaskGroup (1 sub-exception)
WARNING tools.mcp_tool: MCP server 'qmd' initial connection failed (attempt 2/3), retrying in 2s: unhandled errors in a TaskGroup (1 sub-exception)
WARNING tools.mcp_tool: MCP server 'qmd' initial connection failed (attempt 3/3), retrying in 4s: unhandled errors in a TaskGroup (1 sub-exception)
WARNING tools.mcp_tool: MCP server 'qmd' failed initial connection after 3 attempts, giving up: unhandled errors in a TaskGroup (1 sub-exception)
WARNING tools.mcp_tool: Failed to connect to MCP server 'qmd' (command=qmd): Connection closed
ERROR gateway.platforms.base: [Discord] Discord bot token already in use (PID 32775). Stop the other gateway first.
WARNING gateway.run: ✗ discord failed to connect
ERROR gateway.run: Gateway hit a non-retryable startup conflict: discord: Discord bot token already in use (PID 32775). Stop the other gateway first.
ERROR gateway.run: Gateway exiting cleanly: discord: Discord bot token already in use (PID 32775). Stop the other gateway first.
[33m⚠ Deprecated .env settings detected:[0m
  [33m⚠[0m MESSAGING_CWD=~/Smith found in .env — this is deprecated.
  [2mMove to config.yaml instead:  terminal:\n    cwd: /your/project/path[0m
  [2mThen remove the old entries from /Users/Jeff/.hermes/profiles/smith/.env[0m

WARNING tools.mcp_tool: MCP server 'qmd' initial connection failed (attempt 1/3), retrying in 1s: unhandled errors in a TaskGroup (1 sub-exception)
WARNING tools.mcp_tool: MCP server 'qmd' initial connection failed (attempt 2/3), retrying in 2s: unhandled errors in a TaskGroup (1 sub-exception)
WARNING tools.mcp_tool: MCP server 'qmd' initial connection failed (attempt 3/3), retrying in 4s: unhandled errors in a TaskGroup (1 sub-exception)
WARNING tools.mcp_tool: MCP server 'qmd' failed initial connection after 3 attempts, giving up: unhandled errors in a TaskGroup (1 sub-exception)
WARNING tools.mcp_tool: Failed to connect to MCP server 'qmd' (command=qmd): Connection closed
ERROR gateway.platforms.base: [Discord] Discord bot token already in use (PID 32775). Stop the other gateway first.
WARNING gateway.run: ✗ discord failed to connect
ERROR gateway.run: Gateway hit a non-retryable startup conflict: discord: Discord bot token already in use (PID 32775). Stop the other gateway first.
ERROR gateway.run: Gateway exiting cleanly: discord: Discord bot token already in use (PID 32775). Stop the other gateway first.
[33m⚠ Deprecated .env settings detected:[0m
  [33m⚠[0m MESSAGING_CWD=~/Smith found in .env — this is deprecated.
  [2mMove to config.yaml instead:  terminal:\n    cwd: /your/project/path[0m
  [2mThen remove the old entries from /Users/Jeff/.hermes/profiles/smith/.env[0m

WARNING tools.mcp_tool: MCP server 'qmd' initial connection failed (attempt 1/3), retrying in 1s: unhandled errors in a TaskGroup (1 sub-exception)
WARNING tools.mcp_tool: MCP server 'qmd' initial connection failed (attempt 2/3), retrying in 2s: unhandled errors in a TaskGroup (1 sub-exception)
WARNING tools.mcp_tool: MCP server 'qmd' initial connection failed (attempt 3/3), retrying in 4s: unhandled errors in a TaskGroup (1 sub-exception)
WARNING tools.mcp_tool: MCP server 'qmd' failed initial connection after 3 attempts, giving up: unhandled errors in a TaskGroup (1 sub-exception)
WARNING tools.mcp_tool: Failed to connect to MCP server 'qmd' (command=qmd): Connection closed
ERROR gateway.platforms.base: [Discord] Discord bot token already in use (PID 32775). Stop the other gateway first.
WARNING gateway.run: ✗ discord failed to connect
ERROR gateway.run: Gateway hit a non-retryable startup conflict: discord: Discord bot token already in use (PID 32775). Stop the other gateway first.
ERROR gateway.run: Gateway exiting cleanly: discord: Discord bot token already in use (PID 32775). Stop the other gateway first.
[33m⚠ Deprecated .env settings detected:[0m
  [33m⚠[0m MESSAGING_CWD=~/Smith found in .env — this is deprecated.
  [2mMove to config.yaml instead:  terminal:\n    cwd: /your/project/path[0m
  [2mThen remove the old entries from /Users/Jeff/.hermes/profiles/smith/.env[0m

WARNING tools.mcp_tool: MCP server 'qmd' initial connection failed (attempt 1/3), retrying in 1s: unhandled errors in a TaskGroup (1 sub-exception)
WARNING tools.mcp_tool: MCP server 'qmd' initial connection failed (attempt 2/3), retrying in 2s: unhandled errors in a TaskGroup (1 sub-exception)
WARNING tools.mcp_tool: MCP server 'qmd' initial connection failed (attempt 3/3), retrying in 4s: unhandled errors in a TaskGroup (1 sub-exception)
WARNING tools.mcp_tool: MCP server 'qmd' failed initial connection after 3 attempts, giving up: unhandled errors in a TaskGroup (1 sub-exception)
WARNING tools.mcp_tool: Failed to connect to MCP server 'qmd' (command=qmd): Connection closed
ERROR gateway.platforms.base: [Discord] Discord bot token already in use (PID 32775). Stop the other gateway first.
WARNING gateway.run: ✗ discord failed to connect
ERROR gateway.run: Gateway hit a non-retryable startup conflict: discord: Discord bot token already in use (PID 32775). Stop the other gateway first.
ERROR gateway.run: Gateway exiting cleanly: discord: Discord bot token already in use (PID 32775). Stop the other gateway first.
[33m⚠ Deprecated .env settings detected:[0m
  [33m⚠[0m MESSAGING_CWD=~/Smith found in .env — this is deprecated.
  [2mMove to config.yaml instead:  terminal:\n    cwd: /your/project/path[0m
  [2mThen remove the old entries from /Users/Jeff/.hermes/profiles/smith/.env[0m

WARNING tools.mcp_tool: MCP server 'qmd' initial connection failed (attempt 1/3), retrying in 1s: unhandled errors in a TaskGroup (1 sub-exception)
WARNING tools.mcp_tool: MCP server 'qmd' initial connection failed (attempt 2/3), retrying in 2s: unhandled errors in a TaskGroup (1 sub-exception)
WARNING tools.mcp_tool: MCP server 'qmd' initial connection failed (attempt 3/3), retrying in 4s: unhandled errors in a TaskGroup (1 sub-exception)
WARNING tools.mcp_tool: MCP server 'qmd' failed initial connection after 3 attempts, giving up: unhandled errors in a TaskGroup (1 sub-exception)
WARNING tools.mcp_tool: Failed to connect to MCP server 'qmd' (command=qmd): Connection closed
ERROR gateway.platforms.base: [Discord] Discord bot token already in use (PID 32775). Stop the other gateway first.
WARNING gateway.run: ✗ discord failed to connect
ERROR gateway.run: Gateway hit a non-retryable startup conflict: discord: Discord bot token already in use (PID 32775). Stop the other gateway first.
ERROR gateway.run: Gateway exiting cleanly: discord: Discord bot token already in use (PID 32775). Stop the other gateway first.
[33m⚠ Deprecated .env settings detected:[0m
  [33m⚠[0m MESSAGING_CWD=~/Smith found in .env — this is deprecated.
  [2mMove to config.yaml instead:  terminal:\n    cwd: /your/project/path[0m
  [2mThen remove the old entries from /Users/Jeff/.hermes/profiles/smith/.env[0m

WARNING tools.mcp_tool: MCP server 'qmd' initial connection failed (attempt 1/3), retrying in 1s: unhandled errors in a TaskGroup (1 sub-exception)
WARNING tools.mcp_tool: MCP server 'qmd' initial connection failed (attempt 2/3), retrying in 2s: unhandled errors in a TaskGroup (1 sub-exception)
WARNING tools.mcp_tool: MCP server 'qmd' initial connection failed (attempt 3/3), retrying in 4s: unhandled errors in a TaskGroup (1 sub-exception)
WARNING tools.mcp_tool: MCP server 'qmd' failed initial connection after 3 attempts, giving up: unhandled errors in a TaskGroup (1 sub-exception)
WARNING tools.mcp_tool: Failed to connect to MCP server 'qmd' (command=qmd): Connection closed
ERROR gateway.platforms.base: [Discord] Discord bot token already in use (PID 32775). Stop the other gateway first.
WARNING gateway.run: ✗ discord failed to connect
ERROR gateway.run: Gateway hit a non-retryable startup conflict: discord: Discord bot token already in use (PID 32775). Stop the other gateway first.
ERROR gateway.run: Gateway exiting cleanly: discord: Discord bot token already in use (PID 32775). Stop the other gateway first.
[33m⚠ Deprecated .env settings detected:[0m
  [33m⚠[0m MESSAGING_CWD=~/Smith found in .env — this is deprecated.
  [2mMove to config.yaml instead:  terminal:\n    cwd: /your/project/path[0m
  [2mThen remove the old entries from /Users/Jeff/.hermes/profiles/smith/.env[0m

WARNING tools.mcp_tool: MCP server 'qmd' initial connection failed (attempt 1/3), retrying in 1s: unhandled errors in a TaskGroup (1 sub-exception)
WARNING tools.mcp_tool: MCP server 'qmd' initial connection failed (attempt 2/3), retrying in 2s: unhandled errors in a TaskGroup (1 sub-exception)
WARNING tools.mcp_tool: MCP server 'qmd' initial connection failed (attempt 3/3), retrying in 4s: unhandled errors in a TaskGroup (1 sub-exception)
WARNING tools.mcp_tool: MCP server 'qmd' failed initial connection after 3 attempts, giving up: unhandled errors in a TaskGroup (1 sub-exception)
WARNING tools.mcp_tool: Failed to connect to MCP server 'qmd' (command=qmd): Connection closed
ERROR gateway.platforms.base: [Discord] Discord bot token already in use (PID 32775). Stop the other gateway first.
WARNING gateway.run: ✗ discord failed to connect
ERROR gateway.run: Gateway hit a non-retryable startup conflict: discord: Discord bot token already in use (PID 32775). Stop the other gateway first.
ERROR gateway.run: Gateway exiting cleanly: discord: Discord bot token already in use (PID 32775). Stop the other gateway first.
[33m⚠ Deprecated .env settings detected:[0m
  [33m⚠[0m MESSAGING_CWD=~/Smith found in .env — this is deprecated.
  [2mMove to config.yaml instead:  terminal:\n    cwd: /your/project/path[0m
  [2mThen remove the old entries from /Users/Jeff/.hermes/profiles/smith/.env[0m

WARNING tools.mcp_tool: MCP server 'qmd' initial connection failed (attempt 1/3), retrying in 1s: unhandled errors in a TaskGroup (1 sub-exception)
WARNING tools.mcp_tool: MCP server 'qmd' initial connection failed (attempt 2/3), retrying in 2s: unhandled errors in a TaskGroup (1 sub-exception)
WARNING tools.mcp_tool: MCP server 'qmd' initial connection failed (attempt 3/3), retrying in 4s: unhandled errors in a TaskGroup (1 sub-exception)
WARNING tools.mcp_tool: MCP server 'qmd' failed initial connection after 3 attempts, giving up: unhandled errors in a TaskGroup (1 sub-exception)
WARNING tools.mcp_tool: Failed to connect to MCP server 'qmd' (command=qmd): Connection closed
ERROR gateway.platforms.base: [Discord] Discord bot token already in use (PID 32775). Stop the other gateway first.
WARNING gateway.run: ✗ discord failed to connect
ERROR gateway.run: Gateway hit a non-retryable startup conflict: discord: Discord bot token already in use (PID 32775). Stop the other gateway first.
ERROR gateway.run: Gateway exiting cleanly: discord: Discord bot token already in use (PID 32775). Stop the other gateway first.
[33m⚠ Deprecated .env settings detected:[0m
  [33m⚠[0m MESSAGING_CWD=~/Smith found in .env — this is deprecated.
  [2mMove to config.yaml instead:  terminal:\n    cwd: /your/project/path[0m
  [2mThen remove the old entries from /Users/Jeff/.hermes/profiles/smith/.env[0m

WARNING tools.mcp_tool: MCP server 'qmd' initial connection failed (attempt 1/3), retrying in 1s: unhandled errors in a TaskGroup (1 sub-exception)
WARNING tools.mcp_tool: MCP server 'qmd' initial connection failed (attempt 2/3), retrying in 2s: unhandled errors in a TaskGroup (1 sub-exception)
WARNING tools.mcp_tool: MCP server 'qmd' initial connection failed (attempt 3/3), retrying in 4s: unhandled errors in a TaskGroup (1 sub-exception)
WARNING tools.mcp_tool: MCP server 'qmd' failed initial connection after 3 attempts, giving up: unhandled errors in a TaskGroup (1 sub-exception)
WARNING tools.mcp_tool: Failed to connect to MCP server 'qmd' (command=qmd): Connection closed
ERROR gateway.platforms.base: [Discord] Discord bot token already in use (PID 32775). Stop the other gateway first.
WARNING gateway.run: ✗ discord failed to connect
ERROR gateway.run: Gateway hit a non-retryable startup conflict: discord: Discord bot token already in use (PID 32775). Stop the other gateway first.
ERROR gateway.run: Gateway exiting cleanly: discord: Discord bot token already in use (PID 32775). Stop the other gateway first.
[33m⚠ Deprecated .env settings detected:[0m
  [33m⚠[0m MESSAGING_CWD=~/Smith found in .env — this is deprecated.
  [2mMove to config.yaml instead:  terminal:\n    cwd: /your/project/path[0m
  [2mThen remove the old entries from /Users/Jeff/.hermes/profiles/smith/.env[0m

WARNING tools.mcp_tool: MCP server 'qmd' initial connection failed (attempt 1/3), retrying in 1s: unhandled errors in a TaskGroup (1 sub-exception)
WARNING tools.mcp_tool: MCP server 'qmd' initial connection failed (attempt 2/3), retrying in 2s: unhandled errors in a TaskGroup (1 sub-exception)
WARNING tools.mcp_tool: MCP server 'qmd' initial connection failed (attempt 3/3), retrying in 4s: unhandled errors in a TaskGroup (1 sub-exception)
WARNING tools.mcp_tool: MCP server 'qmd' failed initial connection after 3 attempts, giving up: unhandled errors in a TaskGroup (1 sub-exception)
WARNING tools.mcp_tool: Failed to connect to MCP server 'qmd' (command=qmd): Connection closed
ERROR gateway.platforms.base: [Discord] Discord bot token already in use (PID 32775). Stop the other gateway first.
WARNING gateway.run: ✗ discord failed to connect
ERROR gateway.run: Gateway hit a non-retryable startup conflict: discord: Discord bot token already in use (PID 32775). Stop the other gateway first.
ERROR gateway.run: Gateway exiting cleanly: discord: Discord bot token already in use (PID 32775). Stop the other gateway first.
[33m⚠ Deprecated .env settings detected:[0m
  [33m⚠[0m MESSAGING_CWD=~/Smith found in .env — this is deprecated.
  [2mMove to config.yaml instead:  terminal:\n    cwd: /your/project/path[0m
  [2mThen remove the old entries from /Users/Jeff/.hermes/profiles/smith/.env[0m

WARNING tools.mcp_tool: MCP server 'qmd' initial connection failed (attempt 1/3), retrying in 1s: unhandled errors in a TaskGroup (1 sub-exception)
WARNING tools.mcp_tool: MCP server 'qmd' initial connection failed (attempt 2/3), retrying in 2s: unhandled errors in a TaskGroup (1 sub-exception)
WARNING tools.mcp_tool: MCP server 'qmd' initial connection failed (attempt 3/3), retrying in 4s: unhandled errors in a TaskGroup (1 sub-exception)
WARNING tools.mcp_tool: MCP server 'qmd' failed initial connection after 3 attempts, giving up: unhandled errors in a TaskGroup (1 sub-exception)
WARNING tools.mcp_tool: Failed to connect to MCP server 'qmd' (command=qmd): Connection closed
ERROR gateway.platforms.base: [Discord] Discord bot token already in use (PID 32775). Stop the other gateway first.
WARNING gateway.run: ✗ discord failed to connect
ERROR gateway.run: Gateway hit a non-retryable startup conflict: discord: Discord bot token already in use (PID 32775). Stop the other gateway first.
ERROR gateway.run: Gateway exiting cleanly: discord: Discord bot token already in use (PID 32775). Stop the other gateway first.
[33m⚠ Deprecated .env settings detected:[0m
  [33m⚠[0m MESSAGING_CWD=~/Smith found in .env — this is deprecated.
  [2mMove to config.yaml instead:  terminal:\n    cwd: /your/project/path[0m
  [2mThen remove the old entries from /Users/Jeff/.hermes/profiles/smith/.env[0m

WARNING tools.mcp_tool: MCP server 'qmd' initial connection failed (attempt 1/3), retrying in 1s: unhandled errors in a TaskGroup (1 sub-exception)
WARNING tools.mcp_tool: MCP server 'qmd' initial connection failed (attempt 2/3), retrying in 2s: unhandled errors in a TaskGroup (1 sub-exception)
WARNING tools.mcp_tool: MCP server 'qmd' initial connection failed (attempt 3/3), retrying in 4s: unhandled errors in a TaskGroup (1 sub-exception)
WARNING tools.mcp_tool: MCP server 'qmd' failed initial connection after 3 attempts, giving up: unhandled errors in a TaskGroup (1 sub-exception)
WARNING tools.mcp_tool: Failed to connect to MCP server 'qmd' (command=qmd): Connection closed
ERROR gateway.platforms.base: [Discord] Discord bot token already in use (PID 32775). Stop the other gateway first.
WARNING gateway.run: ✗ discord failed to connect
ERROR gateway.run: Gateway hit a non-retryable startup conflict: discord: Discord bot token already in use (PID 32775). Stop the other gateway first.
ERROR gateway.run: Gateway exiting cleanly: discord: Discord bot token already in use (PID 32775). Stop the other gateway first.
[33m⚠ Deprecated .env settings detected:[0m
  [33m⚠[0m MESSAGING_CWD=~/Smith found in .env — this is deprecated.
  [2mMove to config.yaml instead:  terminal:\n    cwd: /your/project/path[0m
  [2mThen remove the old entries from /Users/Jeff/.hermes/profiles/smith/.env[0m

WARNING tools.mcp_tool: MCP server 'qmd' initial connection failed (attempt 1/3), retrying in 1s: unhandled errors in a TaskGroup (1 sub-exception)
WARNING tools.mcp_tool: MCP server 'qmd' initial connection failed (attempt 2/3), retrying in 2s: unhandled errors in a TaskGroup (1 sub-exception)
WARNING tools.mcp_tool: MCP server 'qmd' initial connection failed (attempt 3/3), retrying in 4s: unhandled errors in a TaskGroup (1 sub-exception)
WARNING tools.mcp_tool: MCP server 'qmd' failed initial connection after 3 attempts, giving up: unhandled errors in a TaskGroup (1 sub-exception)
WARNING tools.mcp_tool: Failed to connect to MCP server 'qmd' (command=qmd): Connection closed
ERROR gateway.platforms.base: [Discord] Discord bot token already in use (PID 32775). Stop the other gateway first.
WARNING gateway.run: ✗ discord failed to connect
ERROR gateway.run: Gateway hit a non-retryable startup conflict: discord: Discord bot token already in use (PID 32775). Stop the other gateway first.
ERROR gateway.run: Gateway exiting cleanly: discord: Discord bot token already in use (PID 32775). Stop the other gateway first.
[33m⚠ Deprecated .env settings detected:[0m
  [33m⚠[0m MESSAGING_CWD=~/Smith found in .env — this is deprecated.
  [2mMove to config.yaml instead:  terminal:\n    cwd: /your/project/path[0m
  [2mThen remove the old entries from /Users/Jeff/.hermes/profiles/smith/.env[0m

WARNING tools.mcp_tool: MCP server 'qmd' initial connection failed (attempt 1/3), retrying in 1s: unhandled errors in a TaskGroup (1 sub-exception)
WARNING tools.mcp_tool: MCP server 'qmd' initial connection failed (attempt 2/3), retrying in 2s: unhandled errors in a TaskGroup (1 sub-exception)
WARNING tools.mcp_tool: MCP server 'qmd' initial connection failed (attempt 3/3), retrying in 4s: unhandled errors in a TaskGroup (1 sub-exception)
WARNING tools.mcp_tool: MCP server 'qmd' failed initial connection after 3 attempts, giving up: unhandled errors in a TaskGroup (1 sub-exception)
WARNING tools.mcp_tool: Failed to connect to MCP server 'qmd' (command=qmd): Connection closed
ERROR gateway.platforms.base: [Discord] Discord bot token already in use (PID 32775). Stop the other gateway first.
WARNING gateway.run: ✗ discord failed to connect
ERROR gateway.run: Gateway hit a non-retryable startup conflict: discord: Discord bot token already in use (PID 32775). Stop the other gateway first.
ERROR gateway.run: Gateway exiting cleanly: discord: Discord bot token already in use (PID 32775). Stop the other gateway first.
[33m⚠ Deprecated .env settings detected:[0m
  [33m⚠[0m MESSAGING_CWD=~/Smith found in .env — this is deprecated.
  [2mMove to config.yaml instead:  terminal:\n    cwd: /your/project/path[0m
  [2mThen remove the old entries from /Users/Jeff/.hermes/profiles/smith/.env[0m

WARNING tools.mcp_tool: MCP server 'qmd' initial connection failed (attempt 1/3), retrying in 1s: unhandled errors in a TaskGroup (1 sub-exception)
WARNING tools.mcp_tool: MCP server 'qmd' initial connection failed (attempt 2/3), retrying in 2s: unhandled errors in a TaskGroup (1 sub-exception)
WARNING tools.mcp_tool: MCP server 'qmd' initial connection failed (attempt 3/3), retrying in 4s: unhandled errors in a TaskGroup (1 sub-exception)
WARNING tools.mcp_tool: MCP server 'qmd' failed initial connection after 3 attempts, giving up: unhandled errors in a TaskGroup (1 sub-exception)
WARNING tools.mcp_tool: Failed to connect to MCP server 'qmd' (command=qmd): Connection closed
ERROR gateway.platforms.base: [Discord] Discord bot token already in use (PID 32775). Stop the other gateway first.
WARNING gateway.run: ✗ discord failed to connect
ERROR gateway.run: Gateway hit a non-retryable startup conflict: discord: Discord bot token already in use (PID 32775). Stop the other gateway first.
ERROR gateway.run: Gateway exiting cleanly: discord: Discord bot token already in use (PID 32775). Stop the other gateway first.
[33m⚠ Deprecated .env settings detected:[0m
  [33m⚠[0m MESSAGING_CWD=~/Smith found in .env — this is deprecated.
  [2mMove to config.yaml instead:  terminal:\n    cwd: /your/project/path[0m
  [2mThen remove the old entries from /Users/Jeff/.hermes/profiles/smith/.env[0m

WARNING tools.mcp_tool: MCP server 'qmd' initial connection failed (attempt 1/3), retrying in 1s: unhandled errors in a TaskGroup (1 sub-exception)
WARNING tools.mcp_tool: MCP server 'qmd' initial connection failed (attempt 2/3), retrying in 2s: unhandled errors in a TaskGroup (1 sub-exception)
WARNING tools.mcp_tool: MCP server 'qmd' initial connection failed (attempt 3/3), retrying in 4s: unhandled errors in a TaskGroup (1 sub-exception)
WARNING tools.mcp_tool: MCP server 'qmd' failed initial connection after 3 attempts, giving up: unhandled errors in a TaskGroup (1 sub-exception)
WARNING tools.mcp_tool: Failed to connect to MCP server 'qmd' (command=qmd): Connection closed
ERROR gateway.platforms.base: [Discord] Discord bot token already in use (PID 32775). Stop the other gateway first.
WARNING gateway.run: ✗ discord failed to connect
ERROR gateway.run: Gateway hit a non-retryable startup conflict: discord: Discord bot token already in use (PID 32775). Stop the other gateway first.
ERROR gateway.run: Gateway exiting cleanly: discord: Discord bot token already in use (PID 32775). Stop the other gateway first.
[33m⚠ Deprecated .env settings detected:[0m
  [33m⚠[0m MESSAGING_CWD=~/Smith found in .env — this is deprecated.
  [2mMove to config.yaml instead:  terminal:\n    cwd: /your/project/path[0m
  [2mThen remove the old entries from /Users/Jeff/.hermes/profiles/smith/.env[0m

WARNING tools.mcp_tool: MCP server 'qmd' initial connection failed (attempt 1/3), retrying in 1s: unhandled errors in a TaskGroup (1 sub-exception)
WARNING tools.mcp_tool: MCP server 'qmd' initial connection failed (attempt 2/3), retrying in 2s: unhandled errors in a TaskGroup (1 sub-exception)
WARNING tools.mcp_tool: MCP server 'qmd' initial connection failed (attempt 3/3), retrying in 4s: unhandled errors in a TaskGroup (1 sub-exception)
WARNING tools.mcp_tool: MCP server 'qmd' failed initial connection after 3 attempts, giving up: unhandled errors in a TaskGroup (1 sub-exception)
WARNING tools.mcp_tool: Failed to connect to MCP server 'qmd' (command=qmd): Connection closed
ERROR gateway.platforms.base: [Discord] Discord bot token already in use (PID 32775). Stop the other gateway first.
WARNING gateway.run: ✗ discord failed to connect
ERROR gateway.run: Gateway hit a non-retryable startup conflict: discord: Discord bot token already in use (PID 32775). Stop the other gateway first.
ERROR gateway.run: Gateway exiting cleanly: discord: Discord bot token already in use (PID 32775). Stop the other gateway first.
[33m⚠ Deprecated .env settings detected:[0m
  [33m⚠[0m MESSAGING_CWD=~/Smith found in .env — this is deprecated.
  [2mMove to config.yaml instead:  terminal:\n    cwd: /your/project/path[0m
  [2mThen remove the old entries from /Users/Jeff/.hermes/profiles/smith/.env[0m

WARNING tools.mcp_tool: MCP server 'qmd' initial connection failed (attempt 1/3), retrying in 1s: unhandled errors in a TaskGroup (1 sub-exception)
WARNING tools.mcp_tool: MCP server 'qmd' initial connection failed (attempt 2/3), retrying in 2s: unhandled errors in a TaskGroup (1 sub-exception)
WARNING tools.mcp_tool: MCP server 'qmd' initial connection failed (attempt 3/3), retrying in 4s: unhandled errors in a TaskGroup (1 sub-exception)
WARNING tools.mcp_tool: MCP server 'qmd' failed initial connection after 3 attempts, giving up: unhandled errors in a TaskGroup (1 sub-exception)
WARNING tools.mcp_tool: Failed to connect to MCP server 'qmd' (command=qmd): Connection closed
ERROR gateway.platforms.base: [Discord] Discord bot token already in use (PID 32775). Stop the other gateway first.
WARNING gateway.run: ✗ discord failed to connect
ERROR gateway.run: Gateway hit a non-retryable startup conflict: discord: Discord bot token already in use (PID 32775). Stop the other gateway first.
ERROR gateway.run: Gateway exiting cleanly: discord: Discord bot token already in use (PID 32775). Stop the other gateway first.
[33m⚠ Deprecated .env settings detected:[0m
  [33m⚠[0m MESSAGING_CWD=~/Smith found in .env — this is deprecated.
  [2mMove to config.yaml instead:  terminal:\n    cwd: /your/project/path[0m
  [2mThen remove the old entries from /Users/Jeff/.hermes/profiles/smith/.env[0m

WARNING tools.mcp_tool: MCP server 'qmd' initial connection failed (attempt 1/3), retrying in 1s: unhandled errors in a TaskGroup (1 sub-exception)
WARNING tools.mcp_tool: MCP server 'qmd' initial connection failed (attempt 2/3), retrying in 2s: unhandled errors in a TaskGroup (1 sub-exception)
WARNING tools.mcp_tool: MCP server 'qmd' initial connection failed (attempt 3/3), retrying in 4s: unhandled errors in a TaskGroup (1 sub-exception)
WARNING tools.mcp_tool: MCP server 'qmd' failed initial connection after 3 attempts, giving up: unhandled errors in a TaskGroup (1 sub-exception)
WARNING tools.mcp_tool: Failed to connect to MCP server 'qmd' (command=qmd): Connection closed
ERROR gateway.platforms.base: [Discord] Discord bot token already in use (PID 32775). Stop the other gateway first.
WARNING gateway.run: ✗ discord failed to connect
ERROR gateway.run: Gateway hit a non-retryable startup conflict: discord: Discord bot token already in use (PID 32775). Stop the other gateway first.
ERROR gateway.run: Gateway exiting cleanly: discord: Discord bot token already in use (PID 32775). Stop the other gateway first.
[33m⚠ Deprecated .env settings detected:[0m
  [33m⚠[0m MESSAGING_CWD=~/Smith found in .env — this is deprecated.
  [2mMove to config.yaml instead:  terminal:\n    cwd: /your/project/path[0m
  [2mThen remove the old entries from /Users/Jeff/.hermes/profiles/smith/.env[0m

WARNING tools.mcp_tool: MCP server 'qmd' initial connection failed (attempt 1/3), retrying in 1s: unhandled errors in a TaskGroup (1 sub-exception)
WARNING tools.mcp_tool: MCP server 'qmd' initial connection failed (attempt 2/3), retrying in 2s: unhandled errors in a TaskGroup (1 sub-exception)
WARNING tools.mcp_tool: MCP server 'qmd' initial connection failed (attempt 3/3), retrying in 4s: unhandled errors in a TaskGroup (1 sub-exception)
WARNING tools.mcp_tool: MCP server 'qmd' failed initial connection after 3 attempts, giving up: unhandled errors in a TaskGroup (1 sub-exception)
WARNING tools.mcp_tool: Failed to connect to MCP server 'qmd' (command=qmd): Connection closed
ERROR gateway.platforms.base: [Discord] Discord bot token already in use (PID 32775). Stop the other gateway first.
WARNING gateway.run: ✗ discord failed to connect
ERROR gateway.run: Gateway hit a non-retryable startup conflict: discord: Discord bot token already in use (PID 32775). Stop the other gateway first.
ERROR gateway.run: Gateway exiting cleanly: discord: Discord bot token already in use (PID 32775). Stop the other gateway first.
[33m⚠ Deprecated .env settings detected:[0m
  [33m⚠[0m MESSAGING_CWD=~/Smith found in .env — this is deprecated.
  [2mMove to config.yaml instead:  terminal:\n    cwd: /your/project/path[0m
  [2mThen remove the old entries from /Users/Jeff/.hermes/profiles/smith/.env[0m

WARNING tools.mcp_tool: MCP server 'qmd' initial connection failed (attempt 1/3), retrying in 1s: unhandled errors in a TaskGroup (1 sub-exception)
WARNING tools.mcp_tool: MCP server 'qmd' initial connection failed (attempt 2/3), retrying in 2s: unhandled errors in a TaskGroup (1 sub-exception)
WARNING tools.mcp_tool: MCP server 'qmd' initial connection failed (attempt 3/3), retrying in 4s: unhandled errors in a TaskGroup (1 sub-exception)
WARNING tools.mcp_tool: MCP server 'qmd' failed initial connection after 3 attempts, giving up: unhandled errors in a TaskGroup (1 sub-exception)
WARNING tools.mcp_tool: Failed to connect to MCP server 'qmd' (command=qmd): Connection closed
ERROR gateway.platforms.base: [Discord] Discord bot token already in use (PID 32775). Stop the other gateway first.
WARNING gateway.run: ✗ discord failed to connect
ERROR gateway.run: Gateway hit a non-retryable startup conflict: discord: Discord bot token already in use (PID 32775). Stop the other gateway first.
ERROR gateway.run: Gateway exiting cleanly: discord: Discord bot token already in use (PID 32775). Stop the other gateway first.
[33m⚠ Deprecated .env settings detected:[0m
  [33m⚠[0m MESSAGING_CWD=~/Smith found in .env — this is deprecated.
  [2mMove to config.yaml instead:  terminal:\n    cwd: /your/project/path[0m
  [2mThen remove the old entries from /Users/Jeff/.hermes/profiles/smith/.env[0m

WARNING tools.mcp_tool: MCP server 'qmd' initial connection failed (attempt 1/3), retrying in 1s: unhandled errors in a TaskGroup (1 sub-exception)
WARNING tools.mcp_tool: MCP server 'qmd' initial connection failed (attempt 2/3), retrying in 2s: unhandled errors in a TaskGroup (1 sub-exception)
WARNING tools.mcp_tool: MCP server 'qmd' initial connection failed (attempt 3/3), retrying in 4s: unhandled errors in a TaskGroup (1 sub-exception)
WARNING tools.mcp_tool: MCP server 'qmd' failed initial connection after 3 attempts, giving up: unhandled errors in a TaskGroup (1 sub-exception)
WARNING tools.mcp_tool: Failed to connect to MCP server 'qmd' (command=qmd): Connection closed
ERROR gateway.platforms.base: [Discord] Discord bot token already in use (PID 32775). Stop the other gateway first.
WARNING gateway.run: ✗ discord failed to connect
ERROR gateway.run: Gateway hit a non-retryable startup conflict: discord: Discord bot token already in use (PID 32775). Stop the other gateway first.
ERROR gateway.run: Gateway exiting cleanly: discord: Discord bot token already in use (PID 32775). Stop the other gateway first.
[33m⚠ Deprecated .env settings detected:[0m
  [33m⚠[0m MESSAGING_CWD=~/Smith found in .env — this is deprecated.
  [2mMove to config.yaml instead:  terminal:\n    cwd: /your/project/path[0m
  [2mThen remove the old entries from /Users/Jeff/.hermes/profiles/smith/.env[0m

WARNING tools.mcp_tool: MCP server 'qmd' initial connection failed (attempt 1/3), retrying in 1s: unhandled errors in a TaskGroup (1 sub-exception)
WARNING tools.mcp_tool: MCP server 'qmd' initial connection failed (attempt 2/3), retrying in 2s: unhandled errors in a TaskGroup (1 sub-exception)
WARNING tools.mcp_tool: MCP server 'qmd' initial connection failed (attempt 3/3), retrying in 4s: unhandled errors in a TaskGroup (1 sub-exception)
WARNING tools.mcp_tool: MCP server 'qmd' failed initial connection after 3 attempts, giving up: unhandled errors in a TaskGroup (1 sub-exception)
WARNING tools.mcp_tool: Failed to connect to MCP server 'qmd' (command=qmd): Connection closed
ERROR gateway.platforms.base: [Discord] Discord bot token already in use (PID 32775). Stop the other gateway first.
WARNING gateway.run: ✗ discord failed to connect
ERROR gateway.run: Gateway hit a non-retryable startup conflict: discord: Discord bot token already in use (PID 32775). Stop the other gateway first.
ERROR gateway.run: Gateway exiting cleanly: discord: Discord bot token already in use (PID 32775). Stop the other gateway first.
[33m⚠ Deprecated .env settings detected:[0m
  [33m⚠[0m MESSAGING_CWD=~/Smith found in .env — this is deprecated.
  [2mMove to config.yaml instead:  terminal:\n    cwd: /your/project/path[0m
  [2mThen remove the old entries from /Users/Jeff/.hermes/profiles/smith/.env[0m

WARNING tools.mcp_tool: MCP server 'qmd' initial connection failed (attempt 1/3), retrying in 1s: unhandled errors in a TaskGroup (1 sub-exception)
WARNING tools.mcp_tool: MCP server 'qmd' initial connection failed (attempt 2/3), retrying in 2s: unhandled errors in a TaskGroup (1 sub-exception)
WARNING tools.mcp_tool: MCP server 'qmd' initial connection failed (attempt 3/3), retrying in 4s: unhandled errors in a TaskGroup (1 sub-exception)
WARNING tools.mcp_tool: MCP server 'qmd' failed initial connection after 3 attempts, giving up: unhandled errors in a TaskGroup (1 sub-exception)
WARNING tools.mcp_tool: Failed to connect to MCP server 'qmd' (command=qmd): Connection closed
ERROR gateway.platforms.base: [Discord] Discord bot token already in use (PID 32775). Stop the other gateway first.
WARNING gateway.run: ✗ discord failed to connect
ERROR gateway.run: Gateway hit a non-retryable startup conflict: discord: Discord bot token already in use (PID 32775). Stop the other gateway first.
ERROR gateway.run: Gateway exiting cleanly: discord: Discord bot token already in use (PID 32775). Stop the other gateway first.
[33m⚠ Deprecated .env settings detected:[0m
  [33m⚠[0m MESSAGING_CWD=~/Smith found in .env — this is deprecated.
  [2mMove to config.yaml instead:  terminal:\n    cwd: /your/project/path[0m
  [2mThen remove the old entries from /Users/Jeff/.hermes/profiles/smith/.env[0m

WARNING tools.mcp_tool: MCP server 'qmd' initial connection failed (attempt 1/3), retrying in 1s: unhandled errors in a TaskGroup (1 sub-exception)
WARNING tools.mcp_tool: MCP server 'qmd' initial connection failed (attempt 2/3), retrying in 2s: unhandled errors in a TaskGroup (1 sub-exception)
WARNING tools.mcp_tool: MCP server 'qmd' initial connection failed (attempt 3/3), retrying in 4s: unhandled errors in a TaskGroup (1 sub-exception)
WARNING tools.mcp_tool: MCP server 'qmd' failed initial connection after 3 attempts, giving up: unhandled errors in a TaskGroup (1 sub-exception)
WARNING tools.mcp_tool: Failed to connect to MCP server 'qmd' (command=qmd): Connection closed
ERROR gateway.platforms.base: [Discord] Discord bot token already in use (PID 32775). Stop the other gateway first.
WARNING gateway.run: ✗ discord failed to connect
ERROR gateway.run: Gateway hit a non-retryable startup conflict: discord: Discord bot token already in use (PID 32775). Stop the other gateway first.
ERROR gateway.run: Gateway exiting cleanly: discord: Discord bot token already in use (PID 32775). Stop the other gateway first.
[33m⚠ Deprecated .env settings detected:[0m
  [33m⚠[0m MESSAGING_CWD=~/Smith found in .env — this is deprecated.
  [2mMove to config.yaml instead:  terminal:\n    cwd: /your/project/path[0m
  [2mThen remove the old entries from /Users/Jeff/.hermes/profiles/smith/.env[0m

WARNING tools.mcp_tool: MCP server 'qmd' initial connection failed (attempt 1/3), retrying in 1s: unhandled errors in a TaskGroup (1 sub-exception)
WARNING tools.mcp_tool: MCP server 'qmd' initial connection failed (attempt 2/3), retrying in 2s: unhandled errors in a TaskGroup (1 sub-exception)
WARNING tools.mcp_tool: MCP server 'qmd' initial connection failed (attempt 3/3), retrying in 4s: unhandled errors in a TaskGroup (1 sub-exception)
WARNING tools.mcp_tool: MCP server 'qmd' failed initial connection after 3 attempts, giving up: unhandled errors in a TaskGroup (1 sub-exception)
WARNING tools.mcp_tool: Failed to connect to MCP server 'qmd' (command=qmd): Connection closed
ERROR gateway.platforms.base: [Discord] Discord bot token already in use (PID 32775). Stop the other gateway first.
WARNING gateway.run: ✗ discord failed to connect
ERROR gateway.run: Gateway hit a non-retryable startup conflict: discord: Discord bot token already in use (PID 32775). Stop the other gateway first.
ERROR gateway.run: Gateway exiting cleanly: discord: Discord bot token already in use (PID 32775). Stop the other gateway first.
[33m⚠ Deprecated .env settings detected:[0m
  [33m⚠[0m MESSAGING_CWD=~/Smith found in .env — this is deprecated.
  [2mMove to config.yaml instead:  terminal:\n    cwd: /your/project/path[0m
  [2mThen remove the old entries from /Users/Jeff/.hermes/profiles/smith/.env[0m

WARNING tools.mcp_tool: MCP server 'qmd' initial connection failed (attempt 1/3), retrying in 1s: unhandled errors in a TaskGroup (1 sub-exception)
WARNING tools.mcp_tool: MCP server 'qmd' initial connection failed (attempt 2/3), retrying in 2s: unhandled errors in a TaskGroup (1 sub-exception)
WARNING tools.mcp_tool: MCP server 'qmd' initial connection failed (attempt 3/3), retrying in 4s: unhandled errors in a TaskGroup (1 sub-exception)
WARNING tools.mcp_tool: MCP server 'qmd' failed initial connection after 3 attempts, giving up: unhandled errors in a TaskGroup (1 sub-exception)
WARNING tools.mcp_tool: Failed to connect to MCP server 'qmd' (command=qmd): Connection closed
ERROR gateway.platforms.base: [Discord] Discord bot token already in use (PID 32775). Stop the other gateway first.
WARNING gateway.run: ✗ discord failed to connect
ERROR gateway.run: Gateway hit a non-retryable startup conflict: discord: Discord bot token already in use (PID 32775). Stop the other gateway first.
ERROR gateway.run: Gateway exiting cleanly: discord: Discord bot token already in use (PID 32775). Stop the other gateway first.
[33m⚠ Deprecated .env settings detected:[0m
  [33m⚠[0m MESSAGING_CWD=~/Smith found in .env — this is deprecated.
  [2mMove to config.yaml instead:  terminal:\n    cwd: /your/project/path[0m
  [2mThen remove the old entries from /Users/Jeff/.hermes/profiles/smith/.env[0m

WARNING tools.mcp_tool: MCP server 'qmd' initial connection failed (attempt 1/3), retrying in 1s: unhandled errors in a TaskGroup (1 sub-exception)
WARNING tools.mcp_tool: MCP server 'qmd' initial connection failed (attempt 2/3), retrying in 2s: unhandled errors in a TaskGroup (1 sub-exception)
WARNING tools.mcp_tool: MCP server 'qmd' initial connection failed (attempt 3/3), retrying in 4s: unhandled errors in a TaskGroup (1 sub-exception)
WARNING tools.mcp_tool: MCP server 'qmd' failed initial connection after 3 attempts, giving up: unhandled errors in a TaskGroup (1 sub-exception)
WARNING tools.mcp_tool: Failed to connect to MCP server 'qmd' (command=qmd): Connection closed
ERROR gateway.platforms.base: [Discord] Discord bot token already in use (PID 32775). Stop the other gateway first.
WARNING gateway.run: ✗ discord failed to connect
ERROR gateway.run: Gateway hit a non-retryable startup conflict: discord: Discord bot token already in use (PID 32775). Stop the other gateway first.
ERROR gateway.run: Gateway exiting cleanly: discord: Discord bot token already in use (PID 32775). Stop the other gateway first.
[33m⚠ Deprecated .env settings detected:[0m
  [33m⚠[0m MESSAGING_CWD=~/Smith found in .env — this is deprecated.
  [2mMove to config.yaml instead:  terminal:\n    cwd: /your/project/path[0m
  [2mThen remove the old entries from /Users/Jeff/.hermes/profiles/smith/.env[0m

WARNING tools.mcp_tool: MCP server 'qmd' initial connection failed (attempt 1/3), retrying in 1s: unhandled errors in a TaskGroup (1 sub-exception)
WARNING tools.mcp_tool: MCP server 'qmd' initial connection failed (attempt 2/3), retrying in 2s: unhandled errors in a TaskGroup (1 sub-exception)
WARNING tools.mcp_tool: MCP server 'qmd' initial connection failed (attempt 3/3), retrying in 4s: unhandled errors in a TaskGroup (1 sub-exception)
WARNING tools.mcp_tool: MCP server 'qmd' failed initial connection after 3 attempts, giving up: unhandled errors in a TaskGroup (1 sub-exception)
WARNING tools.mcp_tool: Failed to connect to MCP server 'qmd' (command=qmd): Connection closed
ERROR gateway.platforms.base: [Discord] Discord bot token already in use (PID 32775). Stop the other gateway first.
WARNING gateway.run: ✗ discord failed to connect
ERROR gateway.run: Gateway hit a non-retryable startup conflict: discord: Discord bot token already in use (PID 32775). Stop the other gateway first.
ERROR gateway.run: Gateway exiting cleanly: discord: Discord bot token already in use (PID 32775). Stop the other gateway first.
[33m⚠ Deprecated .env settings detected:[0m
  [33m⚠[0m MESSAGING_CWD=~/Smith found in .env — this is deprecated.
  [2mMove to config.yaml instead:  terminal:\n    cwd: /your/project/path[0m
  [2mThen remove the old entries from /Users/Jeff/.hermes/profiles/smith/.env[0m

WARNING tools.mcp_tool: MCP server 'qmd' initial connection failed (attempt 1/3), retrying in 1s: unhandled errors in a TaskGroup (1 sub-exception)
WARNING tools.mcp_tool: MCP server 'qmd' initial connection failed (attempt 2/3), retrying in 2s: unhandled errors in a TaskGroup (1 sub-exception)
WARNING tools.mcp_tool: MCP server 'qmd' initial connection failed (attempt 3/3), retrying in 4s: unhandled errors in a TaskGroup (1 sub-exception)
WARNING tools.mcp_tool: MCP server 'qmd' failed initial connection after 3 attempts, giving up: unhandled errors in a TaskGroup (1 sub-exception)
WARNING tools.mcp_tool: Failed to connect to MCP server 'qmd' (command=qmd): Connection closed
ERROR gateway.platforms.base: [Discord] Discord bot token already in use (PID 32775). Stop the other gateway first.
WARNING gateway.run: ✗ discord failed to connect
ERROR gateway.run: Gateway hit a non-retryable startup conflict: discord: Discord bot token already in use (PID 32775). Stop the other gateway first.
ERROR gateway.run: Gateway exiting cleanly: discord: Discord bot token already in use (PID 32775). Stop the other gateway first.
[33m⚠ Deprecated .env settings detected:[0m
  [33m⚠[0m MESSAGING_CWD=~/Smith found in .env — this is deprecated.
  [2mMove to config.yaml instead:  terminal:\n    cwd: /your/project/path[0m
  [2mThen remove the old entries from /Users/Jeff/.hermes/profiles/smith/.env[0m

WARNING tools.mcp_tool: MCP server 'qmd' initial connection failed (attempt 1/3), retrying in 1s: unhandled errors in a TaskGroup (1 sub-exception)
WARNING tools.mcp_tool: MCP server 'qmd' initial connection failed (attempt 2/3), retrying in 2s: unhandled errors in a TaskGroup (1 sub-exception)
WARNING tools.mcp_tool: MCP server 'qmd' initial connection failed (attempt 3/3), retrying in 4s: unhandled errors in a TaskGroup (1 sub-exception)
WARNING tools.mcp_tool: MCP server 'qmd' failed initial connection after 3 attempts, giving up: unhandled errors in a TaskGroup (1 sub-exception)
WARNING tools.mcp_tool: Failed to connect to MCP server 'qmd' (command=qmd): Connection closed
ERROR gateway.platforms.base: [Discord] Discord bot token already in use (PID 32775). Stop the other gateway first.
WARNING gateway.run: ✗ discord failed to connect
ERROR gateway.run: Gateway hit a non-retryable startup conflict: discord: Discord bot token already in use (PID 32775). Stop the other gateway first.
ERROR gateway.run: Gateway exiting cleanly: discord: Discord bot token already in use (PID 32775). Stop the other gateway first.
[33m⚠ Deprecated .env settings detected:[0m
  [33m⚠[0m MESSAGING_CWD=~/Smith found in .env — this is deprecated.
  [2mMove to config.yaml instead:  terminal:\n    cwd: /your/project/path[0m
  [2mThen remove the old entries from /Users/Jeff/.hermes/profiles/smith/.env[0m

WARNING tools.mcp_tool: MCP server 'qmd' initial connection failed (attempt 1/3), retrying in 1s: unhandled errors in a TaskGroup (1 sub-exception)
WARNING tools.mcp_tool: MCP server 'qmd' initial connection failed (attempt 2/3), retrying in 2s: unhandled errors in a TaskGroup (1 sub-exception)
WARNING tools.mcp_tool: MCP server 'qmd' initial connection failed (attempt 3/3), retrying in 4s: unhandled errors in a TaskGroup (1 sub-exception)
WARNING tools.mcp_tool: MCP server 'qmd' failed initial connection after 3 attempts, giving up: unhandled errors in a TaskGroup (1 sub-exception)
WARNING tools.mcp_tool: Failed to connect to MCP server 'qmd' (command=qmd): Connection closed
ERROR gateway.platforms.base: [Discord] Discord bot token already in use (PID 32775). Stop the other gateway first.
WARNING gateway.run: ✗ discord failed to connect
ERROR gateway.run: Gateway hit a non-retryable startup conflict: discord: Discord bot token already in use (PID 32775). Stop the other gateway first.
ERROR gateway.run: Gateway exiting cleanly: discord: Discord bot token already in use (PID 32775). Stop the other gateway first.
[33m⚠ Deprecated .env settings detected:[0m
  [33m⚠[0m MESSAGING_CWD=~/Smith found in .env — this is deprecated.
  [2mMove to config.yaml instead:  terminal:\n    cwd: /your/project/path[0m
  [2mThen remove the old entries from /Users/Jeff/.hermes/profiles/smith/.env[0m

WARNING tools.mcp_tool: MCP server 'qmd' initial connection failed (attempt 1/3), retrying in 1s: unhandled errors in a TaskGroup (1 sub-exception)
WARNING tools.mcp_tool: MCP server 'qmd' initial connection failed (attempt 2/3), retrying in 2s: unhandled errors in a TaskGroup (1 sub-exception)
WARNING tools.mcp_tool: MCP server 'qmd' initial connection failed (attempt 3/3), retrying in 4s: unhandled errors in a TaskGroup (1 sub-exception)
WARNING tools.mcp_tool: MCP server 'qmd' failed initial connection after 3 attempts, giving up: unhandled errors in a TaskGroup (1 sub-exception)
WARNING tools.mcp_tool: Failed to connect to MCP server 'qmd' (command=qmd): Connection closed
ERROR gateway.platforms.base: [Discord] Discord bot token already in use (PID 32775). Stop the other gateway first.
WARNING gateway.run: ✗ discord failed to connect
ERROR gateway.run: Gateway hit a non-retryable startup conflict: discord: Discord bot token already in use (PID 32775). Stop the other gateway first.
ERROR gateway.run: Gateway exiting cleanly: discord: Discord bot token already in use (PID 32775). Stop the other gateway first.
[33m⚠ Deprecated .env settings detected:[0m
  [33m⚠[0m MESSAGING_CWD=~/Smith found in .env — this is deprecated.
  [2mMove to config.yaml instead:  terminal:\n    cwd: /your/project/path[0m
  [2mThen remove the old entries from /Users/Jeff/.hermes/profiles/smith/.env[0m

WARNING tools.mcp_tool: MCP server 'qmd' initial connection failed (attempt 1/3), retrying in 1s: unhandled errors in a TaskGroup (1 sub-exception)
WARNING tools.mcp_tool: MCP server 'qmd' initial connection failed (attempt 2/3), retrying in 2s: unhandled errors in a TaskGroup (1 sub-exception)
WARNING tools.mcp_tool: MCP server 'qmd' initial connection failed (attempt 3/3), retrying in 4s: unhandled errors in a TaskGroup (1 sub-exception)
WARNING tools.mcp_tool: MCP server 'qmd' failed initial connection after 3 attempts, giving up: unhandled errors in a TaskGroup (1 sub-exception)
WARNING tools.mcp_tool: Failed to connect to MCP server 'qmd' (command=qmd): Connection closed
ERROR gateway.platforms.base: [Discord] Discord bot token already in use (PID 32775). Stop the other gateway first.
WARNING gateway.run: ✗ discord failed to connect
ERROR gateway.run: Gateway hit a non-retryable startup conflict: discord: Discord bot token already in use (PID 32775). Stop the other gateway first.
ERROR gateway.run: Gateway exiting cleanly: discord: Discord bot token already in use (PID 32775). Stop the other gateway first.
[33m⚠ Deprecated .env settings detected:[0m
  [33m⚠[0m MESSAGING_CWD=~/Smith found in .env — this is deprecated.
  [2mMove to config.yaml instead:  terminal:\n    cwd: /your/project/path[0m
  [2mThen remove the old entries from /Users/Jeff/.hermes/profiles/smith/.env[0m

WARNING tools.mcp_tool: MCP server 'qmd' initial connection failed (attempt 1/3), retrying in 1s: unhandled errors in a TaskGroup (1 sub-exception)
WARNING tools.mcp_tool: MCP server 'qmd' initial connection failed (attempt 2/3), retrying in 2s: unhandled errors in a TaskGroup (1 sub-exception)
WARNING tools.mcp_tool: MCP server 'qmd' initial connection failed (attempt 3/3), retrying in 4s: unhandled errors in a TaskGroup (1 sub-exception)
WARNING tools.mcp_tool: MCP server 'qmd' failed initial connection after 3 attempts, giving up: unhandled errors in a TaskGroup (1 sub-exception)
WARNING tools.mcp_tool: Failed to connect to MCP server 'qmd' (command=qmd): Connection closed
ERROR gateway.platforms.base: [Discord] Discord bot token already in use (PID 32775). Stop the other gateway first.
WARNING gateway.run: ✗ discord failed to connect
ERROR gateway.run: Gateway hit a non-retryable startup conflict: discord: Discord bot token already in use (PID 32775). Stop the other gateway first.
ERROR gateway.run: Gateway exiting cleanly: discord: Discord bot token already in use (PID 32775). Stop the other gateway first.
[33m⚠ Deprecated .env settings detected:[0m
  [33m⚠[0m MESSAGING_CWD=~/Smith found in .env — this is deprecated.
  [2mMove to config.yaml instead:  terminal:\n    cwd: /your/project/path[0m
  [2mThen remove the old entries from /Users/Jeff/.hermes/profiles/smith/.env[0m

WARNING tools.mcp_tool: MCP server 'qmd' initial connection failed (attempt 1/3), retrying in 1s: unhandled errors in a TaskGroup (1 sub-exception)
WARNING tools.mcp_tool: MCP server 'qmd' initial connection failed (attempt 2/3), retrying in 2s: unhandled errors in a TaskGroup (1 sub-exception)
WARNING tools.mcp_tool: MCP server 'qmd' initial connection failed (attempt 3/3), retrying in 4s: unhandled errors in a TaskGroup (1 sub-exception)
WARNING tools.mcp_tool: MCP server 'qmd' failed initial connection after 3 attempts, giving up: unhandled errors in a TaskGroup (1 sub-exception)
WARNING tools.mcp_tool: Failed to connect to MCP server 'qmd' (command=qmd): Connection closed
ERROR gateway.platforms.base: [Discord] Discord bot token already in use (PID 32775). Stop the other gateway first.
WARNING gateway.run: ✗ discord failed to connect
ERROR gateway.run: Gateway hit a non-retryable startup conflict: discord: Discord bot token already in use (PID 32775). Stop the other gateway first.
ERROR gateway.run: Gateway exiting cleanly: discord: Discord bot token already in use (PID 32775). Stop the other gateway first.
[33m⚠ Deprecated .env settings detected:[0m
  [33m⚠[0m MESSAGING_CWD=~/Smith found in .env — this is deprecated.
  [2mMove to config.yaml instead:  terminal:\n    cwd: /your/project/path[0m
  [2mThen remove the old entries from /Users/Jeff/.hermes/profiles/smith/.env[0m

WARNING tools.mcp_tool: MCP server 'qmd' initial connection failed (attempt 1/3), retrying in 1s: unhandled errors in a TaskGroup (1 sub-exception)
WARNING tools.mcp_tool: MCP server 'qmd' initial connection failed (attempt 2/3), retrying in 2s: unhandled errors in a TaskGroup (1 sub-exception)
WARNING tools.mcp_tool: MCP server 'qmd' initial connection failed (attempt 3/3), retrying in 4s: unhandled errors in a TaskGroup (1 sub-exception)
WARNING tools.mcp_tool: MCP server 'qmd' failed initial connection after 3 attempts, giving up: unhandled errors in a TaskGroup (1 sub-exception)
WARNING tools.mcp_tool: Failed to connect to MCP server 'qmd' (command=qmd): Connection closed
ERROR gateway.platforms.base: [Discord] Discord bot token already in use (PID 32775). Stop the other gateway first.
WARNING gateway.run: ✗ discord failed to connect
ERROR gateway.run: Gateway hit a non-retryable startup conflict: discord: Discord bot token already in use (PID 32775). Stop the other gateway first.
ERROR gateway.run: Gateway exiting cleanly: discord: Discord bot token already in use (PID 32775). Stop the other gateway first.
[33m⚠ Deprecated .env settings detected:[0m
  [33m⚠[0m MESSAGING_CWD=~/Smith found in .env — this is deprecated.
  [2mMove to config.yaml instead:  terminal:\n    cwd: /your/project/path[0m
  [2mThen remove the old entries from /Users/Jeff/.hermes/profiles/smith/.env[0m

WARNING tools.mcp_tool: MCP server 'qmd' initial connection failed (attempt 1/3), retrying in 1s: unhandled errors in a TaskGroup (1 sub-exception)
WARNING tools.mcp_tool: MCP server 'qmd' initial connection failed (attempt 2/3), retrying in 2s: unhandled errors in a TaskGroup (1 sub-exception)
WARNING tools.mcp_tool: MCP server 'qmd' initial connection failed (attempt 3/3), retrying in 4s: unhandled errors in a TaskGroup (1 sub-exception)
WARNING tools.mcp_tool: MCP server 'qmd' failed initial connection after 3 attempts, giving up: unhandled errors in a TaskGroup (1 sub-exception)
WARNING tools.mcp_tool: Failed to connect to MCP server 'qmd' (command=qmd): Connection closed
ERROR gateway.platforms.base: [Discord] Discord bot token already in use (PID 32775). Stop the other gateway first.
WARNING gateway.run: ✗ discord failed to connect
ERROR gateway.run: Gateway hit a non-retryable startup conflict: discord: Discord bot token already in use (PID 32775). Stop the other gateway first.
ERROR gateway.run: Gateway exiting cleanly: discord: Discord bot token already in use (PID 32775). Stop the other gateway first.
[33m⚠ Deprecated .env settings detected:[0m
  [33m⚠[0m MESSAGING_CWD=~/Smith found in .env — this is deprecated.
  [2mMove to config.yaml instead:  terminal:\n    cwd: /your/project/path[0m
  [2mThen remove the old entries from /Users/Jeff/.hermes/profiles/smith/.env[0m

WARNING tools.mcp_tool: MCP server 'qmd' initial connection failed (attempt 1/3), retrying in 1s: unhandled errors in a TaskGroup (1 sub-exception)
WARNING tools.mcp_tool: MCP server 'qmd' initial connection failed (attempt 2/3), retrying in 2s: unhandled errors in a TaskGroup (1 sub-exception)
WARNING tools.mcp_tool: MCP server 'qmd' initial connection failed (attempt 3/3), retrying in 4s: unhandled errors in a TaskGroup (1 sub-exception)
WARNING tools.mcp_tool: MCP server 'qmd' failed initial connection after 3 attempts, giving up: unhandled errors in a TaskGroup (1 sub-exception)
WARNING tools.mcp_tool: Failed to connect to MCP server 'qmd' (command=qmd): Connection closed
ERROR gateway.platforms.base: [Discord] Discord bot token already in use (PID 32775). Stop the other gateway first.
WARNING gateway.run: ✗ discord failed to connect
ERROR gateway.run: Gateway hit a non-retryable startup conflict: discord: Discord bot token already in use (PID 32775). Stop the other gateway first.
ERROR gateway.run: Gateway exiting cleanly: discord: Discord bot token already in use (PID 32775). Stop the other gateway first.
[33m⚠ Deprecated .env settings detected:[0m
  [33m⚠[0m MESSAGING_CWD=~/Smith found in .env — this is deprecated.
  [2mMove to config.yaml instead:  terminal:\n    cwd: /your/project/path[0m
  [2mThen remove the old entries from /Users/Jeff/.hermes/profiles/smith/.env[0m

WARNING tools.mcp_tool: MCP server 'qmd' initial connection failed (attempt 1/3), retrying in 1s: unhandled errors in a TaskGroup (1 sub-exception)
WARNING tools.mcp_tool: MCP server 'qmd' initial connection failed (attempt 2/3), retrying in 2s: unhandled errors in a TaskGroup (1 sub-exception)
WARNING tools.mcp_tool: MCP server 'qmd' initial connection failed (attempt 3/3), retrying in 4s: unhandled errors in a TaskGroup (1 sub-exception)
WARNING tools.mcp_tool: MCP server 'qmd' failed initial connection after 3 attempts, giving up: unhandled errors in a TaskGroup (1 sub-exception)
WARNING tools.mcp_tool: Failed to connect to MCP server 'qmd' (command=qmd): Connection closed
ERROR gateway.platforms.base: [Discord] Discord bot token already in use (PID 32775). Stop the other gateway first.
WARNING gateway.run: ✗ discord failed to connect
ERROR gateway.run: Gateway hit a non-retryable startup conflict: discord: Discord bot token already in use (PID 32775). Stop the other gateway first.
ERROR gateway.run: Gateway exiting cleanly: discord: Discord bot token already in use (PID 32775). Stop the other gateway first.
[33m⚠ Deprecated .env settings detected:[0m
  [33m⚠[0m MESSAGING_CWD=~/Smith found in .env — this is deprecated.
  [2mMove to config.yaml instead:  terminal:\n    cwd: /your/project/path[0m
  [2mThen remove the old entries from /Users/Jeff/.hermes/profiles/smith/.env[0m

WARNING tools.mcp_tool: MCP server 'qmd' initial connection failed (attempt 1/3), retrying in 1s: unhandled errors in a TaskGroup (1 sub-exception)
WARNING tools.mcp_tool: MCP server 'qmd' initial connection failed (attempt 2/3), retrying in 2s: unhandled errors in a TaskGroup (1 sub-exception)
WARNING tools.mcp_tool: MCP server 'qmd' initial connection failed (attempt 3/3), retrying in 4s: unhandled errors in a TaskGroup (1 sub-exception)
WARNING tools.mcp_tool: MCP server 'qmd' failed initial connection after 3 attempts, giving up: unhandled errors in a TaskGroup (1 sub-exception)
WARNING tools.mcp_tool: Failed to connect to MCP server 'qmd' (command=qmd): Connection closed
ERROR gateway.platforms.base: [Discord] Discord bot token already in use (PID 32775). Stop the other gateway first.
WARNING gateway.run: ✗ discord failed to connect
ERROR gateway.run: Gateway hit a non-retryable startup conflict: discord: Discord bot token already in use (PID 32775). Stop the other gateway first.
ERROR gateway.run: Gateway exiting cleanly: discord: Discord bot token already in use (PID 32775). Stop the other gateway first.
[33m⚠ Deprecated .env settings detected:[0m
  [33m⚠[0m MESSAGING_CWD=~/Smith found in .env — this is deprecated.
  [2mMove to config.yaml instead:  terminal:\n    cwd: /your/project/path[0m
  [2mThen remove the old entries from /Users/Jeff/.hermes/profiles/smith/.env[0m

WARNING tools.mcp_tool: MCP server 'qmd' initial connection failed (attempt 1/3), retrying in 1s: unhandled errors in a TaskGroup (1 sub-exception)
WARNING tools.mcp_tool: MCP server 'qmd' initial connection failed (attempt 2/3), retrying in 2s: unhandled errors in a TaskGroup (1 sub-exception)
WARNING tools.mcp_tool: MCP server 'qmd' initial connection failed (attempt 3/3), retrying in 4s: unhandled errors in a TaskGroup (1 sub-exception)
WARNING tools.mcp_tool: MCP server 'qmd' failed initial connection after 3 attempts, giving up: unhandled errors in a TaskGroup (1 sub-exception)
WARNING tools.mcp_tool: Failed to connect to MCP server 'qmd' (command=qmd): Connection closed
ERROR gateway.platforms.base: [Discord] Discord bot token already in use (PID 32775). Stop the other gateway first.
WARNING gateway.run: ✗ discord failed to connect
ERROR gateway.run: Gateway hit a non-retryable startup conflict: discord: Discord bot token already in use (PID 32775). Stop the other gateway first.
ERROR gateway.run: Gateway exiting cleanly: discord: Discord bot token already in use (PID 32775). Stop the other gateway first.
[33m⚠ Deprecated .env settings detected:[0m
  [33m⚠[0m MESSAGING_CWD=~/Smith found in .env — this is deprecated.
  [2mMove to config.yaml instead:  terminal:\n    cwd: /your/project/path[0m
  [2mThen remove the old entries from /Users/Jeff/.hermes/profiles/smith/.env[0m

WARNING tools.mcp_tool: MCP server 'qmd' initial connection failed (attempt 1/3), retrying in 1s: unhandled errors in a TaskGroup (1 sub-exception)
WARNING tools.mcp_tool: MCP server 'qmd' initial connection failed (attempt 2/3), retrying in 2s: unhandled errors in a TaskGroup (1 sub-exception)
WARNING tools.mcp_tool: MCP server 'qmd' initial connection failed (attempt 3/3), retrying in 4s: unhandled errors in a TaskGroup (1 sub-exception)
WARNING tools.mcp_tool: MCP server 'qmd' failed initial connection after 3 attempts, giving up: unhandled errors in a TaskGroup (1 sub-exception)
WARNING tools.mcp_tool: Failed to connect to MCP server 'qmd' (command=qmd): Connection closed
ERROR gateway.platforms.base: [Discord] Discord bot token already in use (PID 32775). Stop the other gateway first.
WARNING gateway.run: ✗ discord failed to connect
ERROR gateway.run: Gateway hit a non-retryable startup conflict: discord: Discord bot token already in use (PID 32775). Stop the other gateway first.
ERROR gateway.run: Gateway exiting cleanly: discord: Discord bot token already in use (PID 32775). Stop the other gateway first.
[33m⚠ Deprecated .env settings detected:[0m
  [33m⚠[0m MESSAGING_CWD=~/Smith found in .env — this is deprecated.
  [2mMove to config.yaml instead:  terminal:\n    cwd: /your/project/path[0m
  [2mThen remove the old entries from /Users/Jeff/.hermes/profiles/smith/.env[0m

WARNING tools.mcp_tool: MCP server 'qmd' initial connection failed (attempt 1/3), retrying in 1s: unhandled errors in a TaskGroup (1 sub-exception)
WARNING tools.mcp_tool: MCP server 'qmd' initial connection failed (attempt 2/3), retrying in 2s: unhandled errors in a TaskGroup (1 sub-exception)
WARNING tools.mcp_tool: MCP server 'qmd' initial connection failed (attempt 3/3), retrying in 4s: unhandled errors in a TaskGroup (1 sub-exception)
WARNING tools.mcp_tool: MCP server 'qmd' failed initial connection after 3 attempts, giving up: unhandled errors in a TaskGroup (1 sub-exception)
WARNING tools.mcp_tool: Failed to connect to MCP server 'qmd' (command=qmd): Connection closed
ERROR gateway.platforms.base: [Discord] Discord bot token already in use (PID 32775). Stop the other gateway first.
WARNING gateway.run: ✗ discord failed to connect
ERROR gateway.run: Gateway hit a non-retryable startup conflict: discord: Discord bot token already in use (PID 32775). Stop the other gateway first.
ERROR gateway.run: Gateway exiting cleanly: discord: Discord bot token already in use (PID 32775). Stop the other gateway first.
[33m⚠ Deprecated .env settings detected:[0m
  [33m⚠[0m MESSAGING_CWD=~/Smith found in .env — this is deprecated.
  [2mMove to config.yaml instead:  terminal:\n    cwd: /your/project/path[0m
  [2mThen remove the old entries from /Users/Jeff/.hermes/profiles/smith/.env[0m

WARNING tools.mcp_tool: MCP server 'qmd' initial connection failed (attempt 1/3), retrying in 1s: unhandled errors in a TaskGroup (1 sub-exception)
WARNING tools.mcp_tool: MCP server 'qmd' initial connection failed (attempt 2/3), retrying in 2s: unhandled errors in a TaskGroup (1 sub-exception)
WARNING tools.mcp_tool: MCP server 'qmd' initial connection failed (attempt 3/3), retrying in 4s: unhandled errors in a TaskGroup (1 sub-exception)
WARNING tools.mcp_tool: MCP server 'qmd' failed initial connection after 3 attempts, giving up: unhandled errors in a TaskGroup (1 sub-exception)
WARNING tools.mcp_tool: Failed to connect to MCP server 'qmd' (command=qmd): Connection closed
ERROR gateway.platforms.base: [Discord] Discord bot token already in use (PID 32775). Stop the other gateway first.
WARNING gateway.run: ✗ discord failed to connect
ERROR gateway.run: Gateway hit a non-retryable startup conflict: discord: Discord bot token already in use (PID 32775). Stop the other gateway first.
ERROR gateway.run: Gateway exiting cleanly: discord: Discord bot token already in use (PID 32775). Stop the other gateway first.
[33m⚠ Deprecated .env settings detected:[0m
  [33m⚠[0m MESSAGING_CWD=~/Smith found in .env — this is deprecated.
  [2mMove to config.yaml instead:  terminal:\n    cwd: /your/project/path[0m
  [2mThen remove the old entries from /Users/Jeff/.hermes/profiles/smith/.env[0m

WARNING tools.mcp_tool: MCP server 'qmd' initial connection failed (attempt 1/3), retrying in 1s: unhandled errors in a TaskGroup (1 sub-exception)
WARNING tools.mcp_tool: MCP server 'qmd' initial connection failed (attempt 2/3), retrying in 2s: unhandled errors in a TaskGroup (1 sub-exception)
WARNING tools.mcp_tool: MCP server 'qmd' initial connection failed (attempt 3/3), retrying in 4s: unhandled errors in a TaskGroup (1 sub-exception)
WARNING tools.mcp_tool: MCP server 'qmd' failed initial connection after 3 attempts, giving up: unhandled errors in a TaskGroup (1 sub-exception)
WARNING tools.mcp_tool: Failed to connect to MCP server 'qmd' (command=qmd): Connection closed
ERROR gateway.platforms.base: [Discord] Discord bot token already in use (PID 32775). Stop the other gateway first.
WARNING gateway.run: ✗ discord failed to connect
ERROR gateway.run: Gateway hit a non-retryable startup conflict: discord: Discord bot token already in use (PID 32775). Stop the other gateway first.
ERROR gateway.run: Gateway exiting cleanly: discord: Discord bot token already in use (PID 32775). Stop the other gateway first.
[33m⚠ Deprecated .env settings detected:[0m
  [33m⚠[0m MESSAGING_CWD=~/Smith found in .env — this is deprecated.
  [2mMove to config.yaml instead:  terminal:\n    cwd: /your/project/path[0m
  [2mThen remove the old entries from /Users/Jeff/.hermes/profiles/smith/.env[0m

WARNING tools.mcp_tool: MCP server 'qmd' initial connection failed (attempt 1/3), retrying in 1s: unhandled errors in a TaskGroup (1 sub-exception)
WARNING tools.mcp_tool: MCP server 'qmd' initial connection failed (attempt 2/3), retrying in 2s: unhandled errors in a TaskGroup (1 sub-exception)
WARNING tools.mcp_tool: MCP server 'qmd' initial connection failed (attempt 3/3), retrying in 4s: unhandled errors in a TaskGroup (1 sub-exception)
WARNING tools.mcp_tool: MCP server 'qmd' failed initial connection after 3 attempts, giving up: unhandled errors in a TaskGroup (1 sub-exception)
WARNING tools.mcp_tool: Failed to connect to MCP server 'qmd' (command=qmd): Connection closed
ERROR gateway.platforms.base: [Discord] Discord bot token already in use (PID 32775). Stop the other gateway first.
WARNING gateway.run: ✗ discord failed to connect
ERROR gateway.run: Gateway hit a non-retryable startup conflict: discord: Discord bot token already in use (PID 32775). Stop the other gateway first.
ERROR gateway.run: Gateway exiting cleanly: discord: Discord bot token already in use (PID 32775). Stop the other gateway first.
[33m⚠ Deprecated .env settings detected:[0m
  [33m⚠[0m MESSAGING_CWD=~/Smith found in .env — this is deprecated.
  [2mMove to config.yaml instead:  terminal:\n    cwd: /your/project/path[0m
  [2mThen remove the old entries from /Users/Jeff/.hermes/profiles/smith/.env[0m

WARNING tools.mcp_tool: MCP server 'qmd' initial connection failed (attempt 1/3), retrying in 1s: unhandled errors in a TaskGroup (1 sub-exception)
WARNING tools.mcp_tool: MCP server 'qmd' initial connection failed (attempt 2/3), retrying in 2s: unhandled errors in a TaskGroup (1 sub-exception)
WARNING tools.mcp_tool: MCP server 'qmd' initial connection failed (attempt 3/3), retrying in 4s: unhandled errors in a TaskGroup (1 sub-exception)
WARNING tools.mcp_tool: MCP server 'qmd' failed initial connection after 3 attempts, giving up: unhandled errors in a TaskGroup (1 sub-exception)
WARNING tools.mcp_tool: Failed to connect to MCP server 'qmd' (command=qmd): Connection closed
ERROR gateway.platforms.base: [Discord] Discord bot token already in use (PID 32775). Stop the other gateway first.
WARNING gateway.run: ✗ discord failed to connect
ERROR gateway.run: Gateway hit a non-retryable startup conflict: discord: Discord bot token already in use (PID 32775). Stop the other gateway first.
ERROR gateway.run: Gateway exiting cleanly: discord: Discord bot token already in use (PID 32775). Stop the other gateway first.
[33m⚠ Deprecated .env settings detected:[0m
  [33m⚠[0m MESSAGING_CWD=~/Smith found in .env — this is deprecated.
  [2mMove to config.yaml instead:  terminal:\n    cwd: /your/project/path[0m
  [2mThen remove the old entries from /Users/Jeff/.hermes/profiles/smith/.env[0m

WARNING tools.mcp_tool: MCP server 'qmd' initial connection failed (attempt 1/3), retrying in 1s: unhandled errors in a TaskGroup (1 sub-exception)
WARNING tools.mcp_tool: MCP server 'qmd' initial connection failed (attempt 2/3), retrying in 2s: unhandled errors in a TaskGroup (1 sub-exception)
WARNING tools.mcp_tool: MCP server 'qmd' initial connection failed (attempt 3/3), retrying in 4s: unhandled errors in a TaskGroup (1 sub-exception)
WARNING tools.mcp_tool: MCP server 'qmd' failed initial connection after 3 attempts, giving up: unhandled errors in a TaskGroup (1 sub-exception)
WARNING tools.mcp_tool: Failed to connect to MCP server 'qmd' (command=qmd): Connection closed
ERROR gateway.platforms.base: [Discord] Discord bot token already in use (PID 32775). Stop the other gateway first.
WARNING gateway.run: ✗ discord failed to connect
ERROR gateway.run: Gateway hit a non-retryable startup conflict: discord: Discord bot token already in use (PID 32775). Stop the other gateway first.
ERROR gateway.run: Gateway exiting cleanly: discord: Discord bot token already in use (PID 32775). Stop the other gateway first.
[33m⚠ Deprecated .env settings detected:[0m
  [33m⚠[0m MESSAGING_CWD=~/Smith found in .env — this is deprecated.
  [2mMove to config.yaml instead:  terminal:\n    cwd: /your/project/path[0m
  [2mThen remove the old entries from /Users/Jeff/.hermes/profiles/smith/.env[0m

WARNING tools.mcp_tool: MCP server 'qmd' initial connection failed (attempt 1/3), retrying in 1s: unhandled errors in a TaskGroup (1 sub-exception)
WARNING tools.mcp_tool: MCP server 'qmd' initial connection failed (attempt 2/3), retrying in 2s: unhandled errors in a TaskGroup (1 sub-exception)
WARNING tools.mcp_tool: MCP server 'qmd' initial connection failed (attempt 3/3), retrying in 4s: unhandled errors in a TaskGroup (1 sub-exception)
WARNING tools.mcp_tool: MCP server 'qmd' failed initial connection after 3 attempts, giving up: unhandled errors in a TaskGroup (1 sub-exception)
WARNING tools.mcp_tool: Failed to connect to MCP server 'qmd' (command=qmd): Connection closed
ERROR gateway.platforms.base: [Discord] Discord bot token already in use (PID 32775). Stop the other gateway first.
WARNING gateway.run: ✗ discord failed to connect
ERROR gateway.run: Gateway hit a non-retryable startup conflict: discord: Discord bot token already in use (PID 32775). Stop the other gateway first.
ERROR gateway.run: Gateway exiting cleanly: discord: Discord bot token already in use (PID 32775). Stop the other gateway first.
[33m⚠ Deprecated .env settings detected:[0m
  [33m⚠[0m MESSAGING_CWD=~/Smith found in .env — this is deprecated.
  [2mMove to config.yaml instead:  terminal:\n    cwd: /your/project/path[0m
  [2mThen remove the old entries from /Users/Jeff/.hermes/profiles/smith/.env[0m

WARNING tools.mcp_tool: MCP server 'qmd' initial connection failed (attempt 1/3), retrying in 1s: unhandled errors in a TaskGroup (1 sub-exception)
WARNING tools.mcp_tool: MCP server 'qmd' initial connection failed (attempt 2/3), retrying in 2s: unhandled errors in a TaskGroup (1 sub-exception)
WARNING tools.mcp_tool: MCP server 'qmd' initial connection failed (attempt 3/3), retrying in 4s: unhandled errors in a TaskGroup (1 sub-exception)
WARNING tools.mcp_tool: MCP server 'qmd' failed initial connection after 3 attempts, giving up: unhandled errors in a TaskGroup (1 sub-exception)
WARNING tools.mcp_tool: Failed to connect to MCP server 'qmd' (command=qmd): Connection closed
ERROR gateway.platforms.base: [Discord] Discord bot token already in use (PID 32775). Stop the other gateway first.
WARNING gateway.run: ✗ discord failed to connect
ERROR gateway.run: Gateway hit a non-retryable startup conflict: discord: Discord bot token already in use (PID 32775). Stop the other gateway first.
ERROR gateway.run: Gateway exiting cleanly: discord: Discord bot token already in use (PID 32775). Stop the other gateway first.
[33m⚠ Deprecated .env settings detected:[0m
  [33m⚠[0m MESSAGING_CWD=~/Smith found in .env — this is deprecated.
  [2mMove to config.yaml instead:  terminal:\n    cwd: /your/project/path[0m
  [2mThen remove the old entries from /Users/Jeff/.hermes/profiles/smith/.env[0m

WARNING tools.mcp_tool: MCP server 'qmd' initial connection failed (attempt 1/3), retrying in 1s: unhandled errors in a TaskGroup (1 sub-exception)
WARNING tools.mcp_tool: MCP server 'qmd' initial connection failed (attempt 2/3), retrying in 2s: unhandled errors in a TaskGroup (1 sub-exception)
WARNING tools.mcp_tool: MCP server 'qmd' initial connection failed (attempt 3/3), retrying in 4s: unhandled errors in a TaskGroup (1 sub-exception)
WARNING tools.mcp_tool: MCP server 'qmd' failed initial connection after 3 attempts, giving up: unhandled errors in a TaskGroup (1 sub-exception)
WARNING tools.mcp_tool: Failed to connect to MCP server 'qmd' (command=qmd): Connection closed
ERROR gateway.platforms.base: [Discord] Discord bot token already in use (PID 32775). Stop the other gateway first.
WARNING gateway.run: ✗ discord failed to connect
ERROR gateway.run: Gateway hit a non-retryable startup conflict: discord: Discord bot token already in use (PID 32775). Stop the other gateway first.
ERROR gateway.run: Gateway exiting cleanly: discord: Discord bot token already in use (PID 32775). Stop the other gateway first.
[33m⚠ Deprecated .env settings detected:[0m
  [33m⚠[0m MESSAGING_CWD=~/Smith found in .env — this is deprecated.
  [2mMove to config.yaml instead:  terminal:\n    cwd: /your/project/path[0m
  [2mThen remove the old entries from /Users/Jeff/.hermes/profiles/smith/.env[0m

WARNING tools.mcp_tool: MCP server 'qmd' initial connection failed (attempt 1/3), retrying in 1s: unhandled errors in a TaskGroup (1 sub-exception)
WARNING tools.mcp_tool: MCP server 'qmd' initial connection failed (attempt 2/3), retrying in 2s: unhandled errors in a TaskGroup (1 sub-exception)
WARNING tools.mcp_tool: MCP server 'qmd' initial connection failed (attempt 3/3), retrying in 4s: unhandled errors in a TaskGroup (1 sub-exception)
WARNING tools.mcp_tool: MCP server 'qmd' failed initial connection after 3 attempts, giving up: unhandled errors in a TaskGroup (1 sub-exception)
WARNING tools.mcp_tool: Failed to connect to MCP server 'qmd' (command=qmd): Connection closed
ERROR gateway.platforms.base: [Discord] Discord bot token already in use (PID 32775). Stop the other gateway first.
WARNING gateway.run: ✗ discord failed to connect
ERROR gateway.run: Gateway hit a non-retryable startup conflict: discord: Discord bot token already in use (PID 32775). Stop the other gateway first.
ERROR gateway.run: Gateway exiting cleanly: discord: Discord bot token already in use (PID 32775). Stop the other gateway first.
[33m⚠ Deprecated .env settings detected:[0m
  [33m⚠[0m MESSAGING_CWD=~/Smith found in .env — this is deprecated.
  [2mMove to config.yaml instead:  terminal:\n    cwd: /your/project/path[0m
  [2mThen remove the old entries from /Users/Jeff/.hermes/profiles/smith/.env[0m

WARNING tools.mcp_tool: MCP server 'qmd' initial connection failed (attempt 1/3), retrying in 1s: unhandled errors in a TaskGroup (1 sub-exception)
WARNING tools.mcp_tool: MCP server 'qmd' initial connection failed (attempt 2/3), retrying in 2s: unhandled errors in a TaskGroup (1 sub-exception)
WARNING tools.mcp_tool: MCP server 'qmd' initial connection failed (attempt 3/3), retrying in 4s: unhandled errors in a TaskGroup (1 sub-exception)
WARNING tools.mcp_tool: MCP server 'qmd' failed initial connection after 3 attempts, giving up: unhandled errors in a TaskGroup (1 sub-exception)
WARNING tools.mcp_tool: Failed to connect to MCP server 'qmd' (command=qmd): Connection closed
ERROR gateway.platforms.base: [Discord] Discord bot token already in use (PID 32775). Stop the other gateway first.
WARNING gateway.run: ✗ discord failed to connect
ERROR gateway.run: Gateway hit a non-retryable startup conflict: discord: Discord bot token already in use (PID 32775). Stop the other gateway first.
ERROR gateway.run: Gateway exiting cleanly: discord: Discord bot token already in use (PID 32775). Stop the other gateway first.
[33m⚠ Deprecated .env settings detected:[0m
  [33m⚠[0m MESSAGING_CWD=~/Smith found in .env — this is deprecated.
  [2mMove to config.yaml instead:  terminal:\n    cwd: /your/project/path[0m
  [2mThen remove the old entries from /Users/Jeff/.hermes/profiles/smith/.env[0m

WARNING tools.mcp_tool: MCP server 'qmd' initial connection failed (attempt 1/3), retrying in 1s: unhandled errors in a TaskGroup (1 sub-exception)
WARNING tools.mcp_tool: MCP server 'qmd' initial connection failed (attempt 2/3), retrying in 2s: unhandled errors in a TaskGroup (1 sub-exception)
WARNING tools.mcp_tool: MCP server 'qmd' initial connection failed (attempt 3/3), retrying in 4s: unhandled errors in a TaskGroup (1 sub-exception)
WARNING tools.mcp_tool: MCP server 'qmd' failed initial connection after 3 attempts, giving up: unhandled errors in a TaskGroup (1 sub-exception)
WARNING tools.mcp_tool: Failed to connect to MCP server 'qmd' (command=qmd): Connection closed
ERROR gateway.platforms.base: [Discord] Discord bot token already in use (PID 32775). Stop the other gateway first.
WARNING gateway.run: ✗ discord failed to connect
ERROR gateway.run: Gateway hit a non-retryable startup conflict: discord: Discord bot token already in use (PID 32775). Stop the other gateway first.
ERROR gateway.run: Gateway exiting cleanly: discord: Discord bot token already in use (PID 32775). Stop the other gateway first.
[33m⚠ Deprecated .env settings detected:[0m
  [33m⚠[0m MESSAGING_CWD=~/Smith found in .env — this is deprecated.
  [2mMove to config.yaml instead:  terminal:\n    cwd: /your/project/path[0m
  [2mThen remove the old entries from /Users/Jeff/.hermes/profiles/smith/.env[0m

WARNING tools.mcp_tool: MCP server 'qmd' initial connection failed (attempt 1/3), retrying in 1s: unhandled errors in a TaskGroup (1 sub-exception)
WARNING tools.mcp_tool: MCP server 'qmd' initial connection failed (attempt 2/3), retrying in 2s: unhandled errors in a TaskGroup (1 sub-exception)
WARNING tools.mcp_tool: MCP server 'qmd' initial connection failed (attempt 3/3), retrying in 4s: unhandled errors in a TaskGroup (1 sub-exception)
WARNING tools.mcp_tool: MCP server 'qmd' failed initial connection after 3 attempts, giving up: unhandled errors in a TaskGroup (1 sub-exception)
WARNING tools.mcp_tool: Failed to connect to MCP server 'qmd' (command=qmd): Connection closed
ERROR gateway.platforms.base: [Discord] Discord bot token already in use (PID 32775). Stop the other gateway first.
WARNING gateway.run: ✗ discord failed to connect
ERROR gateway.run: Gateway hit a non-retryable startup conflict: discord: Discord bot token already in use (PID 32775). Stop the other gateway first.
ERROR gateway.run: Gateway exiting cleanly: discord: Discord bot token already in use (PID 32775). Stop the other gateway first.
[33m⚠ Deprecated .env settings detected:[0m
  [33m⚠[0m MESSAGING_CWD=~/Smith found in .env — this is deprecated.
  [2mMove to config.yaml instead:  terminal:\n    cwd: /your/project/path[0m
  [2mThen remove the old entries from /Users/Jeff/.hermes/profiles/smith/.env[0m

WARNING tools.mcp_tool: MCP server 'qmd' initial connection failed (attempt 1/3), retrying in 1s: unhandled errors in a TaskGroup (1 sub-exception)
WARNING tools.mcp_tool: MCP server 'qmd' initial connection failed (attempt 2/3), retrying in 2s: unhandled errors in a TaskGroup (1 sub-exception)
WARNING tools.mcp_tool: MCP server 'qmd' initial connection failed (attempt 3/3), retrying in 4s: unhandled errors in a TaskGroup (1 sub-exception)
WARNING tools.mcp_tool: MCP server 'qmd' failed initial connection after 3 attempts, giving up: unhandled errors in a TaskGroup (1 sub-exception)
WARNING tools.mcp_tool: Failed to connect to MCP server 'qmd' (command=qmd): Connection closed
ERROR gateway.platforms.base: [Discord] Discord bot token already in use (PID 32775). Stop the other gateway first.
WARNING gateway.run: ✗ discord failed to connect
ERROR gateway.run: Gateway hit a non-retryable startup conflict: discord: Discord bot token already in use (PID 32775). Stop the other gateway first.
ERROR gateway.run: Gateway exiting cleanly: discord: Discord bot token already in use (PID 32775). Stop the other gateway first.
[33m⚠ Deprecated .env settings detected:[0m
  [33m⚠[0m MESSAGING_CWD=~/Smith found in .env — this is deprecated.
  [2mMove to config.yaml instead:  terminal:\n    cwd: /your/project/path[0m
  [2mThen remove the old entries from /Users/Jeff/.hermes/profiles/smith/.env[0m

WARNING tools.mcp_tool: MCP server 'qmd' initial connection failed (attempt 1/3), retrying in 1s: unhandled errors in a TaskGroup (1 sub-exception)
WARNING tools.mcp_tool: MCP server 'qmd' initial connection failed (attempt 2/3), retrying in 2s: unhandled errors in a TaskGroup (1 sub-exception)
WARNING tools.mcp_tool: MCP server 'qmd' initial connection failed (attempt 3/3), retrying in 4s: unhandled errors in a TaskGroup (1 sub-exception)
WARNING tools.mcp_tool: MCP server 'qmd' failed initial connection after 3 attempts, giving up: unhandled errors in a TaskGroup (1 sub-exception)
WARNING tools.mcp_tool: Failed to connect to MCP server 'qmd' (command=qmd): Connection closed
ERROR gateway.platforms.base: [Discord] Discord bot token already in use (PID 32775). Stop the other gateway first.
WARNING gateway.run: ✗ discord failed to connect
ERROR gateway.run: Gateway hit a non-retryable startup conflict: discord: Discord bot token already in use (PID 32775). Stop the other gateway first.
ERROR gateway.run: Gateway exiting cleanly: discord: Discord bot token already in use (PID 32775). Stop the other gateway first.
[33m⚠ Deprecated .env settings detected:[0m
  [33m⚠[0m MESSAGING_CWD=~/Smith found in .env — this is deprecated.
  [2mMove to config.yaml instead:  terminal:\n    cwd: /your/project/path[0m
  [2mThen remove the old entries from /Users/Jeff/.hermes/profiles/smith/.env[0m

WARNING tools.mcp_tool: MCP server 'qmd' initial connection failed (attempt 1/3), retrying in 1s: unhandled errors in a TaskGroup (1 sub-exception)
WARNING tools.mcp_tool: MCP server 'qmd' initial connection failed (attempt 2/3), retrying in 2s: unhandled errors in a TaskGroup (1 sub-exception)
WARNING tools.mcp_tool: MCP server 'qmd' initial connection failed (attempt 3/3), retrying in 4s: unhandled errors in a TaskGroup (1 sub-exception)
WARNING tools.mcp_tool: MCP server 'qmd' failed initial connection after 3 attempts, giving up: unhandled errors in a TaskGroup (1 sub-exception)
WARNING tools.mcp_tool: Failed to connect to MCP server 'qmd' (command=qmd): Connection closed
ERROR gateway.platforms.base: [Discord] Discord bot token already in use (PID 32775). Stop the other gateway first.
WARNING gateway.run: ✗ discord failed to connect
ERROR gateway.run: Gateway hit a non-retryable startup conflict: discord: Discord bot token already in use (PID 32775). Stop the other gateway first.
ERROR gateway.run: Gateway exiting cleanly: discord: Discord bot token already in use (PID 32775). Stop the other gateway first.
[33m⚠ Deprecated .env settings detected:[0m
  [33m⚠[0m MESSAGING_CWD=~/Smith found in .env — this is deprecated.
  [2mMove to config.yaml instead:  terminal:\n    cwd: /your/project/path[0m
  [2mThen remove the old entries from /Users/Jeff/.hermes/profiles/smith/.env[0m

WARNING tools.mcp_tool: MCP server 'qmd' initial connection failed (attempt 1/3), retrying in 1s: unhandled errors in a TaskGroup (1 sub-exception)
WARNING tools.mcp_tool: MCP server 'qmd' initial connection failed (attempt 2/3), retrying in 2s: unhandled errors in a TaskGroup (1 sub-exception)
WARNING tools.mcp_tool: MCP server 'qmd' initial connection failed (attempt 3/3), retrying in 4s: unhandled errors in a TaskGroup (1 sub-exception)
WARNING tools.mcp_tool: MCP server 'qmd' failed initial connection after 3 attempts, giving up: unhandled errors in a TaskGroup (1 sub-exception)
WARNING tools.mcp_tool: Failed to connect to MCP server 'qmd' (command=qmd): Connection closed
ERROR gateway.platforms.base: [Discord] Discord bot token already in use (PID 32775). Stop the other gateway first.
WARNING gateway.run: ✗ discord failed to connect
ERROR gateway.run: Gateway hit a non-retryable startup conflict: discord: Discord bot token already in use (PID 32775). Stop the other gateway first.
ERROR gateway.run: Gateway exiting cleanly: discord: Discord bot token already in use (PID 32775). Stop the other gateway first.
[33m⚠ Deprecated .env settings detected:[0m
  [33m⚠[0m MESSAGING_CWD=~/Smith found in .env — this is deprecated.
  [2mMove to config.yaml instead:  terminal:\n    cwd: /your/project/path[0m
  [2mThen remove the old entries from /Users/Jeff/.hermes/profiles/smith/.env[0m

WARNING tools.mcp_tool: MCP server 'qmd' initial connection failed (attempt 1/3), retrying in 1s: unhandled errors in a TaskGroup (1 sub-exception)
WARNING tools.mcp_tool: MCP server 'qmd' initial connection failed (attempt 2/3), retrying in 2s: unhandled errors in a TaskGroup (1 sub-exception)
WARNING tools.mcp_tool: MCP server 'qmd' initial connection failed (attempt 3/3), retrying in 4s: unhandled errors in a TaskGroup (1 sub-exception)
WARNING tools.mcp_tool: MCP server 'qmd' failed initial connection after 3 attempts, giving up: unhandled errors in a TaskGroup (1 sub-exception)
WARNING tools.mcp_tool: Failed to connect to MCP server 'qmd' (command=qmd): Connection closed
ERROR gateway.platforms.base: [Discord] Discord bot token already in use (PID 32775). Stop the other gateway first.
WARNING gateway.run: ✗ discord failed to connect
ERROR gateway.run: Gateway hit a non-retryable startup conflict: discord: Discord bot token already in use (PID 32775). Stop the other gateway first.
ERROR gateway.run: Gateway exiting cleanly: discord: Discord bot token already in use (PID 32775). Stop the other gateway first.
[33m⚠ Deprecated .env settings detected:[0m
  [33m⚠[0m MESSAGING_CWD=~/Smith found in .env — this is deprecated.
  [2mMove to config.yaml instead:  terminal:\n    cwd: /your/project/path[0m
  [2mThen remove the old entries from /Users/Jeff/.hermes/profiles/smith/.env[0m

WARNING tools.mcp_tool: MCP server 'qmd' initial connection failed (attempt 1/3), retrying in 1s: unhandled errors in a TaskGroup (1 sub-exception)
WARNING tools.mcp_tool: MCP server 'qmd' initial connection failed (attempt 2/3), retrying in 2s: unhandled errors in a TaskGroup (1 sub-exception)
WARNING tools.mcp_tool: MCP server 'qmd' initial connection failed (attempt 3/3), retrying in 4s: unhandled errors in a TaskGroup (1 sub-exception)
WARNING tools.mcp_tool: MCP server 'qmd' failed initial connection after 3 attempts, giving up: unhandled errors in a TaskGroup (1 sub-exception)
WARNING tools.mcp_tool: Failed to connect to MCP server 'qmd' (command=qmd): Connection closed
ERROR gateway.platforms.base: [Discord] Discord bot token already in use (PID 32775). Stop the other gateway first.
WARNING gateway.run: ✗ discord failed to connect
ERROR gateway.run: Gateway hit a non-retryable startup conflict: discord: Discord bot token already in use (PID 32775). Stop the other gateway first.
ERROR gateway.run: Gateway exiting cleanly: discord: Discord bot token already in use (PID 32775). Stop the other gateway first.
[33m⚠ Deprecated .env settings detected:[0m
  [33m⚠[0m MESSAGING_CWD=~/Smith found in .env — this is deprecated.
  [2mMove to config.yaml instead:  terminal:\n    cwd: /your/project/path[0m
  [2mThen remove the old entries from /Users/Jeff/.hermes/profiles/smith/.env[0m

WARNING tools.mcp_tool: MCP server 'qmd' initial connection failed (attempt 1/3), retrying in 1s: unhandled errors in a TaskGroup (1 sub-exception)
WARNING tools.mcp_tool: MCP server 'qmd' initial connection failed (attempt 2/3), retrying in 2s: unhandled errors in a TaskGroup (1 sub-exception)
WARNING tools.mcp_tool: MCP server 'qmd' initial connection failed (attempt 3/3), retrying in 4s: unhandled errors in a TaskGroup (1 sub-exception)
WARNING tools.mcp_tool: MCP server 'qmd' failed initial connection after 3 attempts, giving up: unhandled errors in a TaskGroup (1 sub-exception)
WARNING tools.mcp_tool: Failed to connect to MCP server 'qmd' (command=qmd): Connection closed
ERROR gateway.platforms.base: [Discord] Discord bot token already in use (PID 32775). Stop the other gateway first.
WARNING gateway.run: ✗ discord failed to connect
ERROR gateway.run: Gateway hit a non-retryable startup conflict: discord: Discord bot token already in use (PID 32775). Stop the other gateway first.
ERROR gateway.run: Gateway exiting cleanly: discord: Discord bot token already in use (PID 32775). Stop the other gateway first.
[33m⚠ Deprecated .env settings detected:[0m
  [33m⚠[0m MESSAGING_CWD=~/Smith found in .env — this is deprecated.
  [2mMove to config.yaml instead:  terminal:\n    cwd: /your/project/path[0m
  [2mThen remove the old entries from /Users/Jeff/.hermes/profiles/smith/.env[0m

WARNING tools.mcp_tool: MCP server 'qmd' initial connection failed (attempt 1/3), retrying in 1s: unhandled errors in a TaskGroup (1 sub-exception)
WARNING tools.mcp_tool: MCP server 'qmd' initial connection failed (attempt 2/3), retrying in 2s: unhandled errors in a TaskGroup (1 sub-exception)
WARNING tools.mcp_tool: MCP server 'qmd' initial connection failed (attempt 3/3), retrying in 4s: unhandled errors in a TaskGroup (1 sub-exception)
WARNING tools.mcp_tool: MCP server 'qmd' failed initial connection after 3 attempts, giving up: unhandled errors in a TaskGroup (1 sub-exception)
WARNING tools.mcp_tool: Failed to connect to MCP server 'qmd' (command=qmd): Connection closed
ERROR gateway.platforms.base: [Discord] Discord bot token already in use (PID 32775). Stop the other gateway first.
WARNING gateway.run: ✗ discord failed to connect
ERROR gateway.run: Gateway hit a non-retryable startup conflict: discord: Discord bot token already in use (PID 32775). Stop the other gateway first.
ERROR gateway.run: Gateway exiting cleanly: discord: Discord bot token already in use (PID 32775). Stop the other gateway first.
[33m⚠ Deprecated .env settings detected:[0m
  [33m⚠[0m MESSAGING_CWD=~/Smith found in .env — this is deprecated.
  [2mMove to config.yaml instead:  terminal:\n    cwd: /your/project/path[0m
  [2mThen remove the old entries from /Users/Jeff/.hermes/profiles/smith/.env[0m

WARNING tools.mcp_tool: MCP server 'qmd' initial connection failed (attempt 1/3), retrying in 1s: unhandled errors in a TaskGroup (1 sub-exception)
WARNING tools.mcp_tool: MCP server 'qmd' initial connection failed (attempt 2/3), retrying in 2s: unhandled errors in a TaskGroup (1 sub-exception)
WARNING tools.mcp_tool: MCP server 'qmd' initial connection failed (attempt 3/3), retrying in 4s: unhandled errors in a TaskGroup (1 sub-exception)
WARNING tools.mcp_tool: MCP server 'qmd' failed initial connection after 3 attempts, giving up: unhandled errors in a TaskGroup (1 sub-exception)
WARNING tools.mcp_tool: Failed to connect to MCP server 'qmd' (command=qmd): Connection closed
ERROR gateway.platforms.base: [Discord] Discord bot token already in use (PID 32775). Stop the other gateway first.
WARNING gateway.run: ✗ discord failed to connect
ERROR gateway.run: Gateway hit a non-retryable startup conflict: discord: Discord bot token already in use (PID 32775). Stop the other gateway first.
ERROR gateway.run: Gateway exiting cleanly: discord: Discord bot token already in use (PID 32775). Stop the other gateway first.
[33m⚠ Deprecated .env settings detected:[0m
  [33m⚠[0m MESSAGING_CWD=~/Smith found in .env — this is deprecated.
  [2mMove to config.yaml instead:  terminal:\n    cwd: /your/project/path[0m
  [2mThen remove the old entries from /Users/Jeff/.hermes/profiles/smith/.env[0m

WARNING tools.mcp_tool: MCP server 'qmd' initial connection failed (attempt 1/3), retrying in 1s: unhandled errors in a TaskGroup (1 sub-exception)
WARNING tools.mcp_tool: MCP server 'qmd' initial connection failed (attempt 2/3), retrying in 2s: unhandled errors in a TaskGroup (1 sub-exception)
WARNING tools.mcp_tool: MCP server 'qmd' initial connection failed (attempt 3/3), retrying in 4s: unhandled errors in a TaskGroup (1 sub-exception)
WARNING tools.mcp_tool: MCP server 'qmd' failed initial connection after 3 attempts, giving up: unhandled errors in a TaskGroup (1 sub-exception)
WARNING tools.mcp_tool: Failed to connect to MCP server 'qmd' (command=qmd): Connection closed
ERROR gateway.platforms.base: [Discord] Discord bot token already in use (PID 32775). Stop the other gateway first.
WARNING gateway.run: ✗ discord failed to connect
ERROR gateway.run: Gateway hit a non-retryable startup conflict: discord: Discord bot token already in use (PID 32775). Stop the other gateway first.
ERROR gateway.run: Gateway exiting cleanly: discord: Discord bot token already in use (PID 32775). Stop the other gateway first.
[33m⚠ Deprecated .env settings detected:[0m
  [33m⚠[0m MESSAGING_CWD=~/Smith found in .env — this is deprecated.
  [2mMove to config.yaml instead:  terminal:\n    cwd: /your/project/path[0m
  [2mThen remove the old entries from /Users/Jeff/.hermes/profiles/smith/.env[0m

WARNING tools.mcp_tool: MCP server 'qmd' initial connection failed (attempt 1/3), retrying in 1s: unhandled errors in a TaskGroup (1 sub-exception)
WARNING tools.mcp_tool: MCP server 'qmd' initial connection failed (attempt 2/3), retrying in 2s: unhandled errors in a TaskGroup (1 sub-exception)
WARNING tools.mcp_tool: MCP server 'qmd' initial connection failed (attempt 3/3), retrying in 4s: unhandled errors in a TaskGroup (1 sub-exception)
WARNING tools.mcp_tool: MCP server 'qmd' failed initial connection after 3 attempts, giving up: unhandled errors in a TaskGroup (1 sub-exception)
WARNING tools.mcp_tool: Failed to connect to MCP server 'qmd' (command=qmd): Connection closed
ERROR gateway.platforms.base: [Discord] Discord bot token already in use (PID 32775). Stop the other gateway first.
WARNING gateway.run: ✗ discord failed to connect
ERROR gateway.run: Gateway hit a non-retryable startup conflict: discord: Discord bot token already in use (PID 32775). Stop the other gateway first.
ERROR gateway.run: Gateway exiting cleanly: discord: Discord bot token already in use (PID 32775). Stop the other gateway first.
[33m⚠ Deprecated .env settings detected:[0m
  [33m⚠[0m MESSAGING_CWD=~/Smith found in .env — this is deprecated.
  [2mMove to config.yaml instead:  terminal:\n    cwd: /your/project/path[0m
  [2mThen remove the old entries from /Users/Jeff/.hermes/profiles/smith/.env[0m

WARNING tools.mcp_tool: MCP server 'qmd' initial connection failed (attempt 1/3), retrying in 1s: unhandled errors in a TaskGroup (1 sub-exception)
WARNING tools.mcp_tool: MCP server 'qmd' initial connection failed (attempt 2/3), retrying in 2s: unhandled errors in a TaskGroup (1 sub-exception)
WARNING tools.mcp_tool: MCP server 'qmd' initial connection failed (attempt 3/3), retrying in 4s: unhandled errors in a TaskGroup (1 sub-exception)
WARNING tools.mcp_tool: MCP server 'qmd' failed initial connection after 3 attempts, giving up: unhandled errors in a TaskGroup (1 sub-exception)
WARNING tools.mcp_tool: Failed to connect to MCP server 'qmd' (command=qmd): Connection closed
ERROR gateway.platforms.base: [Discord] Discord bot token already in use (PID 32775). Stop the other gateway first.
WARNING gateway.run: ✗ discord failed to connect
ERROR gateway.run: Gateway hit a non-retryable startup conflict: discord: Discord bot token already in use (PID 32775). Stop the other gateway first.
ERROR gateway.run: Gateway exiting cleanly: discord: Discord bot token already in use (PID 32775). Stop the other gateway first.
[33m⚠ Deprecated .env settings detected:[0m
  [33m⚠[0m MESSAGING_CWD=~/Smith found in .env — this is deprecated.
  [2mMove to config.yaml instead:  terminal:\n    cwd: /your/project/path[0m
  [2mThen remove the old entries from /Users/Jeff/.hermes/profiles/smith/.env[0m

WARNING tools.mcp_tool: MCP server 'qmd' initial connection failed (attempt 1/3), retrying in 1s: unhandled errors in a TaskGroup (1 sub-exception)
WARNING tools.mcp_tool: MCP server 'qmd' initial connection failed (attempt 2/3), retrying in 2s: unhandled errors in a TaskGroup (1 sub-exception)
WARNING tools.mcp_tool: MCP server 'qmd' initial connection failed (attempt 3/3), retrying in 4s: unhandled errors in a TaskGroup (1 sub-exception)
WARNING tools.mcp_tool: MCP server 'qmd' failed initial connection after 3 attempts, giving up: unhandled errors in a TaskGroup (1 sub-exception)
WARNING tools.mcp_tool: Failed to connect to MCP server 'qmd' (command=qmd): Connection closed
ERROR gateway.platforms.base: [Discord] Discord bot token already in use (PID 32775). Stop the other gateway first.
WARNING gateway.run: ✗ discord failed to connect
ERROR gateway.run: Gateway hit a non-retryable startup conflict: discord: Discord bot token already in use (PID 32775). Stop the other gateway first.
ERROR gateway.run: Gateway exiting cleanly: discord: Discord bot token already in use (PID 32775). Stop the other gateway first.
[33m⚠ Deprecated .env settings detected:[0m
  [33m⚠[0m MESSAGING_CWD=~/Smith found in .env — this is deprecated.
  [2mMove to config.yaml instead:  terminal:\n    cwd: /your/project/path[0m
  [2mThen remove the old entries from /Users/Jeff/.hermes/profiles/smith/.env[0m

WARNING tools.mcp_tool: MCP server 'qmd' initial connection failed (attempt 1/3), retrying in 1s: unhandled errors in a TaskGroup (1 sub-exception)
WARNING tools.mcp_tool: MCP server 'qmd' initial connection failed (attempt 2/3), retrying in 2s: unhandled errors in a TaskGroup (1 sub-exception)
WARNING tools.mcp_tool: MCP server 'qmd' initial connection failed (attempt 3/3), retrying in 4s: unhandled errors in a TaskGroup (1 sub-exception)
WARNING tools.mcp_tool: MCP server 'qmd' failed initial connection after 3 attempts, giving up: unhandled errors in a TaskGroup (1 sub-exception)
WARNING tools.mcp_tool: Failed to connect to MCP server 'qmd' (command=qmd): Connection closed
ERROR gateway.platforms.base: [Discord] Discord bot token already in use (PID 32775). Stop the other gateway first.
WARNING gateway.run: ✗ discord failed to connect
ERROR gateway.run: Gateway hit a non-retryable startup conflict: discord: Discord bot token already in use (PID 32775). Stop the other gateway first.
ERROR gateway.run: Gateway exiting cleanly: discord: Discord bot token already in use (PID 32775). Stop the other gateway first.
[33m⚠ Deprecated .env settings detected:[0m
  [33m⚠[0m MESSAGING_CWD=~/Smith found in .env — this is deprecated.
  [2mMove to config.yaml instead:  terminal:\n    cwd: /your/project/path[0m
  [2mThen remove the old entries from /Users/Jeff/.hermes/profiles/smith/.env[0m

WARNING tools.mcp_tool: MCP server 'qmd' initial connection failed (attempt 1/3), retrying in 1s: unhandled errors in a TaskGroup (1 sub-exception)
WARNING tools.mcp_tool: MCP server 'qmd' initial connection failed (attempt 2/3), retrying in 2s: unhandled errors in a TaskGroup (1 sub-exception)
WARNING tools.mcp_tool: MCP server 'qmd' initial connection failed (attempt 3/3), retrying in 4s: unhandled errors in a TaskGroup (1 sub-exception)
WARNING tools.mcp_tool: MCP server 'qmd' failed initial connection after 3 attempts, giving up: unhandled errors in a TaskGroup (1 sub-exception)
WARNING tools.mcp_tool: Failed to connect to MCP server 'qmd' (command=qmd): Connection closed
ERROR gateway.platforms.base: [Discord] Discord bot token already in use (PID 32775). Stop the other gateway first.
WARNING gateway.run: ✗ discord failed to connect
ERROR gateway.run: Gateway hit a non-retryable startup conflict: discord: Discord bot token already in use (PID 32775). Stop the other gateway first.
ERROR gateway.run: Gateway exiting cleanly: discord: Discord bot token already in use (PID 32775). Stop the other gateway first.
[33m⚠ Deprecated .env settings detected:[0m
  [33m⚠[0m MESSAGING_CWD=~/Smith found in .env — this is deprecated.
  [2mMove to config.yaml instead:  terminal:\n    cwd: /your/project/path[0m
  [2mThen remove the old entries from /Users/Jeff/.hermes/profiles/smith/.env[0m

WARNING tools.mcp_tool: MCP server 'qmd' initial connection failed (attempt 1/3), retrying in 1s: unhandled errors in a TaskGroup (1 sub-exception)
WARNING tools.mcp_tool: MCP server 'qmd' initial connection failed (attempt 2/3), retrying in 2s: unhandled errors in a TaskGroup (1 sub-exception)
WARNING tools.mcp_tool: MCP server 'qmd' initial connection failed (attempt 3/3), retrying in 4s: unhandled errors in a TaskGroup (1 sub-exception)
WARNING tools.mcp_tool: MCP server 'qmd' failed initial connection after 3 attempts, giving up: unhandled errors in a TaskGroup (1 sub-exception)
WARNING tools.mcp_tool: Failed to connect to MCP server 'qmd' (command=qmd): Connection closed
ERROR gateway.platforms.base: [Discord] Discord bot token already in use (PID 32775). Stop the other gateway first.
WARNING gateway.run: ✗ discord failed to connect
ERROR gateway.run: Gateway hit a non-retryable startup conflict: discord: Discord bot token already in use (PID 32775). Stop the other gateway first.
ERROR gateway.run: Gateway exiting cleanly: discord: Discord bot token already in use (PID 32775). Stop the other gateway first.
[33m⚠ Deprecated .env settings detected:[0m
  [33m⚠[0m MESSAGING_CWD=~/Smith found in .env — this is deprecated.
  [2mMove to config.yaml instead:  terminal:\n    cwd: /your/project/path[0m
  [2mThen remove the old entries from /Users/Jeff/.hermes/profiles/smith/.env[0m

WARNING tools.mcp_tool: MCP server 'qmd' initial connection failed (attempt 1/3), retrying in 1s: unhandled errors in a TaskGroup (1 sub-exception)
WARNING tools.mcp_tool: MCP server 'qmd' initial connection failed (attempt 2/3), retrying in 2s: unhandled errors in a TaskGroup (1 sub-exception)
WARNING tools.mcp_tool: MCP server 'qmd' initial connection failed (attempt 3/3), retrying in 4s: unhandled errors in a TaskGroup (1 sub-exception)
WARNING tools.mcp_tool: MCP server 'qmd' failed initial connection after 3 attempts, giving up: unhandled errors in a TaskGroup (1 sub-exception)
WARNING tools.mcp_tool: Failed to connect to MCP server 'qmd' (command=qmd): Connection closed
ERROR gateway.platforms.base: [Discord] Discord bot token already in use (PID 32775). Stop the other gateway first.
WARNING gateway.run: ✗ discord failed to connect
ERROR gateway.run: Gateway hit a non-retryable startup conflict: discord: Discord bot token already in use (PID 32775). Stop the other gateway first.
ERROR gateway.run: Gateway exiting cleanly: discord: Discord bot token already in use (PID 32775). Stop the other gateway first.
[33m⚠ Deprecated .env settings detected:[0m
  [33m⚠[0m MESSAGING_CWD=~/Smith found in .env — this is deprecated.
  [2mMove to config.yaml instead:  terminal:\n    cwd: /your/project/path[0m
  [2mThen remove the old entries from /Users/Jeff/.hermes/profiles/smith/.env[0m

WARNING tools.mcp_tool: MCP server 'qmd' initial connection failed (attempt 1/3), retrying in 1s: unhandled errors in a TaskGroup (1 sub-exception)
WARNING tools.mcp_tool: MCP server 'qmd' initial connection failed (attempt 2/3), retrying in 2s: unhandled errors in a TaskGroup (1 sub-exception)
WARNING tools.mcp_tool: MCP server 'qmd' initial connection failed (attempt 3/3), retrying in 4s: unhandled errors in a TaskGroup (1 sub-exception)
WARNING tools.mcp_tool: MCP server 'qmd' failed initial connection after 3 attempts, giving up: unhandled errors in a TaskGroup (1 sub-exception)
WARNING tools.mcp_tool: Failed to connect to MCP server 'qmd' (command=qmd): Connection closed
ERROR gateway.platforms.base: [Discord] Discord bot token already in use (PID 32775). Stop the other gateway first.
WARNING gateway.run: ✗ discord failed to connect
ERROR gateway.run: Gateway hit a non-retryable startup conflict: discord: Discord bot token already in use (PID 32775). Stop the other gateway first.
ERROR gateway.run: Gateway exiting cleanly: discord: Discord bot token already in use (PID 32775). Stop the other gateway first.
[33m⚠ Deprecated .env settings detected:[0m
  [33m⚠[0m MESSAGING_CWD=~/Smith found in .env — this is deprecated.
  [2mMove to config.yaml instead:  terminal:\n    cwd: /your/project/path[0m
  [2mThen remove the old entries from /Users/Jeff/.hermes/profiles/smith/.env[0m

WARNING tools.mcp_tool: MCP server 'qmd' initial connection failed (attempt 1/3), retrying in 1s: unhandled errors in a TaskGroup (1 sub-exception)
WARNING tools.mcp_tool: MCP server 'qmd' initial connection failed (attempt 2/3), retrying in 2s: unhandled errors in a TaskGroup (1 sub-exception)
WARNING tools.mcp_tool: MCP server 'qmd' initial connection failed (attempt 3/3), retrying in 4s: unhandled errors in a TaskGroup (1 sub-exception)
WARNING tools.mcp_tool: MCP server 'qmd' failed initial connection after 3 attempts, giving up: unhandled errors in a TaskGroup (1 sub-exception)
WARNING tools.mcp_tool: Failed to connect to MCP server 'qmd' (command=qmd): Connection closed
ERROR gateway.platforms.base: [Discord] Discord bot token already in use (PID 32775). Stop the other gateway first.
WARNING gateway.run: ✗ discord failed to connect
ERROR gateway.run: Gateway hit a non-retryable startup conflict: discord: Discord bot token already in use (PID 32775). Stop the other gateway first.
ERROR gateway.run: Gateway exiting cleanly: discord: Discord bot token already in use (PID 32775). Stop the other gateway first.
[33m⚠ Deprecated .env settings detected:[0m
  [33m⚠[0m MESSAGING_CWD=~/Smith found in .env — this is deprecated.
  [2mMove to config.yaml instead:  terminal:\n    cwd: /your/project/path[0m
  [2mThen remove the old entries from /Users/Jeff/.hermes/profiles/smith/.env[0m

WARNING tools.mcp_tool: MCP server 'qmd' initial connection failed (attempt 1/3), retrying in 1s: unhandled errors in a TaskGroup (1 sub-exception)
WARNING tools.mcp_tool: MCP server 'qmd' initial connection failed (attempt 2/3), retrying in 2s: unhandled errors in a TaskGroup (1 sub-exception)
WARNING tools.mcp_tool: MCP server 'qmd' initial connection failed (attempt 3/3), retrying in 4s: unhandled errors in a TaskGroup (1 sub-exception)
WARNING tools.mcp_tool: MCP server 'qmd' failed initial connection after 3 attempts, giving up: unhandled errors in a TaskGroup (1 sub-exception)
WARNING tools.mcp_tool: Failed to connect to MCP server 'qmd' (command=qmd): Connection closed
ERROR gateway.platforms.base: [Discord] Discord bot token already in use (PID 32775). Stop the other gateway first.
WARNING gateway.run: ✗ discord failed to connect
ERROR gateway.run: Gateway hit a non-retryable startup conflict: discord: Discord bot token already in use (PID 32775). Stop the other gateway first.
ERROR gateway.run: Gateway exiting cleanly: discord: Discord bot token already in use (PID 32775). Stop the other gateway first.
[33m⚠ Deprecated .env settings detected:[0m
  [33m⚠[0m MESSAGING_CWD=~/Smith found in .env — this is deprecated.
  [2mMove to config.yaml instead:  terminal:\n    cwd: /your/project/path[0m
  [2mThen remove the old entries from /Users/Jeff/.hermes/profiles/smith/.env[0m

WARNING tools.mcp_tool: MCP server 'qmd' initial connection failed (attempt 1/3), retrying in 1s: unhandled errors in a TaskGroup (1 sub-exception)
WARNING tools.mcp_tool: MCP server 'qmd' initial connection failed (attempt 2/3), retrying in 2s: unhandled errors in a TaskGroup (1 sub-exception)
WARNING tools.mcp_tool: MCP server 'qmd' initial connection failed (attempt 3/3), retrying in 4s: unhandled errors in a TaskGroup (1 sub-exception)
WARNING tools.mcp_tool: MCP server 'qmd' failed initial connection after 3 attempts, giving up: unhandled errors in a TaskGroup (1 sub-exception)
WARNING tools.mcp_tool: Failed to connect to MCP server 'qmd' (command=qmd): Connection closed
ERROR gateway.platforms.base: [Discord] Discord bot token already in use (PID 32775). Stop the other gateway first.
WARNING gateway.run: ✗ discord failed to connect
ERROR gateway.run: Gateway hit a non-retryable startup conflict: discord: Discord bot token already in use (PID 32775). Stop the other gateway first.
ERROR gateway.run: Gateway exiting cleanly: discord: Discord bot token already in use (PID 32775). Stop the other gateway first.
[33m⚠ Deprecated .env settings detected:[0m
  [33m⚠[0m MESSAGING_CWD=~/Smith found in .env — this is deprecated.
  [2mMove to config.yaml instead:  terminal:\n    cwd: /your/project/path[0m
  [2mThen remove the old entries from /Users/Jeff/.hermes/profiles/smith/.env[0m

WARNING tools.mcp_tool: MCP server 'qmd' initial connection failed (attempt 1/3), retrying in 1s: unhandled errors in a TaskGroup (1 sub-exception)
WARNING tools.mcp_tool: MCP server 'qmd' initial connection failed (attempt 2/3), retrying in 2s: unhandled errors in a TaskGroup (1 sub-exception)
WARNING tools.mcp_tool: MCP server 'qmd' initial connection failed (attempt 3/3), retrying in 4s: unhandled errors in a TaskGroup (1 sub-exception)
WARNING tools.mcp_tool: MCP server 'qmd' failed initial connection after 3 attempts, giving up: unhandled errors in a TaskGroup (1 sub-exception)
WARNING tools.mcp_tool: Failed to connect to MCP server 'qmd' (command=qmd): Connection closed
ERROR gateway.platforms.base: [Discord] Discord bot token already in use (PID 32775). Stop the other gateway first.
WARNING gateway.run: ✗ discord failed to connect
ERROR gateway.run: Gateway hit a non-retryable startup conflict: discord: Discord bot token already in use (PID 32775). Stop the other gateway first.
ERROR gateway.run: Gateway exiting cleanly: discord: Discord bot token already in use (PID 32775). Stop the other gateway first.
[33m⚠ Deprecated .env settings detected:[0m
  [33m⚠[0m MESSAGING_CWD=~/Smith found in .env — this is deprecated.
  [2mMove to config.yaml instead:  terminal:\n    cwd: /your/project/path[0m
  [2mThen remove the old entries from /Users/Jeff/.hermes/profiles/smith/.env[0m

WARNING tools.mcp_tool: MCP server 'qmd' initial connection failed (attempt 1/3), retrying in 1s: unhandled errors in a TaskGroup (1 sub-exception)
WARNING tools.mcp_tool: MCP server 'qmd' initial connection failed (attempt 2/3), retrying in 2s: unhandled errors in a TaskGroup (1 sub-exception)
WARNING tools.mcp_tool: MCP server 'qmd' initial connection failed (attempt 3/3), retrying in 4s: unhandled errors in a TaskGroup (1 sub-exception)
WARNING tools.mcp_tool: MCP server 'qmd' failed initial connection after 3 attempts, giving up: unhandled errors in a TaskGroup (1 sub-exception)
WARNING tools.mcp_tool: Failed to connect to MCP server 'qmd' (command=qmd): Connection closed
ERROR gateway.platforms.base: [Discord] Discord bot token already in use (PID 32775). Stop the other gateway first.
WARNING gateway.run: ✗ discord failed to connect
ERROR gateway.run: Gateway hit a non-retryable startup conflict: discord: Discord bot token already in use (PID 32775). Stop the other gateway first.
ERROR gateway.run: Gateway exiting cleanly: discord: Discord bot token already in use (PID 32775). Stop the other gateway first.
[33m⚠ Deprecated .env settings detected:[0m
  [33m⚠[0m MESSAGING_CWD=~/Smith found in .env — this is deprecated.
  [2mMove to config.yaml instead:  terminal:\n    cwd: /your/project/path[0m
  [2mThen remove the old entries from /Users/Jeff/.hermes/profiles/smith/.env[0m

WARNING tools.mcp_tool: MCP server 'qmd' initial connection failed (attempt 1/3), retrying in 1s: unhandled errors in a TaskGroup (1 sub-exception)
WARNING tools.mcp_tool: MCP server 'qmd' initial connection failed (attempt 2/3), retrying in 2s: unhandled errors in a TaskGroup (1 sub-exception)
WARNING tools.mcp_tool: MCP server 'qmd' initial connection failed (attempt 3/3), retrying in 4s: unhandled errors in a TaskGroup (1 sub-exception)
WARNING tools.mcp_tool: MCP server 'qmd' failed initial connection after 3 attempts, giving up: unhandled errors in a TaskGroup (1 sub-exception)
WARNING tools.mcp_tool: Failed to connect to MCP server 'qmd' (command=qmd): Connection closed
ERROR gateway.platforms.base: [Discord] Discord bot token already in use (PID 32775). Stop the other gateway first.
WARNING gateway.run: ✗ discord failed to connect
ERROR gateway.run: Gateway hit a non-retryable startup conflict: discord: Discord bot token already in use (PID 32775). Stop the other gateway first.
ERROR gateway.run: Gateway exiting cleanly: discord: Discord bot token already in use (PID 32775). Stop the other gateway first.
[33m⚠ Deprecated .env settings detected:[0m
  [33m⚠[0m MESSAGING_CWD=~/Smith found in .env — this is deprecated.
  [2mMove to config.yaml instead:  terminal:\n    cwd: /your/project/path[0m
  [2mThen remove the old entries from /Users/Jeff/.hermes/profiles/smith/.env[0m

WARNING tools.mcp_tool: MCP server 'qmd' initial connection failed (attempt 1/3), retrying in 1s: unhandled errors in a TaskGroup (1 sub-exception)
WARNING tools.mcp_tool: MCP server 'qmd' initial connection failed (attempt 2/3), retrying in 2s: unhandled errors in a TaskGroup (1 sub-exception)
WARNING tools.mcp_tool: MCP server 'qmd' initial connection failed (attempt 3/3), retrying in 4s: unhandled errors in a TaskGroup (1 sub-exception)
WARNING tools.mcp_tool: MCP server 'qmd' failed initial connection after 3 attempts, giving up: unhandled errors in a TaskGroup (1 sub-exception)
WARNING tools.mcp_tool: Failed to connect to MCP server 'qmd' (command=qmd): Connection closed
ERROR gateway.platforms.base: [Discord] Discord bot token already in use (PID 32775). Stop the other gateway first.
WARNING gateway.run: ✗ discord failed to connect
ERROR gateway.run: Gateway hit a non-retryable startup conflict: discord: Discord bot token already in use (PID 32775). Stop the other gateway first.
ERROR gateway.run: Gateway exiting cleanly: discord: Discord bot token already in use (PID 32775). Stop the other gateway first.
[33m⚠ Deprecated .env settings detected:[0m
  [33m⚠[0m MESSAGING_CWD=~/Smith found in .env — this is deprecated.
  [2mMove to config.yaml instead:  terminal:\n    cwd: /your/project/path[0m
  [2mThen remove the old entries from /Users/Jeff/.hermes/profiles/smith/.env[0m

WARNING tools.mcp_tool: MCP server 'qmd' initial connection failed (attempt 1/3), retrying in 1s: unhandled errors in a TaskGroup (1 sub-exception)
WARNING tools.mcp_tool: MCP server 'qmd' initial connection failed (attempt 2/3), retrying in 2s: unhandled errors in a TaskGroup (1 sub-exception)
WARNING tools.mcp_tool: MCP server 'qmd' initial connection failed (attempt 3/3), retrying in 4s: unhandled errors in a TaskGroup (1 sub-exception)
WARNING tools.mcp_tool: MCP server 'qmd' failed initial connection after 3 attempts, giving up: unhandled errors in a TaskGroup (1 sub-exception)
WARNING tools.mcp_tool: Failed to connect to MCP server 'qmd' (command=qmd): Connection closed
ERROR gateway.platforms.base: [Discord] Discord bot token already in use (PID 32775). Stop the other gateway first.
WARNING gateway.run: ✗ discord failed to connect
ERROR gateway.run: Gateway hit a non-retryable startup conflict: discord: Discord bot token already in use (PID 32775). Stop the other gateway first.
ERROR gateway.run: Gateway exiting cleanly: discord: Discord bot token already in use (PID 32775). Stop the other gateway first.
[33m⚠ Deprecated .env settings detected:[0m
  [33m⚠[0m MESSAGING_CWD=~/Smith found in .env — this is deprecated.
  [2mMove to config.yaml instead:  terminal:\n    cwd: /your/project/path[0m
  [2mThen remove the old entries from /Users/Jeff/.hermes/profiles/smith/.env[0m

WARNING tools.mcp_tool: MCP server 'qmd' initial connection failed (attempt 1/3), retrying in 1s: unhandled errors in a TaskGroup (1 sub-exception)
WARNING tools.mcp_tool: MCP server 'qmd' initial connection failed (attempt 2/3), retrying in 2s: unhandled errors in a TaskGroup (1 sub-exception)
WARNING tools.mcp_tool: MCP server 'qmd' initial connection failed (attempt 3/3), retrying in 4s: unhandled errors in a TaskGroup (1 sub-exception)
WARNING tools.mcp_tool: MCP server 'qmd' failed initial connection after 3 attempts, giving up: unhandled errors in a TaskGroup (1 sub-exception)
WARNING tools.mcp_tool: Failed to connect to MCP server 'qmd' (command=qmd): Connection closed
ERROR gateway.platforms.base: [Discord] Discord bot token already in use (PID 32775). Stop the other gateway first.
WARNING gateway.run: ✗ discord failed to connect
ERROR gateway.run: Gateway hit a non-retryable startup conflict: discord: Discord bot token already in use (PID 32775). Stop the other gateway first.
ERROR gateway.run: Gateway exiting cleanly: discord: Discord bot token already in use (PID 32775). Stop the other gateway first.
[33m⚠ Deprecated .env settings detected:[0m
  [33m⚠[0m MESSAGING_CWD=~/Smith found in .env — this is deprecated.
  [2mMove to config.yaml instead:  terminal:\n    cwd: /your/project/path[0m
  [2mThen remove the old entries from /Users/Jeff/.hermes/profiles/smith/.env[0m

WARNING tools.mcp_tool: MCP server 'qmd' initial connection failed (attempt 1/3), retrying in 1s: unhandled errors in a TaskGroup (1 sub-exception)
WARNING tools.mcp_tool: MCP server 'qmd' initial connection failed (attempt 2/3), retrying in 2s: unhandled errors in a TaskGroup (1 sub-exception)
WARNING tools.mcp_tool: MCP server 'qmd' initial connection failed (attempt 3/3), retrying in 4s: unhandled errors in a TaskGroup (1 sub-exception)
WARNING tools.mcp_tool: MCP server 'qmd' failed initial connection after 3 attempts, giving up: unhandled errors in a TaskGroup (1 sub-exception)
WARNING tools.mcp_tool: Failed to connect to MCP server 'qmd' (command=qmd): Connection closed
ERROR gateway.platforms.base: [Discord] Discord bot token already in use (PID 32775). Stop the other gateway first.
WARNING gateway.run: ✗ discord failed to connect
ERROR gateway.run: Gateway hit a non-retryable startup conflict: discord: Discord bot token already in use (PID 32775). Stop the other gateway first.
ERROR gateway.run: Gateway exiting cleanly: discord: Discord bot token already in use (PID 32775). Stop the other gateway first.
[33m⚠ Deprecated .env settings detected:[0m
  [33m⚠[0m MESSAGING_CWD=~/Smith found in .env — this is deprecated.
  [2mMove to config.yaml instead:  terminal:\n    cwd: /your/project/path[0m
  [2mThen remove the old entries from /Users/Jeff/.hermes/profiles/smith/.env[0m

WARNING tools.mcp_tool: MCP server 'qmd' initial connection failed (attempt 1/3), retrying in 1s: unhandled errors in a TaskGroup (1 sub-exception)
WARNING tools.mcp_tool: MCP server 'qmd' initial connection failed (attempt 2/3), retrying in 2s: unhandled errors in a TaskGroup (1 sub-exception)
WARNING tools.mcp_tool: MCP server 'qmd' initial connection failed (attempt 3/3), retrying in 4s: unhandled errors in a TaskGroup (1 sub-exception)
WARNING tools.mcp_tool: MCP server 'qmd' failed initial connection after 3 attempts, giving up: unhandled errors in a TaskGroup (1 sub-exception)
WARNING tools.mcp_tool: Failed to connect to MCP server 'qmd' (command=qmd): Connection closed
ERROR gateway.platforms.base: [Discord] Discord bot token already in use (PID 32775). Stop the other gateway first.
WARNING gateway.run: ✗ discord failed to connect
ERROR gateway.run: Gateway hit a non-retryable startup conflict: discord: Discord bot token already in use (PID 32775). Stop the other gateway first.
ERROR gateway.run: Gateway exiting cleanly: discord: Discord bot token already in use (PID 32775). Stop the other gateway first.
[33m⚠ Deprecated .env settings detected:[0m
  [33m⚠[0m MESSAGING_CWD=~/Smith found in .env — this is deprecated.
  [2mMove to config.yaml instead:  terminal:\n    cwd: /your/project/path[0m
  [2mThen remove the old entries from /Users/Jeff/.hermes/profiles/smith/.env[0m

WARNING tools.mcp_tool: MCP server 'qmd' initial connection failed (attempt 1/3), retrying in 1s: unhandled errors in a TaskGroup (1 sub-exception)
WARNING tools.mcp_tool: MCP server 'qmd' initial connection failed (attempt 2/3), retrying in 2s: unhandled errors in a TaskGroup (1 sub-exception)
WARNING tools.mcp_tool: MCP server 'qmd' initial connection failed (attempt 3/3), retrying in 4s: unhandled errors in a TaskGroup (1 sub-exception)
WARNING tools.mcp_tool: MCP server 'qmd' failed initial connection after 3 attempts, giving up: unhandled errors in a TaskGroup (1 sub-exception)
WARNING tools.mcp_tool: Failed to connect to MCP server 'qmd' (command=qmd): Connection closed
ERROR gateway.platforms.base: [Discord] Discord bot token already in use (PID 32775). Stop the other gateway first.
WARNING gateway.run: ✗ discord failed to connect
ERROR gateway.run: Gateway hit a non-retryable startup conflict: discord: Discord bot token already in use (PID 32775). Stop the other gateway first.
ERROR gateway.run: Gateway exiting cleanly: discord: Discord bot token already in use (PID 32775). Stop the other gateway first.
[33m⚠ Deprecated .env settings detected:[0m
  [33m⚠[0m MESSAGING_CWD=~/Smith found in .env — this is deprecated.
  [2mMove to config.yaml instead:  terminal:\n    cwd: /your/project/path[0m
  [2mThen remove the old entries from /Users/Jeff/.hermes/profiles/smith/.env[0m

WARNING tools.mcp_tool: MCP server 'qmd' initial connection failed (attempt 1/3), retrying in 1s: unhandled errors in a TaskGroup (1 sub-exception)
WARNING tools.mcp_tool: MCP server 'qmd' initial connection failed (attempt 2/3), retrying in 2s: unhandled errors in a TaskGroup (1 sub-exception)
WARNING tools.mcp_tool: MCP server 'qmd' initial connection failed (attempt 3/3), retrying in 4s: unhandled errors in a TaskGroup (1 sub-exception)
WARNING tools.mcp_tool: MCP server 'qmd' failed initial connection after 3 attempts, giving up: unhandled errors in a TaskGroup (1 sub-exception)
WARNING tools.mcp_tool: Failed to connect to MCP server 'qmd' (command=qmd): Connection closed
ERROR gateway.platforms.base: [Discord] Discord bot token already in use (PID 32775). Stop the other gateway first.
WARNING gateway.run: ✗ discord failed to connect
ERROR gateway.run: Gateway hit a non-retryable startup conflict: discord: Discord bot token already in use (PID 32775). Stop the other gateway first.
ERROR gateway.run: Gateway exiting cleanly: discord: Discord bot token already in use (PID 32775). Stop the other gateway first.
[33m⚠ Deprecated .env settings detected:[0m
  [33m⚠[0m MESSAGING_CWD=~/Smith found in .env — this is deprecated.
  [2mMove to config.yaml instead:  terminal:\n    cwd: /your/project/path[0m
  [2mThen remove the old entries from /Users/Jeff/.hermes/profiles/smith/.env[0m

WARNING tools.mcp_tool: MCP server 'qmd' initial connection failed (attempt 1/3), retrying in 1s: unhandled errors in a TaskGroup (1 sub-exception)
WARNING tools.mcp_tool: MCP server 'qmd' initial connection failed (attempt 2/3), retrying in 2s: unhandled errors in a TaskGroup (1 sub-exception)
WARNING tools.mcp_tool: MCP server 'qmd' initial connection failed (attempt 3/3), retrying in 4s: unhandled errors in a TaskGroup (1 sub-exception)
WARNING tools.mcp_tool: MCP server 'qmd' failed initial connection after 3 attempts, giving up: unhandled errors in a TaskGroup (1 sub-exception)
WARNING tools.mcp_tool: Failed to connect to MCP server 'qmd' (command=qmd): Connection closed
ERROR gateway.platforms.base: [Discord] Discord bot token already in use (PID 32775). Stop the other gateway first.
WARNING gateway.run: ✗ discord failed to connect
ERROR gateway.run: Gateway hit a non-retryable startup conflict: discord: Discord bot token already in use (PID 32775). Stop the other gateway first.
ERROR gateway.run: Gateway exiting cleanly: discord: Discord bot token already in use (PID 32775). Stop the other gateway first.
[33m⚠ Deprecated .env settings detected:[0m
  [33m⚠[0m MESSAGING_CWD=~/Smith found in .env — this is deprecated.
  [2mMove to config.yaml instead:  terminal:\n    cwd: /your/project/path[0m
  [2mThen remove the old entries from /Users/Jeff/.hermes/profiles/smith/.env[0m

WARNING tools.mcp_tool: MCP server 'qmd' initial connection failed (attempt 1/3), retrying in 1s: unhandled errors in a TaskGroup (1 sub-exception)
WARNING tools.mcp_tool: MCP server 'qmd' initial connection failed (attempt 2/3), retrying in 2s: unhandled errors in a TaskGroup (1 sub-exception)
WARNING tools.mcp_tool: MCP server 'qmd' initial connection failed (attempt 3/3), retrying in 4s: unhandled errors in a TaskGroup (1 sub-exception)
WARNING tools.mcp_tool: MCP server 'qmd' failed initial connection after 3 attempts, giving up: unhandled errors in a TaskGroup (1 sub-exception)
WARNING tools.mcp_tool: Failed to connect to MCP server 'qmd' (command=qmd): Connection closed
ERROR gateway.platforms.base: [Discord] Discord bot token already in use (PID 32775). Stop the other gateway first.
WARNING gateway.run: ✗ discord failed to connect
ERROR gateway.run: Gateway hit a non-retryable startup conflict: discord: Discord bot token already in use (PID 32775). Stop the other gateway first.
ERROR gateway.run: Gateway exiting cleanly: discord: Discord bot token already in use (PID 32775). Stop the other gateway first.
[33m⚠ Deprecated .env settings detected:[0m
  [33m⚠[0m MESSAGING_CWD=~/Smith found in .env — this is deprecated.
  [2mMove to config.yaml instead:  terminal:\n    cwd: /your/project/path[0m
  [2mThen remove the old entries from /Users/Jeff/.hermes/profiles/smith/.env[0m

WARNING tools.mcp_tool: MCP server 'qmd' initial connection failed (attempt 1/3), retrying in 1s: unhandled errors in a TaskGroup (1 sub-exception)
WARNING tools.mcp_tool: MCP server 'qmd' initial connection failed (attempt 2/3), retrying in 2s: unhandled errors in a TaskGroup (1 sub-exception)
WARNING tools.mcp_tool: MCP server 'qmd' initial connection failed (attempt 3/3), retrying in 4s: unhandled errors in a TaskGroup (1 sub-exception)
WARNING tools.mcp_tool: MCP server 'qmd' failed initial connection after 3 attempts, giving up: unhandled errors in a TaskGroup (1 sub-exception)
WARNING tools.mcp_tool: Failed to connect to MCP server 'qmd' (command=qmd): Connection closed
ERROR gateway.platforms.base: [Discord] Discord bot token already in use (PID 32775). Stop the other gateway first.
WARNING gateway.run: ✗ discord failed to connect
ERROR gateway.run: Gateway hit a non-retryable startup conflict: discord: Discord bot token already in use (PID 32775). Stop the other gateway first.
ERROR gateway.run: Gateway exiting cleanly: discord: Discord bot token already in use (PID 32775). Stop the other gateway first.
[33m⚠ Deprecated .env settings detected:[0m
  [33m⚠[0m MESSAGING_CWD=~/Smith found in .env — this is deprecated.
  [2mMove to config.yaml instead:  terminal:\n    cwd: /your/project/path[0m
  [2mThen remove the old entries from /Users/Jeff/.hermes/profiles/smith/.env[0m

WARNING tools.mcp_tool: MCP server 'qmd' initial connection failed (attempt 1/3), retrying in 1s: unhandled errors in a TaskGroup (1 sub-exception)
WARNING tools.mcp_tool: MCP server 'qmd' initial connection failed (attempt 2/3), retrying in 2s: unhandled errors in a TaskGroup (1 sub-exception)
WARNING tools.mcp_tool: MCP server 'qmd' initial connection failed (attempt 3/3), retrying in 4s: unhandled errors in a TaskGroup (1 sub-exception)
WARNING tools.mcp_tool: MCP server 'qmd' failed initial connection after 3 attempts, giving up: unhandled errors in a TaskGroup (1 sub-exception)
WARNING tools.mcp_tool: Failed to connect to MCP server 'qmd' (command=qmd): Connection closed
ERROR gateway.platforms.base: [Discord] Discord bot token already in use (PID 32775). Stop the other gateway first.
WARNING gateway.run: ✗ discord failed to connect
ERROR gateway.run: Gateway hit a non-retryable startup conflict: discord: Discord bot token already in use (PID 32775). Stop the other gateway first.
ERROR gateway.run: Gateway exiting cleanly: discord: Discord bot token already in use (PID 32775). Stop the other gateway first.
[33m⚠ Deprecated .env settings detected:[0m
  [33m⚠[0m MESSAGING_CWD=~/Smith found in .env — this is deprecated.
  [2mMove to config.yaml instead:  terminal:\n    cwd: /your/project/path[0m
  [2mThen remove the old entries from /Users/Jeff/.hermes/profiles/smith/.env[0m

WARNING tools.mcp_tool: MCP server 'qmd' initial connection failed (attempt 1/3), retrying in 1s: unhandled errors in a TaskGroup (1 sub-exception)
WARNING tools.mcp_tool: MCP server 'qmd' initial connection failed (attempt 2/3), retrying in 2s: unhandled errors in a TaskGroup (1 sub-exception)
WARNING tools.mcp_tool: MCP server 'qmd' initial connection failed (attempt 3/3), retrying in 4s: unhandled errors in a TaskGroup (1 sub-exception)
WARNING tools.mcp_tool: MCP server 'qmd' failed initial connection after 3 attempts, giving up: unhandled errors in a TaskGroup (1 sub-exception)
WARNING tools.mcp_tool: Failed to connect to MCP server 'qmd' (command=qmd): Connection closed
ERROR gateway.platforms.base: [Discord] Discord bot token already in use (PID 32775). Stop the other gateway first.
WARNING gateway.run: ✗ discord failed to connect
ERROR gateway.run: Gateway hit a non-retryable startup conflict: discord: Discord bot token already in use (PID 32775). Stop the other gateway first.
ERROR gateway.run: Gateway exiting cleanly: discord: Discord bot token already in use (PID 32775). Stop the other gateway first.
[33m⚠ Deprecated .env settings detected:[0m
  [33m⚠[0m MESSAGING_CWD=~/Smith found in .env — this is deprecated.
  [2mMove to config.yaml instead:  terminal:\n    cwd: /your/project/path[0m
  [2mThen remove the old entries from /Users/Jeff/.hermes/profiles/smith/.env[0m

WARNING tools.mcp_tool: MCP server 'qmd' initial connection failed (attempt 1/3), retrying in 1s: unhandled errors in a TaskGroup (1 sub-exception)
WARNING tools.mcp_tool: MCP server 'qmd' initial connection failed (attempt 2/3), retrying in 2s: unhandled errors in a TaskGroup (1 sub-exception)
WARNING tools.mcp_tool: MCP server 'qmd' initial connection failed (attempt 3/3), retrying in 4s: unhandled errors in a TaskGroup (1 sub-exception)
WARNING tools.mcp_tool: MCP server 'qmd' failed initial connection after 3 attempts, giving up: unhandled errors in a TaskGroup (1 sub-exception)
WARNING tools.mcp_tool: Failed to connect to MCP server 'qmd' (command=qmd): Connection closed
ERROR gateway.platforms.base: [Discord] Discord bot token already in use (PID 32775). Stop the other gateway first.
WARNING gateway.run: ✗ discord failed to connect
ERROR gateway.run: Gateway hit a non-retryable startup conflict: discord: Discord bot token already in use (PID 32775). Stop the other gateway first.
ERROR gateway.run: Gateway exiting cleanly: discord: Discord bot token already in use (PID 32775). Stop the other gateway first.
[33m⚠ Deprecated .env settings detected:[0m
  [33m⚠[0m MESSAGING_CWD=~/Smith found in .env — this is deprecated.
  [2mMove to config.yaml instead:  terminal:\n    cwd: /your/project/path[0m
  [2mThen remove the old entries from /Users/Jeff/.hermes/profiles/smith/.env[0m

WARNING tools.mcp_tool: MCP server 'qmd' initial connection failed (attempt 1/3), retrying in 1s: unhandled errors in a TaskGroup (1 sub-exception)
WARNING tools.mcp_tool: MCP server 'qmd' initial connection failed (attempt 2/3), retrying in 2s: unhandled errors in a TaskGroup (1 sub-exception)
WARNING tools.mcp_tool: MCP server 'qmd' initial connection failed (attempt 3/3), retrying in 4s: unhandled errors in a TaskGroup (1 sub-exception)
WARNING tools.mcp_tool: MCP server 'qmd' failed initial connection after 3 attempts, giving up: unhandled errors in a TaskGroup (1 sub-exception)
WARNING tools.mcp_tool: Failed to connect to MCP server 'qmd' (command=qmd): Connection closed
ERROR gateway.platforms.base: [Discord] Discord bot token already in use (PID 32775). Stop the other gateway first.
WARNING gateway.run: ✗ discord failed to connect
ERROR gateway.run: Gateway hit a non-retryable startup conflict: discord: Discord bot token already in use (PID 32775). Stop the other gateway first.
ERROR gateway.run: Gateway exiting cleanly: discord: Discord bot token already in use (PID 32775). Stop the other gateway first.
[33m⚠ Deprecated .env settings detected:[0m
  [33m⚠[0m MESSAGING_CWD=~/Smith found in .env — this is deprecated.
  [2mMove to config.yaml instead:  terminal:\n    cwd: /your/project/path[0m
  [2mThen remove the old entries from /Users/Jeff/.hermes/profiles/smith/.env[0m

WARNING tools.mcp_tool: MCP server 'qmd' initial connection failed (attempt 1/3), retrying in 1s: unhandled errors in a TaskGroup (1 sub-exception)
WARNING tools.mcp_tool: MCP server 'qmd' initial connection failed (attempt 2/3), retrying in 2s: unhandled errors in a TaskGroup (1 sub-exception)
WARNING tools.mcp_tool: MCP server 'qmd' initial connection failed (attempt 3/3), retrying in 4s: unhandled errors in a TaskGroup (1 sub-exception)
WARNING tools.mcp_tool: MCP server 'qmd' failed initial connection after 3 attempts, giving up: unhandled errors in a TaskGroup (1 sub-exception)
WARNING tools.mcp_tool: Failed to connect to MCP server 'qmd' (command=qmd): Connection closed
ERROR gateway.platforms.base: [Discord] Discord bot token already in use (PID 32775). Stop the other gateway first.
WARNING gateway.run: ✗ discord failed to connect
ERROR gateway.run: Gateway hit a non-retryable startup conflict: discord: Discord bot token already in use (PID 32775). Stop the other gateway first.
ERROR gateway.run: Gateway exiting cleanly: discord: Discord bot token already in use (PID 32775). Stop the other gateway first.
[33m⚠ Deprecated .env settings detected:[0m
  [33m⚠[0m MESSAGING_CWD=~/Smith found in .env — this is deprecated.
  [2mMove to config.yaml instead:  terminal:\n    cwd: /your/project/path[0m
  [2mThen remove the old entries from /Users/Jeff/.hermes/profiles/smith/.env[0m

WARNING tools.mcp_tool: MCP server 'qmd' initial connection failed (attempt 1/3), retrying in 1s: unhandled errors in a TaskGroup (1 sub-exception)
WARNING tools.mcp_tool: MCP server 'qmd' initial connection failed (attempt 2/3), retrying in 2s: unhandled errors in a TaskGroup (1 sub-exception)
WARNING tools.mcp_tool: MCP server 'qmd' initial connection failed (attempt 3/3), retrying in 4s: unhandled errors in a TaskGroup (1 sub-exception)
WARNING tools.mcp_tool: MCP server 'qmd' failed initial connection after 3 attempts, giving up: unhandled errors in a TaskGroup (1 sub-exception)
WARNING tools.mcp_tool: Failed to connect to MCP server 'qmd' (command=qmd): Connection closed
ERROR gateway.platforms.base: [Discord] Discord bot token already in use (PID 32775). Stop the other gateway first.
WARNING gateway.run: ✗ discord failed to connect
ERROR gateway.run: Gateway hit a non-retryable startup conflict: discord: Discord bot token already in use (PID 32775). Stop the other gateway first.
ERROR gateway.run: Gateway exiting cleanly: discord: Discord bot token already in use (PID 32775). Stop the other gateway first.
[33m⚠ Deprecated .env settings detected:[0m
  [33m⚠[0m MESSAGING_CWD=~/Smith found in .env — this is deprecated.
  [2mMove to config.yaml instead:  terminal:\n    cwd: /your/project/path[0m
  [2mThen remove the old entries from /Users/Jeff/.hermes/profiles/smith/.env[0m

WARNING tools.mcp_tool: MCP server 'qmd' initial connection failed (attempt 1/3), retrying in 1s: unhandled errors in a TaskGroup (1 sub-exception)
WARNING tools.mcp_tool: MCP server 'qmd' initial connection failed (attempt 2/3), retrying in 2s: unhandled errors in a TaskGroup (1 sub-exception)
WARNING tools.mcp_tool: MCP server 'qmd' initial connection failed (attempt 3/3), retrying in 4s: unhandled errors in a TaskGroup (1 sub-exception)
WARNING tools.mcp_tool: MCP server 'qmd' failed initial connection after 3 attempts, giving up: unhandled errors in a TaskGroup (1 sub-exception)
WARNING tools.mcp_tool: Failed to connect to MCP server 'qmd' (command=qmd): Connection closed
ERROR gateway.platforms.base: [Discord] Discord bot token already in use (PID 32775). Stop the other gateway first.
WARNING gateway.run: ✗ discord failed to connect
ERROR gateway.run: Gateway hit a non-retryable startup conflict: discord: Discord bot token already in use (PID 32775). Stop the other gateway first.
ERROR gateway.run: Gateway exiting cleanly: discord: Discord bot token already in use (PID 32775). Stop the other gateway first.
[33m⚠ Deprecated .env settings detected:[0m
  [33m⚠[0m MESSAGING_CWD=~/Smith found in .env — this is deprecated.
  [2mMove to config.yaml instead:  terminal:\n    cwd: /your/project/path[0m
  [2mThen remove the old entries from /Users/Jeff/.hermes/profiles/smith/.env[0m

WARNING tools.mcp_tool: MCP server 'qmd' initial connection failed (attempt 1/3), retrying in 1s: unhandled errors in a TaskGroup (1 sub-exception)
WARNING tools.mcp_tool: MCP server 'qmd' initial connection failed (attempt 2/3), retrying in 2s: unhandled errors in a TaskGroup (1 sub-exception)
WARNING tools.mcp_tool: MCP server 'qmd' initial connection failed (attempt 3/3), retrying in 4s: unhandled errors in a TaskGroup (1 sub-exception)
WARNING tools.mcp_tool: MCP server 'qmd' failed initial connection after 3 attempts, giving up: unhandled errors in a TaskGroup (1 sub-exception)
WARNING tools.mcp_tool: Failed to connect to MCP server 'qmd' (command=qmd): Connection closed
ERROR gateway.platforms.base: [Discord] Discord bot token already in use (PID 32775). Stop the other gateway first.
WARNING gateway.run: ✗ discord failed to connect
ERROR gateway.run: Gateway hit a non-retryable startup conflict: discord: Discord bot token already in use (PID 32775). Stop the other gateway first.
ERROR gateway.run: Gateway exiting cleanly: discord: Discord bot token already in use (PID 32775). Stop the other gateway first.
[33m⚠ Deprecated .env settings detected:[0m
  [33m⚠[0m MESSAGING_CWD=~/Smith found in .env — this is deprecated.
  [2mMove to config.yaml instead:  terminal:\n    cwd: /your/project/path[0m
  [2mThen remove the old entries from /Users/Jeff/.hermes/profiles/smith/.env[0m

WARNING tools.mcp_tool: MCP server 'qmd' initial connection failed (attempt 1/3), retrying in 1s: unhandled errors in a TaskGroup (1 sub-exception)
WARNING tools.mcp_tool: MCP server 'qmd' initial connection failed (attempt 2/3), retrying in 2s: unhandled errors in a TaskGroup (1 sub-exception)
WARNING tools.mcp_tool: MCP server 'qmd' initial connection failed (attempt 3/3), retrying in 4s: unhandled errors in a TaskGroup (1 sub-exception)
WARNING tools.mcp_tool: MCP server 'qmd' failed initial connection after 3 attempts, giving up: unhandled errors in a TaskGroup (1 sub-exception)
WARNING tools.mcp_tool: Failed to connect to MCP server 'qmd' (command=qmd): Connection closed
ERROR gateway.platforms.base: [Discord] Discord bot token already in use (PID 32775). Stop the other gateway first.
WARNING gateway.run: ✗ discord failed to connect
ERROR gateway.run: Gateway hit a non-retryable startup conflict: discord: Discord bot token already in use (PID 32775). Stop the other gateway first.
ERROR gateway.run: Gateway exiting cleanly: discord: Discord bot token already in use (PID 32775). Stop the other gateway first.
[33m⚠ Deprecated .env settings detected:[0m
  [33m⚠[0m MESSAGING_CWD=~/Smith found in .env — this is deprecated.
  [2mMove to config.yaml instead:  terminal:\n    cwd: /your/project/path[0m
  [2mThen remove the old entries from /Users/Jeff/.hermes/profiles/smith/.env[0m

WARNING tools.mcp_tool: MCP server 'qmd' initial connection failed (attempt 1/3), retrying in 1s: unhandled errors in a TaskGroup (1 sub-exception)
WARNING tools.mcp_tool: MCP server 'qmd' initial connection failed (attempt 2/3), retrying in 2s: unhandled errors in a TaskGroup (1 sub-exception)
WARNING tools.mcp_tool: MCP server 'qmd' initial connection failed (attempt 3/3), retrying in 4s: unhandled errors in a TaskGroup (1 sub-exception)
WARNING tools.mcp_tool: MCP server 'qmd' failed initial connection after 3 attempts, giving up: unhandled errors in a TaskGroup (1 sub-exception)
WARNING tools.mcp_tool: Failed to connect to MCP server 'qmd' (command=qmd): Connection closed
ERROR gateway.platforms.base: [Discord] Discord bot token already in use (PID 32775). Stop the other gateway first.
WARNING gateway.run: ✗ discord failed to connect
ERROR gateway.run: Gateway hit a non-retryable startup conflict: discord: Discord bot token already in use (PID 32775). Stop the other gateway first.
ERROR gateway.run: Gateway exiting cleanly: discord: Discord bot token already in use (PID 32775). Stop the other gateway first.
[33m⚠ Deprecated .env settings detected:[0m
  [33m⚠[0m MESSAGING_CWD=~/Smith found in .env — this is deprecated.
  [2mMove to config.yaml instead:  terminal:\n    cwd: /your/project/path[0m
  [2mThen remove the old entries from /Users/Jeff/.hermes/profiles/smith/.env[0m

WARNING tools.mcp_tool: MCP server 'qmd' initial connection failed (attempt 1/3), retrying in 1s: unhandled errors in a TaskGroup (1 sub-exception)
WARNING tools.mcp_tool: MCP server 'qmd' initial connection failed (attempt 2/3), retrying in 2s: unhandled errors in a TaskGroup (1 sub-exception)
WARNING tools.mcp_tool: MCP server 'qmd' initial connection failed (attempt 3/3), retrying in 4s: unhandled errors in a TaskGroup (1 sub-exception)
WARNING tools.mcp_tool: MCP server 'qmd' failed initial connection after 3 attempts, giving up: unhandled errors in a TaskGroup (1 sub-exception)
WARNING tools.mcp_tool: Failed to connect to MCP server 'qmd' (command=qmd): Connection closed
ERROR gateway.platforms.base: [Discord] Discord bot token already in use (PID 32775). Stop the other gateway first.
WARNING gateway.run: ✗ discord failed to connect
ERROR gateway.run: Gateway hit a non-retryable startup conflict: discord: Discord bot token already in use (PID 32775). Stop the other gateway first.
ERROR gateway.run: Gateway exiting cleanly: discord: Discord bot token already in use (PID 32775). Stop the other gateway first.
[33m⚠ Deprecated .env settings detected:[0m
  [33m⚠[0m MESSAGING_CWD=~/Smith found in .env — this is deprecated.
  [2mMove to config.yaml instead:  terminal:\n    cwd: /your/project/path[0m
  [2mThen remove the old entries from /Users/Jeff/.hermes/profiles/smith/.env[0m

WARNING tools.mcp_tool: MCP server 'qmd' initial connection failed (attempt 1/3), retrying in 1s: unhandled errors in a TaskGroup (1 sub-exception)
WARNING tools.mcp_tool: MCP server 'qmd' initial connection failed (attempt 2/3), retrying in 2s: unhandled errors in a TaskGroup (1 sub-exception)
WARNING tools.mcp_tool: MCP server 'qmd' initial connection failed (attempt 3/3), retrying in 4s: unhandled errors in a TaskGroup (1 sub-exception)
WARNING tools.mcp_tool: MCP server 'qmd' failed initial connection after 3 attempts, giving up: unhandled errors in a TaskGroup (1 sub-exception)
WARNING tools.mcp_tool: Failed to connect to MCP server 'qmd' (command=qmd): Connection closed
ERROR gateway.platforms.base: [Discord] Discord bot token already in use (PID 32775). Stop the other gateway first.
WARNING gateway.run: ✗ discord failed to connect
ERROR gateway.run: Gateway hit a non-retryable startup conflict: discord: Discord bot token already in use (PID 32775). Stop the other gateway first.
ERROR gateway.run: Gateway exiting cleanly: discord: Discord bot token already in use (PID 32775). Stop the other gateway first.
[33m⚠ Deprecated .env settings detected:[0m
  [33m⚠[0m MESSAGING_CWD=~/Smith found in .env — this is deprecated.
  [2mMove to config.yaml instead:  terminal:\n    cwd: /your/project/path[0m
  [2mThen remove the old entries from /Users/Jeff/.hermes/profiles/smith/.env[0m

WARNING tools.mcp_tool: MCP server 'qmd' initial connection failed (attempt 1/3), retrying in 1s: unhandled errors in a TaskGroup (1 sub-exception)
WARNING tools.mcp_tool: MCP server 'qmd' initial connection failed (attempt 2/3), retrying in 2s: unhandled errors in a TaskGroup (1 sub-exception)
WARNING tools.mcp_tool: MCP server 'qmd' initial connection failed (attempt 3/3), retrying in 4s: unhandled errors in a TaskGroup (1 sub-exception)
WARNING tools.mcp_tool: MCP server 'qmd' failed initial connection after 3 attempts, giving up: unhandled errors in a TaskGroup (1 sub-exception)
WARNING tools.mcp_tool: Failed to connect to MCP server 'qmd' (command=qmd): Connection closed
ERROR gateway.platforms.base: [Discord] Discord bot token already in use (PID 32775). Stop the other gateway first.
WARNING gateway.run: ✗ discord failed to connect
ERROR gateway.run: Gateway hit a non-retryable startup conflict: discord: Discord bot token already in use (PID 32775). Stop the other gateway first.
ERROR gateway.run: Gateway exiting cleanly: discord: Discord bot token already in use (PID 32775). Stop the other gateway first.
[33m⚠ Deprecated .env settings detected:[0m
  [33m⚠[0m MESSAGING_CWD=~/Smith found in .env — this is deprecated.
  [2mMove to config.yaml instead:  terminal:\n    cwd: /your/project/path[0m
  [2mThen remove the old entries from /Users/Jeff/.hermes/profiles/smith/.env[0m

WARNING tools.mcp_tool: MCP server 'qmd' initial connection failed (attempt 1/3), retrying in 1s: unhandled errors in a TaskGroup (1 sub-exception)
WARNING tools.mcp_tool: MCP server 'qmd' initial connection failed (attempt 2/3), retrying in 2s: unhandled errors in a TaskGroup (1 sub-exception)
WARNING tools.mcp_tool: MCP server 'qmd' initial connection failed (attempt 3/3), retrying in 4s: unhandled errors in a TaskGroup (1 sub-exception)
WARNING tools.mcp_tool: MCP server 'qmd' failed initial connection after 3 attempts, giving up: unhandled errors in a TaskGroup (1 sub-exception)
WARNING tools.mcp_tool: Failed to connect to MCP server 'qmd' (command=qmd): Connection closed
ERROR gateway.platforms.base: [Discord] Discord bot token already in use (PID 32775). Stop the other gateway first.
WARNING gateway.run: ✗ discord failed to connect
ERROR gateway.run: Gateway hit a non-retryable startup conflict: discord: Discord bot token already in use (PID 32775). Stop the other gateway first.
ERROR gateway.run: Gateway exiting cleanly: discord: Discord bot token already in use (PID 32775). Stop the other gateway first.
[33m⚠ Deprecated .env settings detected:[0m
  [33m⚠[0m MESSAGING_CWD=~/Smith found in .env — this is deprecated.
  [2mMove to config.yaml instead:  terminal:\n    cwd: /your/project/path[0m
  [2mThen remove the old entries from /Users/Jeff/.hermes/profiles/smith/.env[0m

WARNING tools.mcp_tool: MCP server 'qmd' initial connection failed (attempt 1/3), retrying in 1s: unhandled errors in a TaskGroup (1 sub-exception)
WARNING tools.mcp_tool: MCP server 'qmd' initial connection failed (attempt 2/3), retrying in 2s: unhandled errors in a TaskGroup (1 sub-exception)
WARNING tools.mcp_tool: MCP server 'qmd' initial connection failed (attempt 3/3), retrying in 4s: unhandled errors in a TaskGroup (1 sub-exception)
WARNING tools.mcp_tool: MCP server 'qmd' failed initial connection after 3 attempts, giving up: unhandled errors in a TaskGroup (1 sub-exception)
WARNING tools.mcp_tool: Failed to connect to MCP server 'qmd' (command=qmd): Connection closed
ERROR gateway.platforms.base: [Discord] Discord bot token already in use (PID 32775). Stop the other gateway first.
WARNING gateway.run: ✗ discord failed to connect
ERROR gateway.run: Gateway hit a non-retryable startup conflict: discord: Discord bot token already in use (PID 32775). Stop the other gateway first.
ERROR gateway.run: Gateway exiting cleanly: discord: Discord bot token already in use (PID 32775). Stop the other gateway first.
[33m⚠ Deprecated .env settings detected:[0m
  [33m⚠[0m MESSAGING_CWD=~/Smith found in .env — this is deprecated.
  [2mMove to config.yaml instead:  terminal:\n    cwd: /your/project/path[0m
  [2mThen remove the old entries from /Users/Jeff/.hermes/profiles/smith/.env[0m

WARNING tools.mcp_tool: MCP server 'qmd' initial connection failed (attempt 1/3), retrying in 1s: unhandled errors in a TaskGroup (1 sub-exception)
WARNING tools.mcp_tool: MCP server 'qmd' initial connection failed (attempt 2/3), retrying in 2s: unhandled errors in a TaskGroup (1 sub-exception)
WARNING tools.mcp_tool: MCP server 'qmd' initial connection failed (attempt 3/3), retrying in 4s: unhandled errors in a TaskGroup (1 sub-exception)
WARNING tools.mcp_tool: MCP server 'qmd' failed initial connection after 3 attempts, giving up: unhandled errors in a TaskGroup (1 sub-exception)
WARNING tools.mcp_tool: Failed to connect to MCP server 'qmd' (command=qmd): Connection closed
ERROR gateway.platforms.base: [Discord] Discord bot token already in use (PID 32775). Stop the other gateway first.
WARNING gateway.run: ✗ discord failed to connect
ERROR gateway.run: Gateway hit a non-retryable startup conflict: discord: Discord bot token already in use (PID 32775). Stop the other gateway first.
ERROR gateway.run: Gateway exiting cleanly: discord: Discord bot token already in use (PID 32775). Stop the other gateway first.
[33m⚠ Deprecated .env settings detected:[0m
  [33m⚠[0m MESSAGING_CWD=~/Smith found in .env — this is deprecated.
  [2mMove to config.yaml instead:  terminal:\n    cwd: /your/project/path[0m
  [2mThen remove the old entries from /Users/Jeff/.hermes/profiles/smith/.env[0m

WARNING tools.mcp_tool: MCP server 'qmd' initial connection failed (attempt 1/3), retrying in 1s: unhandled errors in a TaskGroup (1 sub-exception)
WARNING tools.mcp_tool: MCP server 'qmd' initial connection failed (attempt 2/3), retrying in 2s: unhandled errors in a TaskGroup (1 sub-exception)
WARNING tools.mcp_tool: MCP server 'qmd' initial connection failed (attempt 3/3), retrying in 4s: unhandled errors in a TaskGroup (1 sub-exception)
WARNING tools.mcp_tool: MCP server 'qmd' failed initial connection after 3 attempts, giving up: unhandled errors in a TaskGroup (1 sub-exception)
WARNING tools.mcp_tool: Failed to connect to MCP server 'qmd' (command=qmd): Connection closed
ERROR gateway.platforms.base: [Discord] Discord bot token already in use (PID 32775). Stop the other gateway first.
WARNING gateway.run: ✗ discord failed to connect
ERROR gateway.run: Gateway hit a non-retryable startup conflict: discord: Discord bot token already in use (PID 32775). Stop the other gateway first.
ERROR gateway.run: Gateway exiting cleanly: discord: Discord bot token already in use (PID 32775). Stop the other gateway first.
[33m⚠ Deprecated .env settings detected:[0m
  [33m⚠[0m MESSAGING_CWD=~/Smith found in .env — this is deprecated.
  [2mMove to config.yaml instead:  terminal:\n    cwd: /your/project/path[0m
  [2mThen remove the old entries from /Users/Jeff/.hermes/profiles/smith/.env[0m

WARNING tools.mcp_tool: MCP server 'qmd' initial connection failed (attempt 1/3), retrying in 1s: unhandled errors in a TaskGroup (1 sub-exception)
WARNING tools.mcp_tool: MCP server 'qmd' initial connection failed (attempt 2/3), retrying in 2s: unhandled errors in a TaskGroup (1 sub-exception)
WARNING tools.mcp_tool: MCP server 'qmd' initial connection failed (attempt 3/3), retrying in 4s: unhandled errors in a TaskGroup (1 sub-exception)
WARNING tools.mcp_tool: MCP server 'qmd' failed initial connection after 3 attempts, giving up: unhandled errors in a TaskGroup (1 sub-exception)
WARNING tools.mcp_tool: Failed to connect to MCP server 'qmd' (command=qmd): Connection closed
ERROR gateway.platforms.base: [Discord] Discord bot token already in use (PID 32775). Stop the other gateway first.
WARNING gateway.run: ✗ discord failed to connect
ERROR gateway.run: Gateway hit a non-retryable startup conflict: discord: Discord bot token already in use (PID 32775). Stop the other gateway first.
ERROR gateway.run: Gateway exiting cleanly: discord: Discord bot token already in use (PID 32775). Stop the other gateway first.
[33m⚠ Deprecated .env settings detected:[0m
  [33m⚠[0m MESSAGING_CWD=~/Smith found in .env — this is deprecated.
  [2mMove to config.yaml instead:  terminal:\n    cwd: /your/project/path[0m
  [2mThen remove the old entries from /Users/Jeff/.hermes/profiles/smith/.env[0m

WARNING tools.mcp_tool: MCP server 'qmd' initial connection failed (attempt 1/3), retrying in 1s: unhandled errors in a TaskGroup (1 sub-exception)
WARNING tools.mcp_tool: MCP server 'qmd' initial connection failed (attempt 2/3), retrying in 2s: unhandled errors in a TaskGroup (1 sub-exception)
WARNING tools.mcp_tool: MCP server 'qmd' initial connection failed (attempt 3/3), retrying in 4s: unhandled errors in a TaskGroup (1 sub-exception)
WARNING tools.mcp_tool: MCP server 'qmd' failed initial connection after 3 attempts, giving up: unhandled errors in a TaskGroup (1 sub-exception)
WARNING tools.mcp_tool: Failed to connect to MCP server 'qmd' (command=qmd): Connection closed
ERROR gateway.platforms.base: [Discord] Discord bot token already in use (PID 32775). Stop the other gateway first.
WARNING gateway.run: ✗ discord failed to connect
ERROR gateway.run: Gateway hit a non-retryable startup conflict: discord: Discord bot token already in use (PID 32775). Stop the other gateway first.
ERROR gateway.run: Gateway exiting cleanly: discord: Discord bot token already in use (PID 32775). Stop the other gateway first.
[33m⚠ Deprecated .env settings detected:[0m
  [33m⚠[0m MESSAGING_CWD=~/Smith found in .env — this is deprecated.
  [2mMove to config.yaml instead:  terminal:\n    cwd: /your/project/path[0m
  [2mThen remove the old entries from /Users/Jeff/.hermes/profiles/smith/.env[0m

WARNING tools.mcp_tool: MCP server 'qmd' initial connection failed (attempt 1/3), retrying in 1s: unhandled errors in a TaskGroup (1 sub-exception)
WARNING tools.mcp_tool: MCP server 'qmd' initial connection failed (attempt 2/3), retrying in 2s: unhandled errors in a TaskGroup (1 sub-exception)
WARNING tools.mcp_tool: MCP server 'qmd' initial connection failed (attempt 3/3), retrying in 4s: unhandled errors in a TaskGroup (1 sub-exception)
WARNING tools.mcp_tool: MCP server 'qmd' failed initial connection after 3 attempts, giving up: unhandled errors in a TaskGroup (1 sub-exception)
WARNING tools.mcp_tool: Failed to connect to MCP server 'qmd' (command=qmd): Connection closed
ERROR gateway.platforms.base: [Discord] Discord bot token already in use (PID 32775). Stop the other gateway first.
WARNING gateway.run: ✗ discord failed to connect
ERROR gateway.run: Gateway hit a non-retryable startup conflict: discord: Discord bot token already in use (PID 32775). Stop the other gateway first.
ERROR gateway.run: Gateway exiting cleanly: discord: Discord bot token already in use (PID 32775). Stop the other gateway first.
[33m⚠ Deprecated .env settings detected:[0m
  [33m⚠[0m MESSAGING_CWD=~/Smith found in .env — this is deprecated.
  [2mMove to config.yaml instead:  terminal:\n    cwd: /your/project/path[0m
  [2mThen remove the old entries from /Users/Jeff/.hermes/profiles/smith/.env[0m

WARNING tools.mcp_tool: MCP server 'qmd' initial connection failed (attempt 1/3), retrying in 1s: unhandled errors in a TaskGroup (1 sub-exception)
WARNING tools.mcp_tool: MCP server 'qmd' initial connection failed (attempt 2/3), retrying in 2s: unhandled errors in a TaskGroup (1 sub-exception)
WARNING tools.mcp_tool: MCP server 'qmd' initial connection failed (attempt 3/3), retrying in 4s: unhandled errors in a TaskGroup (1 sub-exception)
WARNING tools.mcp_tool: MCP server 'qmd' failed initial connection after 3 attempts, giving up: unhandled errors in a TaskGroup (1 sub-exception)
WARNING tools.mcp_tool: Failed to connect to MCP server 'qmd' (command=qmd): Connection closed
ERROR gateway.platforms.base: [Discord] Discord bot token already in use (PID 32775). Stop the other gateway first.
WARNING gateway.run: ✗ discord failed to connect
ERROR gateway.run: Gateway hit a non-retryable startup conflict: discord: Discord bot token already in use (PID 32775). Stop the other gateway first.
ERROR gateway.run: Gateway exiting cleanly: discord: Discord bot token already in use (PID 32775). Stop the other gateway first.
[33m⚠ Deprecated .env settings detected:[0m
  [33m⚠[0m MESSAGING_CWD=~/Smith found in .env — this is deprecated.
  [2mMove to config.yaml instead:  terminal:\n    cwd: /your/project/path[0m
  [2mThen remove the old entries from /Users/Jeff/.hermes/profiles/smith/.env[0m

WARNING tools.mcp_tool: MCP server 'qmd' initial connection failed (attempt 1/3), retrying in 1s: unhandled errors in a TaskGroup (1 sub-exception)
WARNING tools.mcp_tool: MCP server 'qmd' initial connection failed (attempt 2/3), retrying in 2s: unhandled errors in a TaskGroup (1 sub-exception)
WARNING tools.mcp_tool: MCP server 'qmd' initial connection failed (attempt 3/3), retrying in 4s: unhandled errors in a TaskGroup (1 sub-exception)
WARNING tools.mcp_tool: MCP server 'qmd' failed initial connection after 3 attempts, giving up: unhandled errors in a TaskGroup (1 sub-exception)
WARNING tools.mcp_tool: Failed to connect to MCP server 'qmd' (command=qmd): Connection closed
ERROR gateway.platforms.base: [Discord] Discord bot token already in use (PID 32775). Stop the other gateway first.
WARNING gateway.run: ✗ discord failed to connect
ERROR gateway.run: Gateway hit a non-retryable startup conflict: discord: Discord bot token already in use (PID 32775). Stop the other gateway first.
ERROR gateway.run: Gateway exiting cleanly: discord: Discord bot token already in use (PID 32775). Stop the other gateway first.
[33m⚠ Deprecated .env settings detected:[0m
  [33m⚠[0m MESSAGING_CWD=~/Smith found in .env — this is deprecated.
  [2mMove to config.yaml instead:  terminal:\n    cwd: /your/project/path[0m
  [2mThen remove the old entries from /Users/Jeff/.hermes/profiles/smith/.env[0m

WARNING tools.mcp_tool: MCP server 'qmd' initial connection failed (attempt 1/3), retrying in 1s: unhandled errors in a TaskGroup (1 sub-exception)
WARNING tools.mcp_tool: MCP server 'qmd' initial connection failed (attempt 2/3), retrying in 2s: unhandled errors in a TaskGroup (1 sub-exception)
WARNING tools.mcp_tool: MCP server 'qmd' initial connection failed (attempt 3/3), retrying in 4s: unhandled errors in a TaskGroup (1 sub-exception)
WARNING tools.mcp_tool: MCP server 'qmd' failed initial connection after 3 attempts, giving up: unhandled errors in a TaskGroup (1 sub-exception)
WARNING tools.mcp_tool: Failed to connect to MCP server 'qmd' (command=qmd): Connection closed
ERROR gateway.platforms.base: [Discord] Discord bot token already in use (PID 32775). Stop the other gateway first.
WARNING gateway.run: ✗ discord failed to connect
ERROR gateway.run: Gateway hit a non-retryable startup conflict: discord: Discord bot token already in use (PID 32775). Stop the other gateway first.
ERROR gateway.run: Gateway exiting cleanly: discord: Discord bot token already in use (PID 32775). Stop the other gateway first.
[33m⚠ Deprecated .env settings detected:[0m
  [33m⚠[0m MESSAGING_CWD=~/Smith found in .env — this is deprecated.
  [2mMove to config.yaml instead:  terminal:\n    cwd: /your/project/path[0m
  [2mThen remove the old entries from /Users/Jeff/.hermes/profiles/smith/.env[0m

WARNING tools.mcp_tool: MCP server 'qmd' initial connection failed (attempt 1/3), retrying in 1s: unhandled errors in a TaskGroup (1 sub-exception)
WARNING tools.mcp_tool: MCP server 'qmd' initial connection failed (attempt 2/3), retrying in 2s: unhandled errors in a TaskGroup (1 sub-exception)
WARNING tools.mcp_tool: MCP server 'qmd' initial connection failed (attempt 3/3), retrying in 4s: unhandled errors in a TaskGroup (1 sub-exception)
WARNING tools.mcp_tool: MCP server 'qmd' failed initial connection after 3 attempts, giving up: unhandled errors in a TaskGroup (1 sub-exception)
WARNING tools.mcp_tool: Failed to connect to MCP server 'qmd' (command=qmd): Connection closed
ERROR gateway.platforms.base: [Discord] Discord bot token already in use (PID 32775). Stop the other gateway first.
WARNING gateway.run: ✗ discord failed to connect
ERROR gateway.run: Gateway hit a non-retryable startup conflict: discord: Discord bot token already in use (PID 32775). Stop the other gateway first.
ERROR gateway.run: Gateway exiting cleanly: discord: Discord bot token already in use (PID 32775). Stop the other gateway first.
[33m⚠ Deprecated .env settings detected:[0m
  [33m⚠[0m MESSAGING_CWD=~/Smith found in .env — this is deprecated.
  [2mMove to config.yaml instead:  terminal:\n    cwd: /your/project/path[0m
  [2mThen remove the old entries from /Users/Jeff/.hermes/profiles/smith/.env[0m

WARNING tools.mcp_tool: MCP server 'qmd' initial connection failed (attempt 1/3), retrying in 1s: unhandled errors in a TaskGroup (1 sub-exception)
WARNING tools.mcp_tool: MCP server 'qmd' initial connection failed (attempt 2/3), retrying in 2s: unhandled errors in a TaskGroup (1 sub-exception)
WARNING tools.mcp_tool: MCP server 'qmd' initial connection failed (attempt 3/3), retrying in 4s: unhandled errors in a TaskGroup (1 sub-exception)
WARNING tools.mcp_tool: MCP server 'qmd' failed initial connection after 3 attempts, giving up: unhandled errors in a TaskGroup (1 sub-exception)
WARNING tools.mcp_tool: Failed to connect to MCP server 'qmd' (command=qmd): Connection closed
ERROR gateway.platforms.base: [Discord] Discord bot token already in use (PID 32775). Stop the other gateway first.
WARNING gateway.run: ✗ discord failed to connect
ERROR gateway.run: Gateway hit a non-retryable startup conflict: discord: Discord bot token already in use (PID 32775). Stop the other gateway first.
ERROR gateway.run: Gateway exiting cleanly: discord: Discord bot token already in use (PID 32775). Stop the other gateway first.
[33m⚠ Deprecated .env settings detected:[0m
  [33m⚠[0m MESSAGING_CWD=~/Smith found in .env — this is deprecated.
  [2mMove to config.yaml instead:  terminal:\n    cwd: /your/project/path[0m
  [2mThen remove the old entries from /Users/Jeff/.hermes/profiles/smith/.env[0m

WARNING tools.mcp_tool: MCP server 'qmd' initial connection failed (attempt 1/3), retrying in 1s: unhandled errors in a TaskGroup (1 sub-exception)
WARNING tools.mcp_tool: MCP server 'qmd' initial connection failed (attempt 2/3), retrying in 2s: unhandled errors in a TaskGroup (1 sub-exception)
WARNING tools.mcp_tool: MCP server 'qmd' initial connection failed (attempt 3/3), retrying in 4s: unhandled errors in a TaskGroup (1 sub-exception)
WARNING tools.mcp_tool: MCP server 'qmd' failed initial connection after 3 attempts, giving up: unhandled errors in a TaskGroup (1 sub-exception)
WARNING tools.mcp_tool: Failed to connect to MCP server 'qmd' (command=qmd): Connection closed
ERROR gateway.platforms.base: [Discord] Discord bot token already in use (PID 32775). Stop the other gateway first.
WARNING gateway.run: ✗ discord failed to connect
ERROR gateway.run: Gateway hit a non-retryable startup conflict: discord: Discord bot token already in use (PID 32775). Stop the other gateway first.
ERROR gateway.run: Gateway exiting cleanly: discord: Discord bot token already in use (PID 32775). Stop the other gateway first.
[33m⚠ Deprecated .env settings detected:[0m
  [33m⚠[0m MESSAGING_CWD=~/Smith found in .env — this is deprecated.
  [2mMove to config.yaml instead:  terminal:\n    cwd: /your/project/path[0m
  [2mThen remove the old entries from /Users/Jeff/.hermes/profiles/smith/.env[0m

WARNING tools.mcp_tool: MCP server 'qmd' initial connection failed (attempt 1/3), retrying in 1s: unhandled errors in a TaskGroup (1 sub-exception)
WARNING tools.mcp_tool: MCP server 'qmd' initial connection failed (attempt 2/3), retrying in 2s: unhandled errors in a TaskGroup (1 sub-exception)
WARNING tools.mcp_tool: MCP server 'qmd' initial connection failed (attempt 3/3), retrying in 4s: unhandled errors in a TaskGroup (1 sub-exception)
WARNING tools.mcp_tool: MCP server 'qmd' failed initial connection after 3 attempts, giving up: unhandled errors in a TaskGroup (1 sub-exception)
WARNING tools.mcp_tool: Failed to connect to MCP server 'qmd' (command=qmd): Connection closed
ERROR gateway.platforms.base: [Discord] Discord bot token already in use (PID 32775). Stop the other gateway first.
WARNING gateway.run: ✗ discord failed to connect
ERROR gateway.run: Gateway hit a non-retryable startup conflict: discord: Discord bot token already in use (PID 32775). Stop the other gateway first.
ERROR gateway.run: Gateway exiting cleanly: discord: Discord bot token already in use (PID 32775). Stop the other gateway first.
[33m⚠ Deprecated .env settings detected:[0m
  [33m⚠[0m MESSAGING_CWD=~/Smith found in .env — this is deprecated.
  [2mMove to config.yaml instead:  terminal:\n    cwd: /your/project/path[0m
  [2mThen remove the old entries from /Users/Jeff/.hermes/profiles/smith/.env[0m

WARNING tools.mcp_tool: MCP server 'qmd' initial connection failed (attempt 1/3), retrying in 1s: unhandled errors in a TaskGroup (1 sub-exception)
WARNING tools.mcp_tool: MCP server 'qmd' initial connection failed (attempt 2/3), retrying in 2s: unhandled errors in a TaskGroup (1 sub-exception)
WARNING tools.mcp_tool: MCP server 'qmd' initial connection failed (attempt 3/3), retrying in 4s: unhandled errors in a TaskGroup (1 sub-exception)
WARNING tools.mcp_tool: MCP server 'qmd' failed initial connection after 3 attempts, giving up: unhandled errors in a TaskGroup (1 sub-exception)
WARNING tools.mcp_tool: Failed to connect to MCP server 'qmd' (command=qmd): Connection closed
ERROR gateway.platforms.base: [Discord] Discord bot token already in use (PID 32775). Stop the other gateway first.
WARNING gateway.run: ✗ discord failed to connect
ERROR gateway.run: Gateway hit a non-retryable startup conflict: discord: Discord bot token already in use (PID 32775). Stop the other gateway first.
ERROR gateway.run: Gateway exiting cleanly: discord: Discord bot token already in use (PID 32775). Stop the other gateway first.
[33m⚠ Deprecated .env settings detected:[0m
  [33m⚠[0m MESSAGING_CWD=~/Smith found in .env — this is deprecated.
  [2mMove to config.yaml instead:  terminal:\n    cwd: /your/project/path[0m
  [2mThen remove the old entries from /Users/Jeff/.hermes/profiles/smith/.env[0m

WARNING tools.mcp_tool: MCP server 'qmd' initial connection failed (attempt 1/3), retrying in 1s: unhandled errors in a TaskGroup (1 sub-exception)
WARNING tools.mcp_tool: MCP server 'qmd' initial connection failed (attempt 2/3), retrying in 2s: unhandled errors in a TaskGroup (1 sub-exception)
WARNING tools.mcp_tool: MCP server 'qmd' initial connection failed (attempt 3/3), retrying in 4s: unhandled errors in a TaskGroup (1 sub-exception)
WARNING tools.mcp_tool: MCP server 'qmd' failed initial connection after 3 attempts, giving up: unhandled errors in a TaskGroup (1 sub-exception)
WARNING tools.mcp_tool: Failed to connect to MCP server 'qmd' (command=qmd): Connection closed
ERROR gateway.platforms.base: [Discord] Discord bot token already in use (PID 32775). Stop the other gateway first.
WARNING gateway.run: ✗ discord failed to connect
ERROR gateway.run: Gateway hit a non-retryable startup conflict: discord: Discord bot token already in use (PID 32775). Stop the other gateway first.
ERROR gateway.run: Gateway exiting cleanly: discord: Discord bot token already in use (PID 32775). Stop the other gateway first.
[33m⚠ Deprecated .env settings detected:[0m
  [33m⚠[0m MESSAGING_CWD=~/Smith found in .env — this is deprecated.
  [2mMove to config.yaml instead:  terminal:\n    cwd: /your/project/path[0m
  [2mThen remove the old entries from /Users/Jeff/.hermes/profiles/smith/.env[0m

WARNING tools.mcp_tool: MCP server 'qmd' initial connection failed (attempt 1/3), retrying in 1s: unhandled errors in a TaskGroup (1 sub-exception)
WARNING tools.mcp_tool: MCP server 'qmd' initial connection failed (attempt 2/3), retrying in 2s: unhandled errors in a TaskGroup (1 sub-exception)
WARNING tools.mcp_tool: MCP server 'qmd' initial connection failed (attempt 3/3), retrying in 4s: unhandled errors in a TaskGroup (1 sub-exception)
WARNING tools.mcp_tool: MCP server 'qmd' failed initial connection after 3 attempts, giving up: unhandled errors in a TaskGroup (1 sub-exception)
WARNING tools.mcp_tool: Failed to connect to MCP server 'qmd' (command=qmd): Connection closed
ERROR gateway.platforms.base: [Discord] Discord bot token already in use (PID 32775). Stop the other gateway first.
WARNING gateway.run: ✗ discord failed to connect
ERROR gateway.run: Gateway hit a non-retryable startup conflict: discord: Discord bot token already in use (PID 32775). Stop the other gateway first.
ERROR gateway.run: Gateway exiting cleanly: discord: Discord bot token already in use (PID 32775). Stop the other gateway first.
[33m⚠ Deprecated .env settings detected:[0m
  [33m⚠[0m MESSAGING_CWD=~/Smith found in .env — this is deprecated.
  [2mMove to config.yaml instead:  terminal:\n    cwd: /your/project/path[0m
  [2mThen remove the old entries from /Users/Jeff/.hermes/profiles/smith/.env[0m

WARNING tools.mcp_tool: MCP server 'qmd' initial connection failed (attempt 1/3), retrying in 1s: unhandled errors in a TaskGroup (1 sub-exception)
WARNING tools.mcp_tool: MCP server 'qmd' initial connection failed (attempt 2/3), retrying in 2s: unhandled errors in a TaskGroup (1 sub-exception)
WARNING tools.mcp_tool: MCP server 'qmd' initial connection failed (attempt 3/3), retrying in 4s: unhandled errors in a TaskGroup (1 sub-exception)
WARNING tools.mcp_tool: MCP server 'qmd' failed initial connection after 3 attempts, giving up: unhandled errors in a TaskGroup (1 sub-exception)
WARNING tools.mcp_tool: Failed to connect to MCP server 'qmd' (command=qmd): Connection closed
ERROR gateway.platforms.base: [Discord] Discord bot token already in use (PID 32775). Stop the other gateway first.
WARNING gateway.run: ✗ discord failed to connect
ERROR gateway.run: Gateway hit a non-retryable startup conflict: discord: Discord bot token already in use (PID 32775). Stop the other gateway first.
ERROR gateway.run: Gateway exiting cleanly: discord: Discord bot token already in use (PID 32775). Stop the other gateway first.
[33m⚠ Deprecated .env settings detected:[0m
  [33m⚠[0m MESSAGING_CWD=~/Smith found in .env — this is deprecated.
  [2mMove to config.yaml instead:  terminal:\n    cwd: /your/project/path[0m
  [2mThen remove the old entries from /Users/Jeff/.hermes/profiles/smith/.env[0m

WARNING tools.mcp_tool: MCP server 'qmd' initial connection failed (attempt 1/3), retrying in 1s: unhandled errors in a TaskGroup (1 sub-exception)
WARNING tools.mcp_tool: MCP server 'qmd' initial connection failed (attempt 2/3), retrying in 2s: unhandled errors in a TaskGroup (1 sub-exception)
WARNING tools.mcp_tool: MCP server 'qmd' initial connection failed (attempt 3/3), retrying in 4s: unhandled errors in a TaskGroup (1 sub-exception)
WARNING tools.mcp_tool: MCP server 'qmd' failed initial connection after 3 attempts, giving up: unhandled errors in a TaskGroup (1 sub-exception)
WARNING tools.mcp_tool: Failed to connect to MCP server 'qmd' (command=qmd): Connection closed
ERROR gateway.platforms.base: [Discord] Discord bot token already in use (PID 32775). Stop the other gateway first.
WARNING gateway.run: ✗ discord failed to connect
ERROR gateway.run: Gateway hit a non-retryable startup conflict: discord: Discord bot token already in use (PID 32775). Stop the other gateway first.
ERROR gateway.run: Gateway exiting cleanly: discord: Discord bot token already in use (PID 32775). Stop the other gateway first.
[33m⚠ Deprecated .env settings detected:[0m
  [33m⚠[0m MESSAGING_CWD=~/Smith found in .env — this is deprecated.
  [2mMove to config.yaml instead:  terminal:\n    cwd: /your/project/path[0m
  [2mThen remove the old entries from /Users/Jeff/.hermes/profiles/smith/.env[0m

WARNING tools.mcp_tool: MCP server 'qmd' initial connection failed (attempt 1/3), retrying in 1s: unhandled errors in a TaskGroup (1 sub-exception)
WARNING tools.mcp_tool: MCP server 'qmd' initial connection failed (attempt 2/3), retrying in 2s: unhandled errors in a TaskGroup (1 sub-exception)
WARNING tools.mcp_tool: MCP server 'qmd' initial connection failed (attempt 3/3), retrying in 4s: unhandled errors in a TaskGroup (1 sub-exception)
WARNING tools.mcp_tool: MCP server 'qmd' failed initial connection after 3 attempts, giving up: unhandled errors in a TaskGroup (1 sub-exception)
WARNING tools.mcp_tool: Failed to connect to MCP server 'qmd' (command=qmd): Connection closed
ERROR gateway.platforms.base: [Discord] Discord bot token already in use (PID 32775). Stop the other gateway first.
WARNING gateway.run: ✗ discord failed to connect
ERROR gateway.run: Gateway hit a non-retryable startup conflict: discord: Discord bot token already in use (PID 32775). Stop the other gateway first.
ERROR gateway.run: Gateway exiting cleanly: discord: Discord bot token already in use (PID 32775). Stop the other gateway first.
[33m⚠ Deprecated .env settings detected:[0m
  [33m⚠[0m MESSAGING_CWD=~/Smith found in .env — this is deprecated.
  [2mMove to config.yaml instead:  terminal:\n    cwd: /your/project/path[0m
  [2mThen remove the old entries from /Users/Jeff/.hermes/profiles/smith/.env[0m

WARNING tools.mcp_tool: MCP server 'qmd' initial connection failed (attempt 1/3), retrying in 1s: unhandled errors in a TaskGroup (1 sub-exception)
WARNING tools.mcp_tool: MCP server 'qmd' initial connection failed (attempt 2/3), retrying in 2s: unhandled errors in a TaskGroup (1 sub-exception)
WARNING tools.mcp_tool: MCP server 'qmd' initial connection failed (attempt 3/3), retrying in 4s: unhandled errors in a TaskGroup (1 sub-exception)
WARNING tools.mcp_tool: MCP server 'qmd' failed initial connection after 3 attempts, giving up: unhandled errors in a TaskGroup (1 sub-exception)
WARNING tools.mcp_tool: Failed to connect to MCP server 'qmd' (command=qmd): Connection closed
ERROR gateway.platforms.base: [Discord] Discord bot token already in use (PID 32775). Stop the other gateway first.
WARNING gateway.run: ✗ discord failed to connect
ERROR gateway.run: Gateway hit a non-retryable startup conflict: discord: Discord bot token already in use (PID 32775). Stop the other gateway first.
ERROR gateway.run: Gateway exiting cleanly: discord: Discord bot token already in use (PID 32775). Stop the other gateway first.
[33m⚠ Deprecated .env settings detected:[0m
  [33m⚠[0m MESSAGING_CWD=~/Smith found in .env — this is deprecated.
  [2mMove to config.yaml instead:  terminal:\n    cwd: /your/project/path[0m
  [2mThen remove the old entries from /Users/Jeff/.hermes/profiles/smith/.env[0m

WARNING tools.mcp_tool: MCP server 'qmd' initial connection failed (attempt 1/3), retrying in 1s: unhandled errors in a TaskGroup (1 sub-exception)
WARNING tools.mcp_tool: MCP server 'qmd' initial connection failed (attempt 2/3), retrying in 2s: unhandled errors in a TaskGroup (1 sub-exception)
WARNING tools.mcp_tool: MCP server 'qmd' initial connection failed (attempt 3/3), retrying in 4s: unhandled errors in a TaskGroup (1 sub-exception)
WARNING tools.mcp_tool: MCP server 'qmd' failed initial connection after 3 attempts, giving up: unhandled errors in a TaskGroup (1 sub-exception)
WARNING tools.mcp_tool: Failed to connect to MCP server 'qmd' (command=qmd): Connection closed
ERROR gateway.platforms.base: [Discord] Discord bot token already in use (PID 32775). Stop the other gateway first.
WARNING gateway.run: ✗ discord failed to connect
ERROR gateway.run: Gateway hit a non-retryable startup conflict: discord: Discord bot token already in use (PID 32775). Stop the other gateway first.
ERROR gateway.run: Gateway exiting cleanly: discord: Discord bot token already in use (PID 32775). Stop the other gateway first.
[33m⚠ Deprecated .env settings detected:[0m
  [33m⚠[0m MESSAGING_CWD=~/Smith found in .env — this is deprecated.
  [2mMove to config.yaml instead:  terminal:\n    cwd: /your/project/path[0m
  [2mThen remove the old entries from /Users/Jeff/.hermes/profiles/smith/.env[0m

WARNING tools.mcp_tool: MCP server 'qmd' initial connection failed (attempt 1/3), retrying in 1s: unhandled errors in a TaskGroup (1 sub-exception)
WARNING tools.mcp_tool: MCP server 'qmd' initial connection failed (attempt 2/3), retrying in 2s: unhandled errors in a TaskGroup (1 sub-exception)
WARNING tools.mcp_tool: MCP server 'qmd' initial connection failed (attempt 3/3), retrying in 4s: unhandled errors in a TaskGroup (1 sub-exception)
WARNING tools.mcp_tool: MCP server 'qmd' failed initial connection after 3 attempts, giving up: unhandled errors in a TaskGroup (1 sub-exception)
WARNING tools.mcp_tool: Failed to connect to MCP server 'qmd' (command=qmd): Connection closed
ERROR gateway.platforms.base: [Discord] Discord bot token already in use (PID 32775). Stop the other gateway first.
WARNING gateway.run: ✗ discord failed to connect
ERROR gateway.run: Gateway hit a non-retryable startup conflict: discord: Discord bot token already in use (PID 32775). Stop the other gateway first.
ERROR gateway.run: Gateway exiting cleanly: discord: Discord bot token already in use (PID 32775). Stop the other gateway first.
[33m⚠ Deprecated .env settings detected:[0m
  [33m⚠[0m MESSAGING_CWD=~/Smith found in .env — this is deprecated.
  [2mMove to config.yaml instead:  terminal:\n    cwd: /your/project/path[0m
  [2mThen remove the old entries from /Users/Jeff/.hermes/profiles/smith/.env[0m

WARNING tools.mcp_tool: MCP server 'qmd' initial connection failed (attempt 1/3), retrying in 1s: unhandled errors in a TaskGroup (1 sub-exception)
WARNING tools.mcp_tool: MCP server 'qmd' initial connection failed (attempt 2/3), retrying in 2s: unhandled errors in a TaskGroup (1 sub-exception)
WARNING tools.mcp_tool: MCP server 'qmd' initial connection failed (attempt 3/3), retrying in 4s: unhandled errors in a TaskGroup (1 sub-exception)
WARNING tools.mcp_tool: MCP server 'qmd' failed initial connection after 3 attempts, giving up: unhandled errors in a TaskGroup (1 sub-exception)
WARNING tools.mcp_tool: Failed to connect to MCP server 'qmd' (command=qmd): Connection closed
ERROR gateway.platforms.base: [Discord] Discord bot token already in use (PID 32775). Stop the other gateway first.
WARNING gateway.run: ✗ discord failed to connect
ERROR gateway.run: Gateway hit a non-retryable startup conflict: discord: Discord bot token already in use (PID 32775). Stop the other gateway first.
ERROR gateway.run: Gateway exiting cleanly: discord: Discord bot token already in use (PID 32775). Stop the other gateway first.
[33m⚠ Deprecated .env settings detected:[0m
  [33m⚠[0m MESSAGING_CWD=~/Smith found in .env — this is deprecated.
  [2mMove to config.yaml instead:  terminal:\n    cwd: /your/project/path[0m
  [2mThen remove the old entries from /Users/Jeff/.hermes/profiles/smith/.env[0m

WARNING tools.mcp_tool: MCP server 'qmd' initial connection failed (attempt 1/3), retrying in 1s: unhandled errors in a TaskGroup (1 sub-exception)
WARNING tools.mcp_tool: MCP server 'qmd' initial connection failed (attempt 2/3), retrying in 2s: unhandled errors in a TaskGroup (1 sub-exception)
WARNING tools.mcp_tool: MCP server 'qmd' initial connection failed (attempt 3/3), retrying in 4s: unhandled errors in a TaskGroup (1 sub-exception)
WARNING tools.mcp_tool: MCP server 'qmd' failed initial connection after 3 attempts, giving up: unhandled errors in a TaskGroup (1 sub-exception)
WARNING tools.mcp_tool: Failed to connect to MCP server 'qmd' (command=qmd): Connection closed
ERROR gateway.platforms.base: [Discord] Discord bot token already in use (PID 32775). Stop the other gateway first.
WARNING gateway.run: ✗ discord failed to connect
ERROR gateway.run: Gateway hit a non-retryable startup conflict: discord: Discord bot token already in use (PID 32775). Stop the other gateway first.
ERROR gateway.run: Gateway exiting cleanly: discord: Discord bot token already in use (PID 32775). Stop the other gateway first.
[33m⚠ Deprecated .env settings detected:[0m
  [33m⚠[0m MESSAGING_CWD=~/Smith found in .env — this is deprecated.
  [2mMove to config.yaml instead:  terminal:\n    cwd: /your/project/path[0m
  [2mThen remove the old entries from /Users/Jeff/.hermes/profiles/smith/.env[0m

WARNING tools.mcp_tool: MCP server 'qmd' initial connection failed (attempt 1/3), retrying in 1s: unhandled errors in a TaskGroup (1 sub-exception)
WARNING tools.mcp_tool: MCP server 'qmd' initial connection failed (attempt 2/3), retrying in 2s: unhandled errors in a TaskGroup (1 sub-exception)
WARNING tools.mcp_tool: MCP server 'qmd' initial connection failed (attempt 3/3), retrying in 4s: unhandled errors in a TaskGroup (1 sub-exception)
WARNING tools.mcp_tool: MCP server 'qmd' failed initial connection after 3 attempts, giving up: unhandled errors in a TaskGroup (1 sub-exception)
WARNING tools.mcp_tool: Failed to connect to MCP server 'qmd' (command=qmd): Connection closed
ERROR gateway.platforms.base: [Discord] Discord bot token already in use (PID 32775). Stop the other gateway first.
WARNING gateway.run: ✗ discord failed to connect
ERROR gateway.run: Gateway hit a non-retryable startup conflict: discord: Discord bot token already in use (PID 32775). Stop the other gateway first.
ERROR gateway.run: Gateway exiting cleanly: discord: Discord bot token already in use (PID 32775). Stop the other gateway first.
[33m⚠ Deprecated .env settings detected:[0m
  [33m⚠[0m MESSAGING_CWD=~/Smith found in .env — this is deprecated.
  [2mMove to config.yaml instead:  terminal:\n    cwd: /your/project/path[0m
  [2mThen remove the old entries from /Users/Jeff/.hermes/profiles/smith/.env[0m

WARNING tools.mcp_tool: MCP server 'qmd' initial connection failed (attempt 1/3), retrying in 1s: unhandled errors in a TaskGroup (1 sub-exception)
WARNING tools.mcp_tool: MCP server 'qmd' initial connection failed (attempt 2/3), retrying in 2s: unhandled errors in a TaskGroup (1 sub-exception)
WARNING tools.mcp_tool: MCP server 'qmd' initial connection failed (attempt 3/3), retrying in 4s: unhandled errors in a TaskGroup (1 sub-exception)
WARNING tools.mcp_tool: MCP server 'qmd' failed initial connection after 3 attempts, giving up: unhandled errors in a TaskGroup (1 sub-exception)
WARNING tools.mcp_tool: Failed to connect to MCP server 'qmd' (command=qmd): Connection closed
ERROR gateway.platforms.base: [Discord] Discord bot token already in use (PID 32775). Stop the other gateway first.
WARNING gateway.run: ✗ discord failed to connect
ERROR gateway.run: Gateway hit a non-retryable startup conflict: discord: Discord bot token already in use (PID 32775). Stop the other gateway first.
ERROR gateway.run: Gateway exiting cleanly: discord: Discord bot token already in use (PID 32775). Stop the other gateway first.
[33m⚠ Deprecated .env settings detected:[0m
  [33m⚠[0m MESSAGING_CWD=~/Smith found in .env — this is deprecated.
  [2mMove to config.yaml instead:  terminal:\n    cwd: /your/project/path[0m
  [2mThen remove the old entries from /Users/Jeff/.hermes/profiles/smith/.env[0m

WARNING tools.mcp_tool: MCP server 'qmd' initial connection failed (attempt 1/3), retrying in 1s: unhandled errors in a TaskGroup (1 sub-exception)
WARNING tools.mcp_tool: MCP server 'qmd' initial connection failed (attempt 2/3), retrying in 2s: unhandled errors in a TaskGroup (1 sub-exception)
WARNING tools.mcp_tool: MCP server 'qmd' initial connection failed (attempt 3/3), retrying in 4s: unhandled errors in a TaskGroup (1 sub-exception)
WARNING tools.mcp_tool: MCP server 'qmd' failed initial connection after 3 attempts, giving up: unhandled errors in a TaskGroup (1 sub-exception)
WARNING tools.mcp_tool: Failed to connect to MCP server 'qmd' (command=qmd): Connection closed
ERROR gateway.platforms.base: [Discord] Discord bot token already in use (PID 32775). Stop the other gateway first.
WARNING gateway.run: ✗ discord failed to connect
ERROR gateway.run: Gateway hit a non-retryable startup conflict: discord: Discord bot token already in use (PID 32775). Stop the other gateway first.
ERROR gateway.run: Gateway exiting cleanly: discord: Discord bot token already in use (PID 32775). Stop the other gateway first.
[33m⚠ Deprecated .env settings detected:[0m
  [33m⚠[0m MESSAGING_CWD=~/Smith found in .env — this is deprecated.
  [2mMove to config.yaml instead:  terminal:\n    cwd: /your/project/path[0m
  [2mThen remove the old entries from /Users/Jeff/.hermes/profiles/smith/.env[0m

WARNING tools.mcp_tool: MCP server 'qmd' initial connection failed (attempt 1/3), retrying in 1s: unhandled errors in a TaskGroup (1 sub-exception)
WARNING tools.mcp_tool: MCP server 'qmd' initial connection failed (attempt 2/3), retrying in 2s: unhandled errors in a TaskGroup (1 sub-exception)
WARNING tools.mcp_tool: MCP server 'qmd' initial connection failed (attempt 3/3), retrying in 4s: unhandled errors in a TaskGroup (1 sub-exception)
WARNING tools.mcp_tool: MCP server 'qmd' failed initial connection after 3 attempts, giving up: unhandled errors in a TaskGroup (1 sub-exception)
WARNING tools.mcp_tool: Failed to connect to MCP server 'qmd' (command=qmd): Connection closed
ERROR gateway.platforms.base: [Discord] Discord bot token already in use (PID 32775). Stop the other gateway first.
WARNING gateway.run: ✗ discord failed to connect
ERROR gateway.run: Gateway hit a non-retryable startup conflict: discord: Discord bot token already in use (PID 32775). Stop the other gateway first.
ERROR gateway.run: Gateway exiting cleanly: discord: Discord bot token already in use (PID 32775). Stop the other gateway first.
[33m⚠ Deprecated .env settings detected:[0m
  [33m⚠[0m MESSAGING_CWD=~/Smith found in .env — this is deprecated.
  [2mMove to config.yaml instead:  terminal:\n    cwd: /your/project/path[0m
  [2mThen remove the old entries from /Users/Jeff/.hermes/profiles/smith/.env[0m

WARNING tools.mcp_tool: MCP server 'qmd' initial connection failed (attempt 1/3), retrying in 1s: unhandled errors in a TaskGroup (1 sub-exception)
WARNING tools.mcp_tool: MCP server 'qmd' initial connection failed (attempt 2/3), retrying in 2s: unhandled errors in a TaskGroup (1 sub-exception)
WARNING tools.mcp_tool: MCP server 'qmd' initial connection failed (attempt 3/3), retrying in 4s: unhandled errors in a TaskGroup (1 sub-exception)
WARNING tools.mcp_tool: MCP server 'qmd' failed initial connection after 3 attempts, giving up: unhandled errors in a TaskGroup (1 sub-exception)
WARNING tools.mcp_tool: Failed to connect to MCP server 'qmd' (command=qmd): Connection closed
ERROR gateway.platforms.base: [Discord] Discord bot token already in use (PID 32775). Stop the other gateway first.
WARNING gateway.run: ✗ discord failed to connect
ERROR gateway.run: Gateway hit a non-retryable startup conflict: discord: Discord bot token already in use (PID 32775). Stop the other gateway first.
ERROR gateway.run: Gateway exiting cleanly: discord: Discord bot token already in use (PID 32775). Stop the other gateway first.
[33m⚠ Deprecated .env settings detected:[0m
  [33m⚠[0m MESSAGING_CWD=~/Smith found in .env — this is deprecated.
  [2mMove to config.yaml instead:  terminal:\n    cwd: /your/project/path[0m
  [2mThen remove the old entries from /Users/Jeff/.hermes/profiles/smith/.env[0m

WARNING tools.mcp_tool: MCP server 'qmd' initial connection failed (attempt 1/3), retrying in 1s: unhandled errors in a TaskGroup (1 sub-exception)
WARNING tools.mcp_tool: MCP server 'qmd' initial connection failed (attempt 2/3), retrying in 2s: unhandled errors in a TaskGroup (1 sub-exception)
WARNING tools.mcp_tool: MCP server 'qmd' initial connection failed (attempt 3/3), retrying in 4s: unhandled errors in a TaskGroup (1 sub-exception)
WARNING tools.mcp_tool: MCP server 'qmd' failed initial connection after 3 attempts, giving up: unhandled errors in a TaskGroup (1 sub-exception)
WARNING tools.mcp_tool: Failed to connect to MCP server 'qmd' (command=qmd): Connection closed
ERROR gateway.platforms.base: [Discord] Discord bot token already in use (PID 32775). Stop the other gateway first.
WARNING gateway.run: ✗ discord failed to connect
ERROR gateway.run: Gateway hit a non-retryable startup conflict: discord: Discord bot token already in use (PID 32775). Stop the other gateway first.
ERROR gateway.run: Gateway exiting cleanly: discord: Discord bot token already in use (PID 32775). Stop the other gateway first.
[33m⚠ Deprecated .env settings detected:[0m
  [33m⚠[0m MESSAGING_CWD=~/Smith found in .env — this is deprecated.
  [2mMove to config.yaml instead:  terminal:\n    cwd: /your/project/path[0m
  [2mThen remove the old entries from /Users/Jeff/.hermes/profiles/smith/.env[0m

WARNING tools.mcp_tool: MCP server 'qmd' initial connection failed (attempt 1/3), retrying in 1s: unhandled errors in a TaskGroup (1 sub-exception)
WARNING tools.mcp_tool: MCP server 'qmd' initial connection failed (attempt 2/3), retrying in 2s: unhandled errors in a TaskGroup (1 sub-exception)
WARNING tools.mcp_tool: MCP server 'qmd' initial connection failed (attempt 3/3), retrying in 4s: unhandled errors in a TaskGroup (1 sub-exception)
WARNING tools.mcp_tool: MCP server 'qmd' failed initial connection after 3 attempts, giving up: unhandled errors in a TaskGroup (1 sub-exception)
WARNING tools.mcp_tool: Failed to connect to MCP server 'qmd' (command=qmd): Connection closed
ERROR gateway.platforms.base: [Discord] Discord bot token already in use (PID 32775). Stop the other gateway first.
WARNING gateway.run: ✗ discord failed to connect
ERROR gateway.run: Gateway hit a non-retryable startup conflict: discord: Discord bot token already in use (PID 32775). Stop the other gateway first.
ERROR gateway.run: Gateway exiting cleanly: discord: Discord bot token already in use (PID 32775). Stop the other gateway first.
[33m⚠ Deprecated .env settings detected:[0m
  [33m⚠[0m MESSAGING_CWD=~/Smith found in .env — this is deprecated.
  [2mMove to config.yaml instead:  terminal:\n    cwd: /your/project/path[0m
  [2mThen remove the old entries from /Users/Jeff/.hermes/profiles/smith/.env[0m

WARNING tools.mcp_tool: MCP server 'qmd' initial connection failed (attempt 1/3), retrying in 1s: unhandled errors in a TaskGroup (1 sub-exception)
WARNING tools.mcp_tool: MCP server 'qmd' initial connection failed (attempt 2/3), retrying in 2s: unhandled errors in a TaskGroup (1 sub-exception)
WARNING tools.mcp_tool: MCP server 'qmd' initial connection failed (attempt 3/3), retrying in 4s: unhandled errors in a TaskGroup (1 sub-exception)
WARNING tools.mcp_tool: MCP server 'qmd' failed initial connection after 3 attempts, giving up: unhandled errors in a TaskGroup (1 sub-exception)
WARNING tools.mcp_tool: Failed to connect to MCP server 'qmd' (command=qmd): Connection closed
ERROR gateway.platforms.base: [Discord] Discord bot token already in use (PID 32775). Stop the other gateway first.
WARNING gateway.run: ✗ discord failed to connect
ERROR gateway.run: Gateway hit a non-retryable startup conflict: discord: Discord bot token already in use (PID 32775). Stop the other gateway first.
ERROR gateway.run: Gateway exiting cleanly: discord: Discord bot token already in use (PID 32775). Stop the other gateway first.
[33m⚠ Deprecated .env settings detected:[0m
  [33m⚠[0m MESSAGING_CWD=~/Smith found in .env — this is deprecated.
  [2mMove to config.yaml instead:  terminal:\n    cwd: /your/project/path[0m
  [2mThen remove the old entries from /Users/Jeff/.hermes/profiles/smith/.env[0m

WARNING tools.mcp_tool: MCP server 'qmd' initial connection failed (attempt 1/3), retrying in 1s: unhandled errors in a TaskGroup (1 sub-exception)
WARNING tools.mcp_tool: MCP server 'qmd' initial connection failed (attempt 2/3), retrying in 2s: unhandled errors in a TaskGroup (1 sub-exception)
WARNING tools.mcp_tool: MCP server 'qmd' initial connection failed (attempt 3/3), retrying in 4s: unhandled errors in a TaskGroup (1 sub-exception)
WARNING tools.mcp_tool: MCP server 'qmd' failed initial connection after 3 attempts, giving up: unhandled errors in a TaskGroup (1 sub-exception)
WARNING tools.mcp_tool: Failed to connect to MCP server 'qmd' (command=qmd): Connection closed
ERROR gateway.platforms.base: [Discord] Discord bot token already in use (PID 32775). Stop the other gateway first.
WARNING gateway.run: ✗ discord failed to connect
ERROR gateway.run: Gateway hit a non-retryable startup conflict: discord: Discord bot token already in use (PID 32775). Stop the other gateway first.
ERROR gateway.run: Gateway exiting cleanly: discord: Discord bot token already in use (PID 32775). Stop the other gateway first.
[33m⚠ Deprecated .env settings detected:[0m
  [33m⚠[0m MESSAGING_CWD=~/Smith found in .env — this is deprecated.
  [2mMove to config.yaml instead:  terminal:\n    cwd: /your/project/path[0m
  [2mThen remove the old entries from /Users/Jeff/.hermes/profiles/smith/.env[0m

WARNING tools.mcp_tool: MCP server 'qmd' initial connection failed (attempt 1/3), retrying in 1s: unhandled errors in a TaskGroup (1 sub-exception)
WARNING tools.mcp_tool: MCP server 'qmd' initial connection failed (attempt 2/3), retrying in 2s: unhandled errors in a TaskGroup (1 sub-exception)
WARNING tools.mcp_tool: MCP server 'qmd' initial connection failed (attempt 3/3), retrying in 4s: unhandled errors in a TaskGroup (1 sub-exception)
WARNING tools.mcp_tool: MCP server 'qmd' failed initial connection after 3 attempts, giving up: unhandled errors in a TaskGroup (1 sub-exception)
WARNING tools.mcp_tool: Failed to connect to MCP server 'qmd' (command=qmd): Connection closed
ERROR gateway.platforms.base: [Discord] Discord bot token already in use (PID 32775). Stop the other gateway first.
WARNING gateway.run: ✗ discord failed to connect
ERROR gateway.run: Gateway hit a non-retryable startup conflict: discord: Discord bot token already in use (PID 32775). Stop the other gateway first.
ERROR gateway.run: Gateway exiting cleanly: discord: Discord bot token already in use (PID 32775). Stop the other gateway first.
[33m⚠ Deprecated .env settings detected:[0m
  [33m⚠[0m MESSAGING_CWD=~/Smith found in .env — this is deprecated.
  [2mMove to config.yaml instead:  terminal:\n    cwd: /your/project/path[0m
  [2mThen remove the old entries from /Users/Jeff/.hermes/profiles/smith/.env[0m

WARNING tools.mcp_tool: MCP server 'qmd' initial connection failed (attempt 1/3), retrying in 1s: unhandled errors in a TaskGroup (1 sub-exception)
WARNING tools.mcp_tool: MCP server 'qmd' initial connection failed (attempt 2/3), retrying in 2s: unhandled errors in a TaskGroup (1 sub-exception)
WARNING tools.mcp_tool: MCP server 'qmd' initial connection failed (attempt 3/3), retrying in 4s: unhandled errors in a TaskGroup (1 sub-exception)
WARNING tools.mcp_tool: MCP server 'qmd' failed initial connection after 3 attempts, giving up: unhandled errors in a TaskGroup (1 sub-exception)
WARNING tools.mcp_tool: Failed to connect to MCP server 'qmd' (command=qmd): Connection closed
ERROR gateway.platforms.base: [Discord] Discord bot token already in use (PID 32775). Stop the other gateway first.
WARNING gateway.run: ✗ discord failed to connect
ERROR gateway.run: Gateway hit a non-retryable startup conflict: discord: Discord bot token already in use (PID 32775). Stop the other gateway first.
ERROR gateway.run: Gateway exiting cleanly: discord: Discord bot token already in use (PID 32775). Stop the other gateway first.
[33m⚠ Deprecated .env settings detected:[0m
  [33m⚠[0m MESSAGING_CWD=~/Smith found in .env — this is deprecated.
  [2mMove to config.yaml instead:  terminal:\n    cwd: /your/project/path[0m
  [2mThen remove the old entries from /Users/Jeff/.hermes/profiles/smith/.env[0m

WARNING tools.mcp_tool: MCP server 'qmd' initial connection failed (attempt 1/3), retrying in 1s: unhandled errors in a TaskGroup (1 sub-exception)
WARNING tools.mcp_tool: MCP server 'qmd' initial connection failed (attempt 2/3), retrying in 2s: unhandled errors in a TaskGroup (1 sub-exception)
WARNING tools.mcp_tool: MCP server 'qmd' initial connection failed (attempt 3/3), retrying in 4s: unhandled errors in a TaskGroup (1 sub-exception)
WARNING tools.mcp_tool: MCP server 'qmd' failed initial connection after 3 attempts, giving up: unhandled errors in a TaskGroup (1 sub-exception)
WARNING tools.mcp_tool: Failed to connect to MCP server 'qmd' (command=qmd): Connection closed
ERROR gateway.platforms.base: [Discord] Discord bot token already in use (PID 32775). Stop the other gateway first.
WARNING gateway.run: ✗ discord failed to connect
ERROR gateway.run: Gateway hit a non-retryable startup conflict: discord: Discord bot token already in use (PID 32775). Stop the other gateway first.
ERROR gateway.run: Gateway exiting cleanly: discord: Discord bot token already in use (PID 32775). Stop the other gateway first.
[33m⚠ Deprecated .env settings detected:[0m
  [33m⚠[0m MESSAGING_CWD=~/Smith found in .env — this is deprecated.
  [2mMove to config.yaml instead:  terminal:\n    cwd: /your/project/path[0m
  [2mThen remove the old entries from /Users/Jeff/.hermes/profiles/smith/.env[0m

WARNING tools.mcp_tool: MCP server 'qmd' initial connection failed (attempt 1/3), retrying in 1s: unhandled errors in a TaskGroup (1 sub-exception)
WARNING tools.mcp_tool: MCP server 'qmd' initial connection failed (attempt 2/3), retrying in 2s: unhandled errors in a TaskGroup (1 sub-exception)
WARNING tools.mcp_tool: MCP server 'qmd' initial connection failed (attempt 3/3), retrying in 4s: unhandled errors in a TaskGroup (1 sub-exception)
WARNING tools.mcp_tool: MCP server 'qmd' failed initial connection after 3 attempts, giving up: unhandled errors in a TaskGroup (1 sub-exception)
WARNING tools.mcp_tool: Failed to connect to MCP server 'qmd' (command=qmd): Connection closed
ERROR gateway.platforms.base: [Discord] Discord bot token already in use (PID 32775). Stop the other gateway first.
WARNING gateway.run: ✗ discord failed to connect
ERROR gateway.run: Gateway hit a non-retryable startup conflict: discord: Discord bot token already in use (PID 32775). Stop the other gateway first.
ERROR gateway.run: Gateway exiting cleanly: discord: Discord bot token already in use (PID 32775). Stop the other gateway first.
[33m⚠ Deprecated .env settings detected:[0m
  [33m⚠[0m MESSAGING_CWD=~/Smith found in .env — this is deprecated.
  [2mMove to config.yaml instead:  terminal:\n    cwd: /your/project/path[0m
  [2mThen remove the old entries from /Users/Jeff/.hermes/profiles/smith/.env[0m

WARNING tools.mcp_tool: MCP server 'qmd' initial connection failed (attempt 1/3), retrying in 1s: unhandled errors in a TaskGroup (1 sub-exception)
WARNING tools.mcp_tool: MCP server 'qmd' initial connection failed (attempt 2/3), retrying in 2s: unhandled errors in a TaskGroup (1 sub-exception)
WARNING tools.mcp_tool: MCP server 'qmd' initial connection failed (attempt 3/3), retrying in 4s: unhandled errors in a TaskGroup (1 sub-exception)
WARNING tools.mcp_tool: MCP server 'qmd' failed initial connection after 3 attempts, giving up: unhandled errors in a TaskGroup (1 sub-exception)
WARNING tools.mcp_tool: Failed to connect to MCP server 'qmd' (command=qmd): Connection closed
ERROR gateway.platforms.base: [Discord] Discord bot token already in use (PID 32775). Stop the other gateway first.
WARNING gateway.run: ✗ discord failed to connect
ERROR gateway.run: Gateway hit a non-retryable startup conflict: discord: Discord bot token already in use (PID 32775). Stop the other gateway first.
ERROR gateway.run: Gateway exiting cleanly: discord: Discord bot token already in use (PID 32775). Stop the other gateway first.
[33m⚠ Deprecated .env settings detected:[0m
  [33m⚠[0m MESSAGING_CWD=~/Smith found in .env — this is deprecated.
  [2mMove to config.yaml instead:  terminal:\n    cwd: /your/project/path[0m
  [2mThen remove the old entries from /Users/Jeff/.hermes/profiles/smith/.env[0m

WARNING tools.mcp_tool: MCP server 'qmd' initial connection failed (attempt 1/3), retrying in 1s: unhandled errors in a TaskGroup (1 sub-exception)
WARNING tools.mcp_tool: MCP server 'qmd' initial connection failed (attempt 2/3), retrying in 2s: unhandled errors in a TaskGroup (1 sub-exception)
WARNING tools.mcp_tool: MCP server 'qmd' initial connection failed (attempt 3/3), retrying in 4s: unhandled errors in a TaskGroup (1 sub-exception)
WARNING tools.mcp_tool: MCP server 'qmd' failed initial connection after 3 attempts, giving up: unhandled errors in a TaskGroup (1 sub-exception)
WARNING tools.mcp_tool: Failed to connect to MCP server 'qmd' (command=qmd): Connection closed
ERROR gateway.platforms.base: [Discord] Discord bot token already in use (PID 32775). Stop the other gateway first.
WARNING gateway.run: ✗ discord failed to connect
ERROR gateway.run: Gateway hit a non-retryable startup conflict: discord: Discord bot token already in use (PID 32775). Stop the other gateway first.
ERROR gateway.run: Gateway exiting cleanly: discord: Discord bot token already in use (PID 32775). Stop the other gateway first.
[33m⚠ Deprecated .env settings detected:[0m
  [33m⚠[0m MESSAGING_CWD=~/Smith found in .env — this is deprecated.
  [2mMove to config.yaml instead:  terminal:\n    cwd: /your/project/path[0m
  [2mThen remove the old entries from /Users/Jeff/.hermes/profiles/smith/.env[0m

WARNING tools.mcp_tool: MCP server 'qmd' initial connection failed (attempt 1/3), retrying in 1s: unhandled errors in a TaskGroup (1 sub-exception)
WARNING tools.mcp_tool: MCP server 'qmd' initial connection failed (attempt 2/3), retrying in 2s: unhandled errors in a TaskGroup (1 sub-exception)
WARNING tools.mcp_tool: MCP server 'qmd' initial connection failed (attempt 3/3), retrying in 4s: unhandled errors in a TaskGroup (1 sub-exception)
WARNING tools.mcp_tool: MCP server 'qmd' failed initial connection after 3 attempts, giving up: unhandled errors in a TaskGroup (1 sub-exception)
WARNING tools.mcp_tool: Failed to connect to MCP server 'qmd' (command=qmd): Connection closed
ERROR gateway.platforms.base: [Discord] Discord bot token already in use (PID 32775). Stop the other gateway first.
WARNING gateway.run: ✗ discord failed to connect
ERROR gateway.run: Gateway hit a non-retryable startup conflict: discord: Discord bot token already in use (PID 32775). Stop the other gateway first.
ERROR gateway.run: Gateway exiting cleanly: discord: Discord bot token already in use (PID 32775). Stop the other gateway first.
[33m⚠ Deprecated .env settings detected:[0m
  [33m⚠[0m MESSAGING_CWD=~/Smith found in .env — this is deprecated.
  [2mMove to config.yaml instead:  terminal:\n    cwd: /your/project/path[0m
  [2mThen remove the old entries from /Users/Jeff/.hermes/profiles/smith/.env[0m

WARNING tools.mcp_tool: MCP server 'qmd' initial connection failed (attempt 1/3), retrying in 1s: unhandled errors in a TaskGroup (1 sub-exception)
WARNING tools.mcp_tool: MCP server 'qmd' initial connection failed (attempt 2/3), retrying in 2s: unhandled errors in a TaskGroup (1 sub-exception)
WARNING tools.mcp_tool: MCP server 'qmd' initial connection failed (attempt 3/3), retrying in 4s: unhandled errors in a TaskGroup (1 sub-exception)
WARNING tools.mcp_tool: MCP server 'qmd' failed initial connection after 3 attempts, giving up: unhandled errors in a TaskGroup (1 sub-exception)
WARNING tools.mcp_tool: Failed to connect to MCP server 'qmd' (command=qmd): Connection closed
ERROR gateway.platforms.base: [Discord] Discord bot token already in use (PID 32775). Stop the other gateway first.
WARNING gateway.run: ✗ discord failed to connect
ERROR gateway.run: Gateway hit a non-retryable startup conflict: discord: Discord bot token already in use (PID 32775). Stop the other gateway first.
ERROR gateway.run: Gateway exiting cleanly: discord: Discord bot token already in use (PID 32775). Stop the other gateway first.
[33m⚠ Deprecated .env settings detected:[0m
  [33m⚠[0m MESSAGING_CWD=~/Smith found in .env — this is deprecated.
  [2mMove to config.yaml instead:  terminal:\n    cwd: /your/project/path[0m
  [2mThen remove the old entries from /Users/Jeff/.hermes/profiles/smith/.env[0m

WARNING tools.mcp_tool: MCP server 'qmd' initial connection failed (attempt 1/3), retrying in 1s: unhandled errors in a TaskGroup (1 sub-exception)
WARNING tools.mcp_tool: MCP server 'qmd' initial connection failed (attempt 2/3), retrying in 2s: unhandled errors in a TaskGroup (1 sub-exception)
WARNING tools.mcp_tool: MCP server 'qmd' initial connection failed (attempt 3/3), retrying in 4s: unhandled errors in a TaskGroup (1 sub-exception)
WARNING tools.mcp_tool: MCP server 'qmd' failed initial connection after 3 attempts, giving up: unhandled errors in a TaskGroup (1 sub-exception)
WARNING tools.mcp_tool: Failed to connect to MCP server 'qmd' (command=qmd): Connection closed
ERROR gateway.platforms.base: [Discord] Discord bot token already in use (PID 32775). Stop the other gateway first.
WARNING gateway.run: ✗ discord failed to connect
ERROR gateway.run: Gateway hit a non-retryable startup conflict: discord: Discord bot token already in use (PID 32775). Stop the other gateway first.
ERROR gateway.run: Gateway exiting cleanly: discord: Discord bot token already in use (PID 32775). Stop the other gateway first.
[33m⚠ Deprecated .env settings detected:[0m
  [33m⚠[0m MESSAGING_CWD=~/Smith found in .env — this is deprecated.
  [2mMove to config.yaml instead:  terminal:\n    cwd: /your/project/path[0m
  [2mThen remove the old entries from /Users/Jeff/.hermes/profiles/smith/.env[0m

WARNING tools.mcp_tool: MCP server 'qmd' initial connection failed (attempt 1/3), retrying in 1s: unhandled errors in a TaskGroup (1 sub-exception)
WARNING tools.mcp_tool: MCP server 'qmd' initial connection failed (attempt 2/3), retrying in 2s: unhandled errors in a TaskGroup (1 sub-exception)
WARNING tools.mcp_tool: MCP server 'qmd' initial connection failed (attempt 3/3), retrying in 4s: unhandled errors in a TaskGroup (1 sub-exception)
WARNING tools.mcp_tool: MCP server 'qmd' failed initial connection after 3 attempts, giving up: unhandled errors in a TaskGroup (1 sub-exception)
WARNING tools.mcp_tool: Failed to connect to MCP server 'qmd' (command=qmd): Connection closed
ERROR gateway.platforms.base: [Discord] Discord bot token already in use (PID 32775). Stop the other gateway first.
WARNING gateway.run: ✗ discord failed to connect
ERROR gateway.run: Gateway hit a non-retryable startup conflict: discord: Discord bot token already in use (PID 32775). Stop the other gateway first.
ERROR gateway.run: Gateway exiting cleanly: discord: Discord bot token already in use (PID 32775). Stop the other gateway first.
[33m⚠ Deprecated .env settings detected:[0m
  [33m⚠[0m MESSAGING_CWD=~/Smith found in .env — this is deprecated.
  [2mMove to config.yaml instead:  terminal:\n    cwd: /your/project/path[0m
  [2mThen remove the old entries from /Users/Jeff/.hermes/profiles/smith/.env[0m

WARNING tools.mcp_tool: MCP server 'qmd' initial connection failed (attempt 1/3), retrying in 1s: unhandled errors in a TaskGroup (1 sub-exception)
WARNING tools.mcp_tool: MCP server 'qmd' initial connection failed (attempt 2/3), retrying in 2s: unhandled errors in a TaskGroup (1 sub-exception)
WARNING tools.mcp_tool: MCP server 'qmd' initial connection failed (attempt 3/3), retrying in 4s: unhandled errors in a TaskGroup (1 sub-exception)
WARNING tools.mcp_tool: MCP server 'qmd' failed initial connection after 3 attempts, giving up: unhandled errors in a TaskGroup (1 sub-exception)
WARNING tools.mcp_tool: Failed to connect to MCP server 'qmd' (command=qmd): Connection closed
ERROR gateway.platforms.base: [Discord] Discord bot token already in use (PID 32775). Stop the other gateway first.
WARNING gateway.run: ✗ discord failed to connect
ERROR gateway.run: Gateway hit a non-retryable startup conflict: discord: Discord bot token already in use (PID 32775). Stop the other gateway first.
ERROR gateway.run: Gateway exiting cleanly: discord: Discord bot token already in use (PID 32775). Stop the other gateway first.
[33m⚠ Deprecated .env settings detected:[0m
  [33m⚠[0m MESSAGING_CWD=~/Smith found in .env — this is deprecated.
  [2mMove to config.yaml instead:  terminal:\n    cwd: /your/project/path[0m
  [2mThen remove the old entries from /Users/Jeff/.hermes/profiles/smith/.env[0m

WARNING tools.mcp_tool: MCP server 'qmd' initial connection failed (attempt 1/3), retrying in 1s: unhandled errors in a TaskGroup (1 sub-exception)
WARNING tools.mcp_tool: MCP server 'qmd' initial connection failed (attempt 2/3), retrying in 2s: unhandled errors in a TaskGroup (1 sub-exception)
WARNING tools.mcp_tool: MCP server 'qmd' initial connection failed (attempt 3/3), retrying in 4s: unhandled errors in a TaskGroup (1 sub-exception)
WARNING tools.mcp_tool: MCP server 'qmd' failed initial connection after 3 attempts, giving up: unhandled errors in a TaskGroup (1 sub-exception)
WARNING tools.mcp_tool: Failed to connect to MCP server 'qmd' (command=qmd): Connection closed
ERROR gateway.platforms.base: [Discord] Discord bot token already in use (PID 32775). Stop the other gateway first.
WARNING gateway.run: ✗ discord failed to connect
ERROR gateway.run: Gateway hit a non-retryable startup conflict: discord: Discord bot token already in use (PID 32775). Stop the other gateway first.
ERROR gateway.run: Gateway exiting cleanly: discord: Discord bot token already in use (PID 32775). Stop the other gateway first.
[33m⚠ Deprecated .env settings detected:[0m
  [33m⚠[0m MESSAGING_CWD=~/Smith found in .env — this is deprecated.
  [2mMove to config.yaml instead:  terminal:\n    cwd: /your/project/path[0m
  [2mThen remove the old entries from /Users/Jeff/.hermes/profiles/smith/.env[0m

WARNING tools.mcp_tool: MCP server 'qmd' initial connection failed (attempt 1/3), retrying in 1s: unhandled errors in a TaskGroup (1 sub-exception)
WARNING tools.mcp_tool: MCP server 'qmd' initial connection failed (attempt 2/3), retrying in 2s: unhandled errors in a TaskGroup (1 sub-exception)
WARNING tools.mcp_tool: MCP server 'qmd' initial connection failed (attempt 3/3), retrying in 4s: unhandled errors in a TaskGroup (1 sub-exception)
WARNING tools.mcp_tool: MCP server 'qmd' failed initial connection after 3 attempts, giving up: unhandled errors in a TaskGroup (1 sub-exception)
WARNING tools.mcp_tool: Failed to connect to MCP server 'qmd' (command=qmd): Connection closed
ERROR gateway.platforms.base: [Discord] Discord bot token already in use (PID 32775). Stop the other gateway first.
WARNING gateway.run: ✗ discord failed to connect
ERROR gateway.run: Gateway hit a non-retryable startup conflict: discord: Discord bot token already in use (PID 32775). Stop the other gateway first.
ERROR gateway.run: Gateway exiting cleanly: discord: Discord bot token already in use (PID 32775). Stop the other gateway first.
[33m⚠ Deprecated .env settings detected:[0m
  [33m⚠[0m MESSAGING_CWD=~/Smith found in .env — this is deprecated.
  [2mMove to config.yaml instead:  terminal:\n    cwd: /your/project/path[0m
  [2mThen remove the old entries from /Users/Jeff/.hermes/profiles/smith/.env[0m

WARNING tools.mcp_tool: MCP server 'qmd' initial connection failed (attempt 1/3), retrying in 1s: unhandled errors in a TaskGroup (1 sub-exception)
WARNING tools.mcp_tool: MCP server 'qmd' initial connection failed (attempt 2/3), retrying in 2s: unhandled errors in a TaskGroup (1 sub-exception)
WARNING tools.mcp_tool: MCP server 'qmd' initial connection failed (attempt 3/3), retrying in 4s: unhandled errors in a TaskGroup (1 sub-exception)
WARNING tools.mcp_tool: MCP server 'qmd' failed initial connection after 3 attempts, giving up: unhandled errors in a TaskGroup (1 sub-exception)
WARNING tools.mcp_tool: Failed to connect to MCP server 'qmd' (command=qmd): Connection closed
ERROR gateway.platforms.base: [Discord] Discord bot token already in use (PID 32775). Stop the other gateway first.
WARNING gateway.run: ✗ discord failed to connect
ERROR gateway.run: Gateway hit a non-retryable startup conflict: discord: Discord bot token already in use (PID 32775). Stop the other gateway first.
ERROR gateway.run: Gateway exiting cleanly: discord: Discord bot token already in use (PID 32775). Stop the other gateway first.
[33m⚠ Deprecated .env settings detected:[0m
  [33m⚠[0m MESSAGING_CWD=~/Smith found in .env — this is deprecated.
  [2mMove to config.yaml instead:  terminal:\n    cwd: /your/project/path[0m
  [2mThen remove the old entries from /Users/Jeff/.hermes/profiles/smith/.env[0m

WARNING tools.mcp_tool: MCP server 'qmd' initial connection failed (attempt 1/3), retrying in 1s: unhandled errors in a TaskGroup (1 sub-exception)
WARNING tools.mcp_tool: MCP server 'qmd' initial connection failed (attempt 2/3), retrying in 2s: unhandled errors in a TaskGroup (1 sub-exception)
WARNING tools.mcp_tool: MCP server 'qmd' initial connection failed (attempt 3/3), retrying in 4s: unhandled errors in a TaskGroup (1 sub-exception)
WARNING tools.mcp_tool: MCP server 'qmd' failed initial connection after 3 attempts, giving up: unhandled errors in a TaskGroup (1 sub-exception)
WARNING tools.mcp_tool: Failed to connect to MCP server 'qmd' (command=qmd): Connection closed
ERROR gateway.platforms.base: [Discord] Discord bot token already in use (PID 32775). Stop the other gateway first.
WARNING gateway.run: ✗ discord failed to connect
ERROR gateway.run: Gateway hit a non-retryable startup conflict: discord: Discord bot token already in use (PID 32775). Stop the other gateway first.
ERROR gateway.run: Gateway exiting cleanly: discord: Discord bot token already in use (PID 32775). Stop the other gateway first.
[33m⚠ Deprecated .env settings detected:[0m
  [33m⚠[0m MESSAGING_CWD=~/Smith found in .env — this is deprecated.
  [2mMove to config.yaml instead:  terminal:\n    cwd: /your/project/path[0m
  [2mThen remove the old entries from /Users/Jeff/.hermes/profiles/smith/.env[0m

WARNING tools.mcp_tool: MCP server 'qmd' initial connection failed (attempt 1/3), retrying in 1s: unhandled errors in a TaskGroup (1 sub-exception)
WARNING tools.mcp_tool: MCP server 'qmd' initial connection failed (attempt 2/3), retrying in 2s: unhandled errors in a TaskGroup (1 sub-exception)
WARNING tools.mcp_tool: MCP server 'qmd' initial connection failed (attempt 3/3), retrying in 4s: unhandled errors in a TaskGroup (1 sub-exception)
WARNING tools.mcp_tool: MCP server 'qmd' failed initial connection after 3 attempts, giving up: unhandled errors in a TaskGroup (1 sub-exception)
WARNING tools.mcp_tool: Failed to connect to MCP server 'qmd' (command=qmd): Connection closed
ERROR gateway.platforms.base: [Discord] Discord bot token already in use (PID 32775). Stop the other gateway first.
WARNING gateway.run: ✗ discord failed to connect
ERROR gateway.run: Gateway hit a non-retryable startup conflict: discord: Discord bot token already in use (PID 32775). Stop the other gateway first.
ERROR gateway.run: Gateway exiting cleanly: discord: Discord bot token already in use (PID 32775). Stop the other gateway first.
[33m⚠ Deprecated .env settings detected:[0m
  [33m⚠[0m MESSAGING_CWD=~/Smith found in .env — this is deprecated.
  [2mMove to config.yaml instead:  terminal:\n    cwd: /your/project/path[0m
  [2mThen remove the old entries from /Users/Jeff/.hermes/profiles/smith/.env[0m

WARNING tools.mcp_tool: MCP server 'qmd' initial connection failed (attempt 1/3), retrying in 1s: unhandled errors in a TaskGroup (1 sub-exception)
WARNING tools.mcp_tool: MCP server 'qmd' initial connection failed (attempt 2/3), retrying in 2s: unhandled errors in a TaskGroup (1 sub-exception)
WARNING tools.mcp_tool: MCP server 'qmd' initial connection failed (attempt 3/3), retrying in 4s: unhandled errors in a TaskGroup (1 sub-exception)
WARNING tools.mcp_tool: MCP server 'qmd' failed initial connection after 3 attempts, giving up: unhandled errors in a TaskGroup (1 sub-exception)
WARNING tools.mcp_tool: Failed to connect to MCP server 'qmd' (command=qmd): Connection closed
ERROR gateway.platforms.base: [Discord] Discord bot token already in use (PID 32775). Stop the other gateway first.
WARNING gateway.run: ✗ discord failed to connect
ERROR gateway.run: Gateway hit a non-retryable startup conflict: discord: Discord bot token already in use (PID 32775). Stop the other gateway first.
ERROR gateway.run: Gateway exiting cleanly: discord: Discord bot token already in use (PID 32775). Stop the other gateway first.
[33m⚠ Deprecated .env settings detected:[0m
  [33m⚠[0m MESSAGING_CWD=~/Smith found in .env — this is deprecated.
  [2mMove to config.yaml instead:  terminal:\n    cwd: /your/project/path[0m
  [2mThen remove the old entries from /Users/Jeff/.hermes/profiles/smith/.env[0m

WARNING tools.mcp_tool: MCP server 'qmd' initial connection failed (attempt 1/3), retrying in 1s: unhandled errors in a TaskGroup (1 sub-exception)
WARNING tools.mcp_tool: MCP server 'qmd' initial connection failed (attempt 2/3), retrying in 2s: unhandled errors in a TaskGroup (1 sub-exception)
WARNING tools.mcp_tool: MCP server 'qmd' initial connection failed (attempt 3/3), retrying in 4s: unhandled errors in a TaskGroup (1 sub-exception)
WARNING tools.mcp_tool: MCP server 'qmd' failed initial connection after 3 attempts, giving up: unhandled errors in a TaskGroup (1 sub-exception)
WARNING tools.mcp_tool: Failed to connect to MCP server 'qmd' (command=qmd): Connection closed
ERROR gateway.platforms.base: [Discord] Discord bot token already in use (PID 32775). Stop the other gateway first.
WARNING gateway.run: ✗ discord failed to connect
ERROR gateway.run: Gateway hit a non-retryable startup conflict: discord: Discord bot token already in use (PID 32775). Stop the other gateway first.
ERROR gateway.run: Gateway exiting cleanly: discord: Discord bot token already in use (PID 32775). Stop the other gateway first.
[33m⚠ Deprecated .env settings detected:[0m
  [33m⚠[0m MESSAGING_CWD=~/Smith found in .env — this is deprecated.
  [2mMove to config.yaml instead:  terminal:\n    cwd: /your/project/path[0m
  [2mThen remove the old entries from /Users/Jeff/.hermes/profiles/smith/.env[0m

WARNING tools.mcp_tool: MCP server 'qmd' initial connection failed (attempt 1/3), retrying in 1s: unhandled errors in a TaskGroup (1 sub-exception)
WARNING tools.mcp_tool: MCP server 'qmd' initial connection failed (attempt 2/3), retrying in 2s: unhandled errors in a TaskGroup (1 sub-exception)
WARNING tools.mcp_tool: MCP server 'qmd' initial connection failed (attempt 3/3), retrying in 4s: unhandled errors in a TaskGroup (1 sub-exception)
WARNING tools.mcp_tool: MCP server 'qmd' failed initial connection after 3 attempts, giving up: unhandled errors in a TaskGroup (1 sub-exception)
WARNING tools.mcp_tool: Failed to connect to MCP server 'qmd' (command=qmd): Connection closed
ERROR gateway.platforms.base: [Discord] Discord bot token already in use (PID 32775). Stop the other gateway first.
WARNING gateway.run: ✗ discord failed to connect
ERROR gateway.run: Gateway hit a non-retryable startup conflict: discord: Discord bot token already in use (PID 32775). Stop the other gateway first.
ERROR gateway.run: Gateway exiting cleanly: discord: Discord bot token already in use (PID 32775). Stop the other gateway first.
[33m⚠ Deprecated .env settings detected:[0m
  [33m⚠[0m MESSAGING_CWD=~/Smith found in .env — this is deprecated.
  [2mMove to config.yaml instead:  terminal:\n    cwd: /your/project/path[0m
  [2mThen remove the old entries from /Users/Jeff/.hermes/profiles/smith/.env[0m

WARNING tools.mcp_tool: MCP server 'qmd' initial connection failed (attempt 1/3), retrying in 1s: unhandled errors in a TaskGroup (1 sub-exception)
WARNING tools.mcp_tool: MCP server 'qmd' initial connection failed (attempt 2/3), retrying in 2s: unhandled errors in a TaskGroup (1 sub-exception)
WARNING tools.mcp_tool: MCP server 'qmd' initial connection failed (attempt 3/3), retrying in 4s: unhandled errors in a TaskGroup (1 sub-exception)
WARNING tools.mcp_tool: MCP server 'qmd' failed initial connection after 3 attempts, giving up: unhandled errors in a TaskGroup (1 sub-exception)
WARNING tools.mcp_tool: Failed to connect to MCP server 'qmd' (command=qmd): Connection closed
ERROR gateway.platforms.base: [Discord] Discord bot token already in use (PID 32775). Stop the other gateway first.
WARNING gateway.run: ✗ discord failed to connect
ERROR gateway.run: Gateway hit a non-retryable startup conflict: discord: Discord bot token already in use (PID 32775). Stop the other gateway first.
ERROR gateway.run: Gateway exiting cleanly: discord: Discord bot token already in use (PID 32775). Stop the other gateway first.
[33m⚠ Deprecated .env settings detected:[0m
  [33m⚠[0m MESSAGING_CWD=~/Smith found in .env — this is deprecated.
  [2mMove to config.yaml instead:  terminal:\n    cwd: /your/project/path[0m
  [2mThen remove the old entries from /Users/Jeff/.hermes/profiles/smith/.env[0m

WARNING tools.mcp_tool: MCP server 'qmd' initial connection failed (attempt 1/3), retrying in 1s: unhandled errors in a TaskGroup (1 sub-exception)
WARNING tools.mcp_tool: MCP server 'qmd' initial connection failed (attempt 2/3), retrying in 2s: unhandled errors in a TaskGroup (1 sub-exception)
WARNING tools.mcp_tool: MCP server 'qmd' initial connection failed (attempt 3/3), retrying in 4s: unhandled errors in a TaskGroup (1 sub-exception)
WARNING tools.mcp_tool: MCP server 'qmd' failed initial connection after 3 attempts, giving up: unhandled errors in a TaskGroup (1 sub-exception)
WARNING tools.mcp_tool: Failed to connect to MCP server 'qmd' (command=qmd): Connection closed
ERROR gateway.platforms.base: [Discord] Discord bot token already in use (PID 32775). Stop the other gateway first.
WARNING gateway.run: ✗ discord failed to connect
ERROR gateway.run: Gateway hit a non-retryable startup conflict: discord: Discord bot token already in use (PID 32775). Stop the other gateway first.
ERROR gateway.run: Gateway exiting cleanly: discord: Discord bot token already in use (PID 32775). Stop the other gateway first.
[33m⚠ Deprecated .env settings detected:[0m
  [33m⚠[0m MESSAGING_CWD=~/Smith found in .env — this is deprecated.
  [2mMove to config.yaml instead:  terminal:\n    cwd: /your/project/path[0m
  [2mThen remove the old entries from /Users/Jeff/.hermes/profiles/smith/.env[0m

WARNING tools.mcp_tool: MCP server 'qmd' initial connection failed (attempt 1/3), retrying in 1s: unhandled errors in a TaskGroup (1 sub-exception)
WARNING tools.mcp_tool: MCP server 'qmd' initial connection failed (attempt 2/3), retrying in 2s: unhandled errors in a TaskGroup (1 sub-exception)
WARNING tools.mcp_tool: MCP server 'qmd' initial connection failed (attempt 3/3), retrying in 4s: unhandled errors in a TaskGroup (1 sub-exception)
WARNING tools.mcp_tool: MCP server 'qmd' failed initial connection after 3 attempts, giving up: unhandled errors in a TaskGroup (1 sub-exception)
WARNING tools.mcp_tool: Failed to connect to MCP server 'qmd' (command=qmd): Connection closed
ERROR gateway.platforms.base: [Discord] Discord bot token already in use (PID 32775). Stop the other gateway first.
WARNING gateway.run: ✗ discord failed to connect
ERROR gateway.run: Gateway hit a non-retryable startup conflict: discord: Discord bot token already in use (PID 32775). Stop the other gateway first.
ERROR gateway.run: Gateway exiting cleanly: discord: Discord bot token already in use (PID 32775). Stop the other gateway first.
[33m⚠ Deprecated .env settings detected:[0m
  [33m⚠[0m MESSAGING_CWD=~/Smith found in .env — this is deprecated.
  [2mMove to config.yaml instead:  terminal:\n    cwd: /your/project/path[0m
  [2mThen remove the old entries from /Users/Jeff/.hermes/profiles/smith/.env[0m

WARNING tools.mcp_tool: MCP server 'qmd' initial connection failed (attempt 1/3), retrying in 1s: unhandled errors in a TaskGroup (1 sub-exception)
WARNING tools.mcp_tool: MCP server 'qmd' initial connection failed (attempt 2/3), retrying in 2s: unhandled errors in a TaskGroup (1 sub-exception)
WARNING tools.mcp_tool: MCP server 'qmd' initial connection failed (attempt 3/3), retrying in 4s: unhandled errors in a TaskGroup (1 sub-exception)
WARNING tools.mcp_tool: MCP server 'qmd' failed initial connection after 3 attempts, giving up: unhandled errors in a TaskGroup (1 sub-exception)
WARNING tools.mcp_tool: Failed to connect to MCP server 'qmd' (command=qmd): Connection closed
ERROR gateway.platforms.base: [Discord] Discord bot token already in use (PID 32775). Stop the other gateway first.
WARNING gateway.run: ✗ discord failed to connect
ERROR gateway.run: Gateway hit a non-retryable startup conflict: discord: Discord bot token already in use (PID 32775). Stop the other gateway first.
ERROR gateway.run: Gateway exiting cleanly: discord: Discord bot token already in use (PID 32775). Stop the other gateway first.
[33m⚠ Deprecated .env settings detected:[0m
  [33m⚠[0m MESSAGING_CWD=~/Smith found in .env — this is deprecated.
  [2mMove to config.yaml instead:  terminal:\n    cwd: /your/project/path[0m
  [2mThen remove the old entries from /Users/Jeff/.hermes/profiles/smith/.env[0m

WARNING tools.mcp_tool: MCP server 'qmd' initial connection failed (attempt 1/3), retrying in 1s: unhandled errors in a TaskGroup (1 sub-exception)
WARNING tools.mcp_tool: MCP server 'qmd' initial connection failed (attempt 2/3), retrying in 2s: unhandled errors in a TaskGroup (1 sub-exception)
WARNING tools.mcp_tool: MCP server 'qmd' initial connection failed (attempt 3/3), retrying in 4s: unhandled errors in a TaskGroup (1 sub-exception)
WARNING tools.mcp_tool: MCP server 'qmd' failed initial connection after 3 attempts, giving up: unhandled errors in a TaskGroup (1 sub-exception)
WARNING tools.mcp_tool: Failed to connect to MCP server 'qmd' (command=qmd): Connection closed
ERROR gateway.platforms.base: [Discord] Discord bot token already in use (PID 32775). Stop the other gateway first.
WARNING gateway.run: ✗ discord failed to connect
ERROR gateway.run: Gateway hit a non-retryable startup conflict: discord: Discord bot token already in use (PID 32775). Stop the other gateway first.
ERROR gateway.run: Gateway exiting cleanly: discord: Discord bot token already in use (PID 32775). Stop the other gateway first.
[33m⚠ Deprecated .env settings detected:[0m
  [33m⚠[0m MESSAGING_CWD=~/Smith found in .env — this is deprecated.
  [2mMove to config.yaml instead:  terminal:\n    cwd: /your/project/path[0m
  [2mThen remove the old entries from /Users/Jeff/.hermes/profiles/smith/.env[0m

WARNING tools.mcp_tool: MCP server 'qmd' initial connection failed (attempt 1/3), retrying in 1s: unhandled errors in a TaskGroup (1 sub-exception)
WARNING tools.mcp_tool: MCP server 'qmd' initial connection failed (attempt 2/3), retrying in 2s: unhandled errors in a TaskGroup (1 sub-exception)
WARNING tools.mcp_tool: MCP server 'qmd' initial connection failed (attempt 3/3), retrying in 4s: unhandled errors in a TaskGroup (1 sub-exception)
WARNING tools.mcp_tool: MCP server 'qmd' failed initial connection after 3 attempts, giving up: unhandled errors in a TaskGroup (1 sub-exception)
WARNING tools.mcp_tool: Failed to connect to MCP server 'qmd' (command=qmd): Connection closed
ERROR gateway.platforms.base: [Discord] Discord bot token already in use (PID 32775). Stop the other gateway first.
WARNING gateway.run: ✗ discord failed to connect
ERROR gateway.run: Gateway hit a non-retryable startup conflict: discord: Discord bot token already in use (PID 32775). Stop the other gateway first.
ERROR gateway.run: Gateway exiting cleanly: discord: Discord bot token already in use (PID 32775). Stop the other gateway first.
[33m⚠ Deprecated .env settings detected:[0m
  [33m⚠[0m MESSAGING_CWD=~/Smith found in .env — this is deprecated.
  [2mMove to config.yaml instead:  terminal:\n    cwd: /your/project/path[0m
  [2mThen remove the old entries from /Users/Jeff/.hermes/profiles/smith/.env[0m

WARNING tools.mcp_tool: MCP server 'qmd' initial connection failed (attempt 1/3), retrying in 1s: unhandled errors in a TaskGroup (1 sub-exception)
WARNING tools.mcp_tool: MCP server 'qmd' initial connection failed (attempt 2/3), retrying in 2s: unhandled errors in a TaskGroup (1 sub-exception)
WARNING tools.mcp_tool: MCP server 'qmd' initial connection failed (attempt 3/3), retrying in 4s: unhandled errors in a TaskGroup (1 sub-exception)
WARNING tools.mcp_tool: MCP server 'qmd' failed initial connection after 3 attempts, giving up: unhandled errors in a TaskGroup (1 sub-exception)
WARNING tools.mcp_tool: Failed to connect to MCP server 'qmd' (command=qmd): Connection closed
ERROR gateway.platforms.base: [Discord] Discord bot token already in use (PID 32775). Stop the other gateway first.
WARNING gateway.run: ✗ discord failed to connect
ERROR gateway.run: Gateway hit a non-retryable startup conflict: discord: Discord bot token already in use (PID 32775). Stop the other gateway first.
ERROR gateway.run: Gateway exiting cleanly: discord: Discord bot token already in use (PID 32775). Stop the other gateway first.
[33m⚠ Deprecated .env settings detected:[0m
  [33m⚠[0m MESSAGING_CWD=~/Smith found in .env — this is deprecated.
  [2mMove to config.yaml instead:  terminal:\n    cwd: /your/project/path[0m
  [2mThen remove the old entries from /Users/Jeff/.hermes/profiles/smith/.env[0m

WARNING tools.mcp_tool: MCP server 'qmd' initial connection failed (attempt 1/3), retrying in 1s: unhandled errors in a TaskGroup (1 sub-exception)
WARNING tools.mcp_tool: MCP server 'qmd' initial connection failed (attempt 2/3), retrying in 2s: unhandled errors in a TaskGroup (1 sub-exception)
WARNING tools.mcp_tool: MCP server 'qmd' initial connection failed (attempt 3/3), retrying in 4s: unhandled errors in a TaskGroup (1 sub-exception)
WARNING tools.mcp_tool: MCP server 'qmd' failed initial connection after 3 attempts, giving up: unhandled errors in a TaskGroup (1 sub-exception)
WARNING tools.mcp_tool: Failed to connect to MCP server 'qmd' (command=qmd): Connection closed
ERROR gateway.platforms.base: [Discord] Discord bot token already in use (PID 32775). Stop the other gateway first.
WARNING gateway.run: ✗ discord failed to connect
ERROR gateway.run: Gateway hit a non-retryable startup conflict: discord: Discord bot token already in use (PID 32775). Stop the other gateway first.
ERROR gateway.run: Gateway exiting cleanly: discord: Discord bot token already in use (PID 32775). Stop the other gateway first.
[33m⚠ Deprecated .env settings detected:[0m
  [33m⚠[0m MESSAGING_CWD=~/Smith found in .env — this is deprecated.
  [2mMove to config.yaml instead:  terminal:\n    cwd: /your/project/path[0m
  [2mThen remove the old entries from /Users/Jeff/.hermes/profiles/smith/.env[0m

WARNING tools.mcp_tool: MCP server 'qmd' initial connection failed (attempt 1/3), retrying in 1s: unhandled errors in a TaskGroup (1 sub-exception)
WARNING tools.mcp_tool: MCP server 'qmd' initial connection failed (attempt 2/3), retrying in 2s: unhandled errors in a TaskGroup (1 sub-exception)
WARNING tools.mcp_tool: MCP server 'qmd' initial connection failed (attempt 3/3), retrying in 4s: unhandled errors in a TaskGroup (1 sub-exception)
WARNING tools.mcp_tool: MCP server 'qmd' failed initial connection after 3 attempts, giving up: unhandled errors in a TaskGroup (1 sub-exception)
WARNING tools.mcp_tool: Failed to connect to MCP server 'qmd' (command=qmd): Connection closed
ERROR gateway.platforms.base: [Discord] Discord bot token already in use (PID 32775). Stop the other gateway first.
WARNING gateway.run: ✗ discord failed to connect
ERROR gateway.run: Gateway hit a non-retryable startup conflict: discord: Discord bot token already in use (PID 32775). Stop the other gateway first.
ERROR gateway.run: Gateway exiting cleanly: discord: Discord bot token already in use (PID 32775). Stop the other gateway first.
[33m⚠ Deprecated .env settings detected:[0m
  [33m⚠[0m MESSAGING_CWD=~/Smith found in .env — this is deprecated.
  [2mMove to config.yaml instead:  terminal:\n    cwd: /your/project/path[0m
  [2mThen remove the old entries from /Users/Jeff/.hermes/profiles/smith/.env[0m

WARNING tools.mcp_tool: MCP server 'qmd' initial connection failed (attempt 1/3), retrying in 1s: unhandled errors in a TaskGroup (1 sub-exception)
WARNING tools.mcp_tool: MCP server 'qmd' initial connection failed (attempt 2/3), retrying in 2s: unhandled errors in a TaskGroup (1 sub-exception)
WARNING tools.mcp_tool: MCP server 'qmd' initial connection failed (attempt 3/3), retrying in 4s: unhandled errors in a TaskGroup (1 sub-exception)
WARNING tools.mcp_tool: MCP server 'qmd' failed initial connection after 3 attempts, giving up: unhandled errors in a TaskGroup (1 sub-exception)
WARNING tools.mcp_tool: Failed to connect to MCP server 'qmd' (command=qmd): Connection closed
ERROR gateway.platforms.base: [Discord] Discord bot token already in use (PID 32775). Stop the other gateway first.
WARNING gateway.run: ✗ discord failed to connect
ERROR gateway.run: Gateway hit a non-retryable startup conflict: discord: Discord bot token already in use (PID 32775). Stop the other gateway first.
ERROR gateway.run: Gateway exiting cleanly: discord: Discord bot token already in use (PID 32775). Stop the other gateway first.
[33m⚠ Deprecated .env settings detected:[0m
  [33m⚠[0m MESSAGING_CWD=~/Smith found in .env — this is deprecated.
  [2mMove to config.yaml instead:  terminal:\n    cwd: /your/project/path[0m
  [2mThen remove the old entries from /Users/Jeff/.hermes/profiles/smith/.env[0m

WARNING tools.mcp_tool: MCP server 'qmd' initial connection failed (attempt 1/3), retrying in 1s: unhandled errors in a TaskGroup (1 sub-exception)
WARNING tools.mcp_tool: MCP server 'qmd' initial connection failed (attempt 2/3), retrying in 2s: unhandled errors in a TaskGroup (1 sub-exception)
WARNING tools.mcp_tool: MCP server 'qmd' initial connection failed (attempt 3/3), retrying in 4s: unhandled errors in a TaskGroup (1 sub-exception)
WARNING tools.mcp_tool: MCP server 'qmd' failed initial connection after 3 attempts, giving up: unhandled errors in a TaskGroup (1 sub-exception)
WARNING tools.mcp_tool: Failed to connect to MCP server 'qmd' (command=qmd): Connection closed
ERROR gateway.platforms.base: [Discord] Discord bot token already in use (PID 32775). Stop the other gateway first.
WARNING gateway.run: ✗ discord failed to connect
ERROR gateway.run: Gateway hit a non-retryable startup conflict: discord: Discord bot token already in use (PID 32775). Stop the other gateway first.
ERROR gateway.run: Gateway exiting cleanly: discord: Discord bot token already in use (PID 32775). Stop the other gateway first.
[33m⚠ Deprecated .env settings detected:[0m
  [33m⚠[0m MESSAGING_CWD=~/Smith found in .env — this is deprecated.
  [2mMove to config.yaml instead:  terminal:\n    cwd: /your/project/path[0m
  [2mThen remove the old entries from /Users/Jeff/.hermes/profiles/smith/.env[0m

WARNING tools.mcp_tool: MCP server 'qmd' initial connection failed (attempt 1/3), retrying in 1s: unhandled errors in a TaskGroup (1 sub-exception)
WARNING tools.mcp_tool: MCP server 'qmd' initial connection failed (attempt 2/3), retrying in 2s: unhandled errors in a TaskGroup (1 sub-exception)
WARNING tools.mcp_tool: MCP server 'qmd' initial connection failed (attempt 3/3), retrying in 4s: unhandled errors in a TaskGroup (1 sub-exception)
WARNING tools.mcp_tool: MCP server 'qmd' failed initial connection after 3 attempts, giving up: unhandled errors in a TaskGroup (1 sub-exception)
WARNING tools.mcp_tool: Failed to connect to MCP server 'qmd' (command=qmd): Connection closed
ERROR gateway.platforms.base: [Discord] Discord bot token already in use (PID 32775). Stop the other gateway first.
WARNING gateway.run: ✗ discord failed to connect
ERROR gateway.run: Gateway hit a non-retryable startup conflict: discord: Discord bot token already in use (PID 32775). Stop the other gateway first.
ERROR gateway.run: Gateway exiting cleanly: discord: Discord bot token already in use (PID 32775). Stop the other gateway first.
[33m⚠ Deprecated .env settings detected:[0m
  [33m⚠[0m MESSAGING_CWD=~/Smith found in .env — this is deprecated.
  [2mMove to config.yaml instead:  terminal:\n    cwd: /your/project/path[0m
  [2mThen remove the old entries from /Users/Jeff/.hermes/profiles/smith/.env[0m

WARNING tools.mcp_tool: MCP server 'qmd' initial connection failed (attempt 1/3), retrying in 1s: unhandled errors in a TaskGroup (1 sub-exception)
WARNING tools.mcp_tool: MCP server 'qmd' initial connection failed (attempt 2/3), retrying in 2s: unhandled errors in a TaskGroup (1 sub-exception)
WARNING tools.mcp_tool: MCP server 'qmd' initial connection failed (attempt 3/3), retrying in 4s: unhandled errors in a TaskGroup (1 sub-exception)
WARNING tools.mcp_tool: MCP server 'qmd' failed initial connection after 3 attempts, giving up: unhandled errors in a TaskGroup (1 sub-exception)
WARNING tools.mcp_tool: Failed to connect to MCP server 'qmd' (command=qmd): Connection closed
ERROR gateway.platforms.base: [Discord] Discord bot token already in use (PID 32775). Stop the other gateway first.
WARNING gateway.run: ✗ discord failed to connect
ERROR gateway.run: Gateway hit a non-retryable startup conflict: discord: Discord bot token already in use (PID 32775). Stop the other gateway first.
ERROR gateway.run: Gateway exiting cleanly: discord: Discord bot token already in use (PID 32775). Stop the other gateway first.
[33m⚠ Deprecated .env settings detected:[0m
  [33m⚠[0m MESSAGING_CWD=~/Smith found in .env — this is deprecated.
  [2mMove to config.yaml instead:  terminal:\n    cwd: /your/project/path[0m
  [2mThen remove the old entries from /Users/Jeff/.hermes/profiles/smith/.env[0m

WARNING tools.mcp_tool: MCP server 'qmd' initial connection failed (attempt 1/3), retrying in 1s: unhandled errors in a TaskGroup (1 sub-exception)
WARNING tools.mcp_tool: MCP server 'qmd' initial connection failed (attempt 2/3), retrying in 2s: unhandled errors in a TaskGroup (1 sub-exception)
WARNING tools.mcp_tool: MCP server 'qmd' initial connection failed (attempt 3/3), retrying in 4s: unhandled errors in a TaskGroup (1 sub-exception)
WARNING tools.mcp_tool: MCP server 'qmd' failed initial connection after 3 attempts, giving up: unhandled errors in a TaskGroup (1 sub-exception)
WARNING tools.mcp_tool: Failed to connect to MCP server 'qmd' (command=qmd): Connection closed
ERROR gateway.platforms.base: [Discord] Discord bot token already in use (PID 32775). Stop the other gateway first.
WARNING gateway.run: ✗ discord failed to connect
ERROR gateway.run: Gateway hit a non-retryable startup conflict: discord: Discord bot token already in use (PID 32775). Stop the other gateway first.
ERROR gateway.run: Gateway exiting cleanly: discord: Discord bot token already in use (PID 32775). Stop the other gateway first.
[33m⚠ Deprecated .env settings detected:[0m
  [33m⚠[0m MESSAGING_CWD=~/Smith found in .env — this is deprecated.
  [2mMove to config.yaml instead:  terminal:\n    cwd: /your/project/path[0m
  [2mThen remove the old entries from /Users/Jeff/.hermes/profiles/smith/.env[0m

WARNING tools.mcp_tool: MCP server 'qmd' initial connection failed (attempt 1/3), retrying in 1s: unhandled errors in a TaskGroup (1 sub-exception)
WARNING tools.mcp_tool: MCP server 'qmd' initial connection failed (attempt 2/3), retrying in 2s: unhandled errors in a TaskGroup (1 sub-exception)
WARNING tools.mcp_tool: MCP server 'qmd' initial connection failed (attempt 3/3), retrying in 4s: unhandled errors in a TaskGroup (1 sub-exception)
WARNING tools.mcp_tool: MCP server 'qmd' failed initial connection after 3 attempts, giving up: unhandled errors in a TaskGroup (1 sub-exception)
WARNING tools.mcp_tool: Failed to connect to MCP server 'qmd' (command=qmd): Connection closed
ERROR gateway.platforms.base: [Discord] Discord bot token already in use (PID 32775). Stop the other gateway first.
WARNING gateway.run: ✗ discord failed to connect
ERROR gateway.run: Gateway hit a non-retryable startup conflict: discord: Discord bot token already in use (PID 32775). Stop the other gateway first.
ERROR gateway.run: Gateway exiting cleanly: discord: Discord bot token already in use (PID 32775). Stop the other gateway first.
[33m⚠ Deprecated .env settings detected:[0m
  [33m⚠[0m MESSAGING_CWD=~/Smith found in .env — this is deprecated.
  [2mMove to config.yaml instead:  terminal:\n    cwd: /your/project/path[0m
  [2mThen remove the old entries from /Users/Jeff/.hermes/profiles/smith/.env[0m

WARNING tools.mcp_tool: MCP server 'qmd' initial connection failed (attempt 1/3), retrying in 1s: unhandled errors in a TaskGroup (1 sub-exception)
WARNING tools.mcp_tool: MCP server 'qmd' initial connection failed (attempt 2/3), retrying in 2s: unhandled errors in a TaskGroup (1 sub-exception)
WARNING tools.mcp_tool: MCP server 'qmd' initial connection failed (attempt 3/3), retrying in 4s: unhandled errors in a TaskGroup (1 sub-exception)
WARNING tools.mcp_tool: MCP server 'qmd' failed initial connection after 3 attempts, giving up: unhandled errors in a TaskGroup (1 sub-exception)
WARNING tools.mcp_tool: Failed to connect to MCP server 'qmd' (command=qmd): Connection closed
ERROR gateway.platforms.base: [Discord] Discord bot token already in use (PID 32775). Stop the other gateway first.
WARNING gateway.run: ✗ discord failed to connect
ERROR gateway.run: Gateway hit a non-retryable startup conflict: discord: Discord bot token already in use (PID 32775). Stop the other gateway first.
ERROR gateway.run: Gateway exiting cleanly: discord: Discord bot token already in use (PID 32775). Stop the other gateway first.
[33m⚠ Deprecated .env settings detected:[0m
  [33m⚠[0m MESSAGING_CWD=~/Smith found in .env — this is deprecated.
  [2mMove to config.yaml instead:  terminal:\n    cwd: /your/project/path[0m
  [2mThen remove the old entries from /Users/Jeff/.hermes/profiles/smith/.env[0m

WARNING tools.mcp_tool: MCP server 'qmd' initial connection failed (attempt 1/3), retrying in 1s: unhandled errors in a TaskGroup (1 sub-exception)
WARNING tools.mcp_tool: MCP server 'qmd' initial connection failed (attempt 2/3), retrying in 2s: unhandled errors in a TaskGroup (1 sub-exception)
WARNING tools.mcp_tool: MCP server 'qmd' initial connection failed (attempt 3/3), retrying in 4s: unhandled errors in a TaskGroup (1 sub-exception)
WARNING tools.mcp_tool: MCP server 'qmd' failed initial connection after 3 attempts, giving up: unhandled errors in a TaskGroup (1 sub-exception)
WARNING tools.mcp_tool: Failed to connect to MCP server 'qmd' (command=qmd): Connection closed
ERROR gateway.platforms.base: [Discord] Discord bot token already in use (PID 32775). Stop the other gateway first.
WARNING gateway.run: ✗ discord failed to connect
ERROR gateway.run: Gateway hit a non-retryable startup conflict: discord: Discord bot token already in use (PID 32775). Stop the other gateway first.
ERROR gateway.run: Gateway exiting cleanly: discord: Discord bot token already in use (PID 32775). Stop the other gateway first.
[33m⚠ Deprecated .env settings detected:[0m
  [33m⚠[0m MESSAGING_CWD=~/Smith found in .env — this is deprecated.
  [2mMove to config.yaml instead:  terminal:\n    cwd: /your/project/path[0m
  [2mThen remove the old entries from /Users/Jeff/.hermes/profiles/smith/.env[0m

WARNING tools.mcp_tool: MCP server 'qmd' initial connection failed (attempt 1/3), retrying in 1s: unhandled errors in a TaskGroup (1 sub-exception)
WARNING tools.mcp_tool: MCP server 'qmd' initial connection failed (attempt 2/3), retrying in 2s: unhandled errors in a TaskGroup (1 sub-exception)
WARNING tools.mcp_tool: MCP server 'qmd' initial connection failed (attempt 3/3), retrying in 4s: unhandled errors in a TaskGroup (1 sub-exception)
WARNING tools.mcp_tool: MCP server 'qmd' failed initial connection after 3 attempts, giving up: unhandled errors in a TaskGroup (1 sub-exception)
WARNING tools.mcp_tool: Failed to connect to MCP server 'qmd' (command=qmd): Connection closed
ERROR gateway.platforms.base: [Discord] Discord bot token already in use (PID 32775). Stop the other gateway first.
WARNING gateway.run: ✗ discord failed to connect
ERROR gateway.run: Gateway hit a non-retryable startup conflict: discord: Discord bot token already in use (PID 32775). Stop the other gateway first.
ERROR gateway.run: Gateway exiting cleanly: discord: Discord bot token already in use (PID 32775). Stop the other gateway first.
[33m⚠ Deprecated .env settings detected:[0m
  [33m⚠[0m MESSAGING_CWD=~/Smith found in .env — this is deprecated.
  [2mMove to config.yaml instead:  terminal:\n    cwd: /your/project/path[0m
  [2mThen remove the old entries from /Users/Jeff/.hermes/profiles/smith/.env[0m

WARNING tools.mcp_tool: MCP server 'qmd' initial connection failed (attempt 1/3), retrying in 1s: unhandled errors in a TaskGroup (1 sub-exception)
WARNING tools.mcp_tool: MCP server 'qmd' initial connection failed (attempt 2/3), retrying in 2s: unhandled errors in a TaskGroup (1 sub-exception)
WARNING tools.mcp_tool: MCP server 'qmd' initial connection failed (attempt 3/3), retrying in 4s: unhandled errors in a TaskGroup (1 sub-exception)
WARNING tools.mcp_tool: MCP server 'qmd' failed initial connection after 3 attempts, giving up: unhandled errors in a TaskGroup (1 sub-exception)
WARNING tools.mcp_tool: Failed to connect to MCP server 'qmd' (command=qmd): Connection closed
ERROR gateway.platforms.base: [Discord] Discord bot token already in use (PID 32775). Stop the other gateway first.
WARNING gateway.run: ✗ discord failed to connect
ERROR gateway.run: Gateway hit a non-retryable startup conflict: discord: Discord bot token already in use (PID 32775). Stop the other gateway first.
ERROR gateway.run: Gateway exiting cleanly: discord: Discord bot token already in use (PID 32775). Stop the other gateway first.
[33m⚠ Deprecated .env settings detected:[0m
  [33m⚠[0m MESSAGING_CWD=~/Smith found in .env — this is deprecated.
  [2mMove to config.yaml instead:  terminal:\n    cwd: /your/project/path[0m
  [2mThen remove the old entries from /Users/Jeff/.hermes/profiles/smith/.env[0m

WARNING tools.mcp_tool: MCP server 'qmd' initial connection failed (attempt 1/3), retrying in 1s: unhandled errors in a TaskGroup (1 sub-exception)
WARNING tools.mcp_tool: MCP server 'qmd' initial connection failed (attempt 2/3), retrying in 2s: unhandled errors in a TaskGroup (1 sub-exception)
WARNING tools.mcp_tool: MCP server 'qmd' initial connection failed (attempt 3/3), retrying in 4s: unhandled errors in a TaskGroup (1 sub-exception)
WARNING tools.mcp_tool: MCP server 'qmd' failed initial connection after 3 attempts, giving up: unhandled errors in a TaskGroup (1 sub-exception)
WARNING tools.mcp_tool: Failed to connect to MCP server 'qmd' (command=qmd): Connection closed
ERROR gateway.platforms.base: [Discord] Discord bot token already in use (PID 32775). Stop the other gateway first.
WARNING gateway.run: ✗ discord failed to connect
ERROR gateway.run: Gateway hit a non-retryable startup conflict: discord: Discord bot token already in use (PID 32775). Stop the other gateway first.
ERROR gateway.run: Gateway exiting cleanly: discord: Discord bot token already in use (PID 32775). Stop the other gateway first.
[33m⚠ Deprecated .env settings detected:[0m
  [33m⚠[0m MESSAGING_CWD=~/Smith found in .env — this is deprecated.
  [2mMove to config.yaml instead:  terminal:\n    cwd: /your/project/path[0m
  [2mThen remove the old entries from /Users/Jeff/.hermes/profiles/smith/.env[0m

WARNING tools.mcp_tool: MCP server 'qmd' initial connection failed (attempt 1/3), retrying in 1s: unhandled errors in a TaskGroup (1 sub-exception)
WARNING tools.mcp_tool: MCP server 'qmd' initial connection failed (attempt 2/3), retrying in 2s: unhandled errors in a TaskGroup (1 sub-exception)
WARNING tools.mcp_tool: MCP server 'qmd' initial connection failed (attempt 3/3), retrying in 4s: unhandled errors in a TaskGroup (1 sub-exception)
WARNING tools.mcp_tool: MCP server 'qmd' failed initial connection after 3 attempts, giving up: unhandled errors in a TaskGroup (1 sub-exception)
WARNING tools.mcp_tool: Failed to connect to MCP server 'qmd' (command=qmd): Connection closed
ERROR gateway.platforms.base: [Discord] Discord bot token already in use (PID 32775). Stop the other gateway first.
WARNING gateway.run: ✗ discord failed to connect
ERROR gateway.run: Gateway hit a non-retryable startup conflict: discord: Discord bot token already in use (PID 32775). Stop the other gateway first.
ERROR gateway.run: Gateway exiting cleanly: discord: Discord bot token already in use (PID 32775). Stop the other gateway first.
[33m⚠ Deprecated .env settings detected:[0m
  [33m⚠[0m MESSAGING_CWD=~/Smith found in .env — this is deprecated.
  [2mMove to config.yaml instead:  terminal:\n    cwd: /your/project/path[0m
  [2mThen remove the old entries from /Users/Jeff/.hermes/profiles/smith/.env[0m

WARNING tools.mcp_tool: MCP server 'qmd' initial connection failed (attempt 1/3), retrying in 1s: unhandled errors in a TaskGroup (1 sub-exception)
WARNING tools.mcp_tool: MCP server 'qmd' initial connection failed (attempt 2/3), retrying in 2s: unhandled errors in a TaskGroup (1 sub-exception)
WARNING tools.mcp_tool: MCP server 'qmd' initial connection failed (attempt 3/3), retrying in 4s: unhandled errors in a TaskGroup (1 sub-exception)
WARNING tools.mcp_tool: MCP server 'qmd' failed initial connection after 3 attempts, giving up: unhandled errors in a TaskGroup (1 sub-exception)
WARNING tools.mcp_tool: Failed to connect to MCP server 'qmd' (command=qmd): Connection closed
ERROR gateway.platforms.base: [Discord] Discord bot token already in use (PID 32775). Stop the other gateway first.
WARNING gateway.run: ✗ discord failed to connect
ERROR gateway.run: Gateway hit a non-retryable startup conflict: discord: Discord bot token already in use (PID 32775). Stop the other gateway first.
ERROR gateway.run: Gateway exiting cleanly: discord: Discord bot token already in use (PID 32775). Stop the other gateway first.
[33m⚠ Deprecated .env settings detected:[0m
  [33m⚠[0m MESSAGING_CWD=~/Smith found in .env — this is deprecated.
  [2mMove to config.yaml instead:  terminal:\n    cwd: /your/project/path[0m
  [2mThen remove the old entries from /Users/Jeff/.hermes/profiles/smith/.env[0m

WARNING tools.mcp_tool: MCP server 'qmd' initial connection failed (attempt 1/3), retrying in 1s: unhandled errors in a TaskGroup (1 sub-exception)
WARNING tools.mcp_tool: MCP server 'qmd' initial connection failed (attempt 2/3), retrying in 2s: unhandled errors in a TaskGroup (1 sub-exception)
WARNING tools.mcp_tool: MCP server 'qmd' initial connection failed (attempt 3/3), retrying in 4s: unhandled errors in a TaskGroup (1 sub-exception)
WARNING tools.mcp_tool: MCP server 'qmd' failed initial connection after 3 attempts, giving up: unhandled errors in a TaskGroup (1 sub-exception)
WARNING tools.mcp_tool: Failed to connect to MCP server 'qmd' (command=qmd): Connection closed
ERROR gateway.platforms.base: [Discord] Discord bot token already in use (PID 32775). Stop the other gateway first.
WARNING gateway.run: ✗ discord failed to connect
ERROR gateway.run: Gateway hit a non-retryable startup conflict: discord: Discord bot token already in use (PID 32775). Stop the other gateway first.
ERROR gateway.run: Gateway exiting cleanly: discord: Discord bot token already in use (PID 32775). Stop the other gateway first.
[33m⚠ Deprecated .env settings detected:[0m
  [33m⚠[0m MESSAGING_CWD=~/Smith found in .env — this is deprecated.
  [2mMove to config.yaml instead:  terminal:\n    cwd: /your/project/path[0m
  [2mThen remove the old entries from /Users/Jeff/.hermes/profiles/smith/.env[0m

WARNING tools.mcp_tool: MCP server 'qmd' initial connection failed (attempt 1/3), retrying in 1s: unhandled errors in a TaskGroup (1 sub-exception)
WARNING tools.mcp_tool: MCP server 'qmd' initial connection failed (attempt 2/3), retrying in 2s: unhandled errors in a TaskGroup (1 sub-exception)
WARNING tools.mcp_tool: MCP server 'qmd' initial connection failed (attempt 3/3), retrying in 4s: unhandled errors in a TaskGroup (1 sub-exception)
WARNING tools.mcp_tool: MCP server 'qmd' failed initial connection after 3 attempts, giving up: unhandled errors in a TaskGroup (1 sub-exception)
WARNING tools.mcp_tool: Failed to connect to MCP server 'qmd' (command=qmd): Connection closed
ERROR gateway.platforms.base: [Discord] Discord bot token already in use (PID 32775). Stop the other gateway first.
WARNING gateway.run: ✗ discord failed to connect
ERROR gateway.run: Gateway hit a non-retryable startup conflict: discord: Discord bot token already in use (PID 32775). Stop the other gateway first.
ERROR gateway.run: Gateway exiting cleanly: discord: Discord bot token already in use (PID 32775). Stop the other gateway first.
[33m⚠ Deprecated .env settings detected:[0m
  [33m⚠[0m MESSAGING_CWD=~/Smith found in .env — this is deprecated.
  [2mMove to config.yaml instead:  terminal:\n    cwd: /your/project/path[0m
  [2mThen remove the old entries from /Users/Jeff/.hermes/profiles/smith/.env[0m

WARNING tools.mcp_tool: MCP server 'qmd' initial connection failed (attempt 1/3), retrying in 1s: unhandled errors in a TaskGroup (1 sub-exception)
WARNING tools.mcp_tool: MCP server 'qmd' initial connection failed (attempt 2/3), retrying in 2s: unhandled errors in a TaskGroup (1 sub-exception)
WARNING tools.mcp_tool: MCP server 'qmd' initial connection failed (attempt 3/3), retrying in 4s: unhandled errors in a TaskGroup (1 sub-exception)
WARNING tools.mcp_tool: MCP server 'qmd' failed initial connection after 3 attempts, giving up: unhandled errors in a TaskGroup (1 sub-exception)
WARNING tools.mcp_tool: Failed to connect to MCP server 'qmd' (command=qmd): Connection closed
ERROR gateway.platforms.base: [Discord] Discord bot token already in use (PID 32775). Stop the other gateway first.
WARNING gateway.run: ✗ discord failed to connect
ERROR gateway.run: Gateway hit a non-retryable startup conflict: discord: Discord bot token already in use (PID 32775). Stop the other gateway first.
ERROR gateway.run: Gateway exiting cleanly: discord: Discord bot token already in use (PID 32775). Stop the other gateway first.
[33m⚠ Deprecated .env settings detected:[0m
  [33m⚠[0m MESSAGING_CWD=~/Smith found in .env — this is deprecated.
  [2mMove to config.yaml instead:  terminal:\n    cwd: /your/project/path[0m
  [2mThen remove the old entries from /Users/Jeff/.hermes/profiles/smith/.env[0m

WARNING tools.mcp_tool: MCP server 'qmd' initial connection failed (attempt 1/3), retrying in 1s: unhandled errors in a TaskGroup (1 sub-exception)
WARNING tools.mcp_tool: MCP server 'qmd' initial connection failed (attempt 2/3), retrying in 2s: unhandled errors in a TaskGroup (1 sub-exception)
WARNING tools.mcp_tool: MCP server 'qmd' initial connection failed (attempt 3/3), retrying in 4s: unhandled errors in a TaskGroup (1 sub-exception)
WARNING tools.mcp_tool: MCP server 'qmd' failed initial connection after 3 attempts, giving up: unhandled errors in a TaskGroup (1 sub-exception)
WARNING tools.mcp_tool: Failed to connect to MCP server 'qmd' (command=qmd): Connection closed
ERROR gateway.platforms.base: [Discord] Discord bot token already in use (PID 32775). Stop the other gateway first.
WARNING gateway.run: ✗ discord failed to connect
ERROR gateway.run: Gateway hit a non-retryable startup conflict: discord: Discord bot token already in use (PID 32775). Stop the other gateway first.
ERROR gateway.run: Gateway exiting cleanly: discord: Discord bot token already in use (PID 32775). Stop the other gateway first.
[33m⚠ Deprecated .env settings detected:[0m
  [33m⚠[0m MESSAGING_CWD=~/Smith found in .env — this is deprecated.
  [2mMove to config.yaml instead:  terminal:\n    cwd: /your/project/path[0m
  [2mThen remove the old entries from /Users/Jeff/.hermes/profiles/smith/.env[0m

WARNING tools.mcp_tool: MCP server 'qmd' initial connection failed (attempt 1/3), retrying in 1s: unhandled errors in a TaskGroup (1 sub-exception)
WARNING tools.mcp_tool: MCP server 'qmd' initial connection failed (attempt 2/3), retrying in 2s: unhandled errors in a TaskGroup (1 sub-exception)
WARNING tools.mcp_tool: MCP server 'qmd' initial connection failed (attempt 3/3), retrying in 4s: unhandled errors in a TaskGroup (1 sub-exception)
WARNING tools.mcp_tool: MCP server 'qmd' failed initial connection after 3 attempts, giving up: unhandled errors in a TaskGroup (1 sub-exception)
WARNING tools.mcp_tool: Failed to connect to MCP server 'qmd' (command=qmd): Connection closed
ERROR gateway.platforms.base: [Discord] Discord bot token already in use (PID 32775). Stop the other gateway first.
WARNING gateway.run: ✗ discord failed to connect
ERROR gateway.run: Gateway hit a non-retryable startup conflict: discord: Discord bot token already in use (PID 32775). Stop the other gateway first.
ERROR gateway.run: Gateway exiting cleanly: discord: Discord bot token already in use (PID 32775). Stop the other gateway first.
[33m⚠ Deprecated .env settings detected:[0m
  [33m⚠[0m MESSAGING_CWD=~/Smith found in .env — this is deprecated.
  [2mMove to config.yaml instead:  terminal:\n    cwd: /your/project/path[0m
  [2mThen remove the old entries from /Users/Jeff/.hermes/profiles/smith/.env[0m

WARNING tools.mcp_tool: MCP server 'qmd' initial connection failed (attempt 1/3), retrying in 1s: unhandled errors in a TaskGroup (1 sub-exception)
WARNING tools.mcp_tool: MCP server 'qmd' initial connection failed (attempt 2/3), retrying in 2s: unhandled errors in a TaskGroup (1 sub-exception)
WARNING tools.mcp_tool: MCP server 'qmd' initial connection failed (attempt 3/3), retrying in 4s: unhandled errors in a TaskGroup (1 sub-exception)
WARNING tools.mcp_tool: MCP server 'qmd' failed initial connection after 3 attempts, giving up: unhandled errors in a TaskGroup (1 sub-exception)
WARNING tools.mcp_tool: Failed to connect to MCP server 'qmd' (command=qmd): Connection closed
ERROR gateway.platforms.base: [Discord] Discord bot token already in use (PID 32775). Stop the other gateway first.
WARNING gateway.run: ✗ discord failed to connect
ERROR gateway.run: Gateway hit a non-retryable startup conflict: discord: Discord bot token already in use (PID 32775). Stop the other gateway first.
ERROR gateway.run: Gateway exiting cleanly: discord: Discord bot token already in use (PID 32775). Stop the other gateway first.
[33m⚠ Deprecated .env settings detected:[0m
  [33m⚠[0m MESSAGING_CWD=~/Smith found in .env — this is deprecated.
  [2mMove to config.yaml instead:  terminal:\n    cwd: /your/project/path[0m
  [2mThen remove the old entries from /Users/Jeff/.hermes/profiles/smith/.env[0m

WARNING tools.mcp_tool: MCP server 'qmd' initial connection failed (attempt 1/3), retrying in 1s: unhandled errors in a TaskGroup (1 sub-exception)
WARNING tools.mcp_tool: MCP server 'qmd' initial connection failed (attempt 2/3), retrying in 2s: unhandled errors in a TaskGroup (1 sub-exception)
WARNING tools.mcp_tool: MCP server 'qmd' initial connection failed (attempt 3/3), retrying in 4s: unhandled errors in a TaskGroup (1 sub-exception)
WARNING tools.mcp_tool: MCP server 'qmd' failed initial connection after 3 attempts, giving up: unhandled errors in a TaskGroup (1 sub-exception)
WARNING tools.mcp_tool: Failed to connect to MCP server 'qmd' (command=qmd): Connection closed
ERROR gateway.platforms.base: [Discord] Discord bot token already in use (PID 32775). Stop the other gateway first.
WARNING gateway.run: ✗ discord failed to connect
ERROR gateway.run: Gateway hit a non-retryable startup conflict: discord: Discord bot token already in use (PID 32775). Stop the other gateway first.
ERROR gateway.run: Gateway exiting cleanly: discord: Discord bot token already in use (PID 32775). Stop the other gateway first.
[33m⚠ Deprecated .env settings detected:[0m
  [33m⚠[0m MESSAGING_CWD=~/Smith found in .env — this is deprecated.
  [2mMove to config.yaml instead:  terminal:\n    cwd: /your/project/path[0m
  [2mThen remove the old entries from /Users/Jeff/.hermes/profiles/smith/.env[0m

WARNING tools.mcp_tool: MCP server 'qmd' initial connection failed (attempt 1/3), retrying in 1s: unhandled errors in a TaskGroup (1 sub-exception)
WARNING tools.mcp_tool: MCP server 'qmd' initial connection failed (attempt 2/3), retrying in 2s: unhandled errors in a TaskGroup (1 sub-exception)
WARNING tools.mcp_tool: MCP server 'qmd' initial connection failed (attempt 3/3), retrying in 4s: unhandled errors in a TaskGroup (1 sub-exception)
WARNING tools.mcp_tool: MCP server 'qmd' failed initial connection after 3 attempts, giving up: unhandled errors in a TaskGroup (1 sub-exception)
WARNING tools.mcp_tool: Failed to connect to MCP server 'qmd' (command=qmd): Connection closed
ERROR gateway.platforms.base: [Discord] Discord bot token already in use (PID 32775). Stop the other gateway first.
WARNING gateway.run: ✗ discord failed to connect
ERROR gateway.run: Gateway hit a non-retryable startup conflict: discord: Discord bot token already in use (PID 32775). Stop the other gateway first.
ERROR gateway.run: Gateway exiting cleanly: discord: Discord bot token already in use (PID 32775). Stop the other gateway first.
[33m⚠ Deprecated .env settings detected:[0m
  [33m⚠[0m MESSAGING_CWD=~/Smith found in .env — this is deprecated.
  [2mMove to config.yaml instead:  terminal:\n    cwd: /your/project/path[0m
  [2mThen remove the old entries from /Users/Jeff/.hermes/profiles/smith/.env[0m

WARNING tools.mcp_tool: MCP server 'qmd' initial connection failed (attempt 1/3), retrying in 1s: unhandled errors in a TaskGroup (1 sub-exception)
WARNING tools.mcp_tool: MCP server 'qmd' initial connection failed (attempt 2/3), retrying in 2s: unhandled errors in a TaskGroup (1 sub-exception)
WARNING tools.mcp_tool: MCP server 'qmd' initial connection failed (attempt 3/3), retrying in 4s: unhandled errors in a TaskGroup (1 sub-exception)
WARNING tools.mcp_tool: MCP server 'qmd' failed initial connection after 3 attempts, giving up: unhandled errors in a TaskGroup (1 sub-exception)
WARNING tools.mcp_tool: Failed to connect to MCP server 'qmd' (command=qmd): Connection closed
ERROR gateway.platforms.base: [Discord] Discord bot token already in use (PID 32775). Stop the other gateway first.
WARNING gateway.run: ✗ discord failed to connect
ERROR gateway.run: Gateway hit a non-retryable startup conflict: discord: Discord bot token already in use (PID 32775). Stop the other gateway first.
ERROR gateway.run: Gateway exiting cleanly: discord: Discord bot token already in use (PID 32775). Stop the other gateway first.
[33m⚠ Deprecated .env settings detected:[0m
  [33m⚠[0m MESSAGING_CWD=~/Smith found in .env — this is deprecated.
  [2mMove to config.yaml instead:  terminal:\n    cwd: /your/project/path[0m
  [2mThen remove the old entries from /Users/Jeff/.hermes/profiles/smith/.env[0m

WARNING tools.mcp_tool: MCP server 'qmd' initial connection failed (attempt 1/3), retrying in 1s: unhandled errors in a TaskGroup (1 sub-exception)
WARNING tools.mcp_tool: MCP server 'qmd' initial connection failed (attempt 2/3), retrying in 2s: unhandled errors in a TaskGroup (1 sub-exception)
WARNING tools.mcp_tool: MCP server 'qmd' initial connection failed (attempt 3/3), retrying in 4s: unhandled errors in a TaskGroup (1 sub-exception)
WARNING tools.mcp_tool: MCP server 'qmd' failed initial connection after 3 attempts, giving up: unhandled errors in a TaskGroup (1 sub-exception)
WARNING tools.mcp_tool: Failed to connect to MCP server 'qmd' (command=qmd): Connection closed
ERROR gateway.platforms.base: [Discord] Discord bot token already in use (PID 32775). Stop the other gateway first.
WARNING gateway.run: ✗ discord failed to connect
ERROR gateway.run: Gateway hit a non-retryable startup conflict: discord: Discord bot token already in use (PID 32775). Stop the other gateway first.
ERROR gateway.run: Gateway exiting cleanly: discord: Discord bot token already in use (PID 32775). Stop the other gateway first.
[33m⚠ Deprecated .env settings detected:[0m
  [33m⚠[0m MESSAGING_CWD=~/Smith found in .env — this is deprecated.
  [2mMove to config.yaml instead:  terminal:\n    cwd: /your/project/path[0m
  [2mThen remove the old entries from /Users/Jeff/.hermes/profiles/smith/.env[0m

WARNING tools.mcp_tool: MCP server 'qmd' initial connection failed (attempt 1/3), retrying in 1s: unhandled errors in a TaskGroup (1 sub-exception)
WARNING tools.mcp_tool: MCP server 'qmd' initial connection failed (attempt 2/3), retrying in 2s: unhandled errors in a TaskGroup (1 sub-exception)
WARNING tools.mcp_tool: MCP server 'qmd' initial connection failed (attempt 3/3), retrying in 4s: unhandled errors in a TaskGroup (1 sub-exception)
WARNING tools.mcp_tool: MCP server 'qmd' failed initial connection after 3 attempts, giving up: unhandled errors in a TaskGroup (1 sub-exception)
WARNING tools.mcp_tool: Failed to connect to MCP server 'qmd' (command=qmd): Connection closed
ERROR gateway.platforms.base: [Discord] Discord bot token already in use (PID 32775). Stop the other gateway first.
WARNING gateway.run: ✗ discord failed to connect
ERROR gateway.run: Gateway hit a non-retryable startup conflict: discord: Discord bot token already in use (PID 32775). Stop the other gateway first.
ERROR gateway.run: Gateway exiting cleanly: discord: Discord bot token already in use (PID 32775). Stop the other gateway first.
[33m⚠ Deprecated .env settings detected:[0m
  [33m⚠[0m MESSAGING_CWD=~/Smith found in .env — this is deprecated.
  [2mMove to config.yaml instead:  terminal:\n    cwd: /your/project/path[0m
  [2mThen remove the old entries from /Users/Jeff/.hermes/profiles/smith/.env[0m

WARNING tools.mcp_tool: MCP server 'qmd' initial connection failed (attempt 1/3), retrying in 1s: unhandled errors in a TaskGroup (1 sub-exception)
WARNING tools.mcp_tool: MCP server 'qmd' initial connection failed (attempt 2/3), retrying in 2s: unhandled errors in a TaskGroup (1 sub-exception)
WARNING tools.mcp_tool: MCP server 'qmd' initial connection failed (attempt 3/3), retrying in 4s: unhandled errors in a TaskGroup (1 sub-exception)
WARNING tools.mcp_tool: MCP server 'qmd' failed initial connection after 3 attempts, giving up: unhandled errors in a TaskGroup (1 sub-exception)
WARNING tools.mcp_tool: Failed to connect to MCP server 'qmd' (command=qmd): Connection closed
ERROR gateway.platforms.base: [Discord] Discord bot token already in use (PID 32775). Stop the other gateway first.
WARNING gateway.run: ✗ discord failed to connect
ERROR gateway.run: Gateway hit a non-retryable startup conflict: discord: Discord bot token already in use (PID 32775). Stop the other gateway first.
ERROR gateway.run: Gateway exiting cleanly: discord: Discord bot token already in use (PID 32775). Stop the other gateway first.
[33m⚠ Deprecated .env settings detected:[0m
  [33m⚠[0m MESSAGING_CWD=~/Smith found in .env — this is deprecated.
  [2mMove to config.yaml instead:  terminal:\n    cwd: /your/project/path[0m
  [2mThen remove the old entries from /Users/Jeff/.hermes/profiles/smith/.env[0m

WARNING tools.mcp_tool: MCP server 'qmd' initial connection failed (attempt 1/3), retrying in 1s: unhandled errors in a TaskGroup (1 sub-exception)
WARNING tools.mcp_tool: MCP server 'qmd' initial connection failed (attempt 2/3), retrying in 2s: unhandled errors in a TaskGroup (1 sub-exception)
WARNING tools.mcp_tool: MCP server 'qmd' initial connection failed (attempt 3/3), retrying in 4s: unhandled errors in a TaskGroup (1 sub-exception)
WARNING tools.mcp_tool: MCP server 'qmd' failed initial connection after 3 attempts, giving up: unhandled errors in a TaskGroup (1 sub-exception)
WARNING tools.mcp_tool: Failed to connect to MCP server 'qmd' (command=qmd): Connection closed
ERROR gateway.platforms.base: [Discord] Discord bot token already in use (PID 32775). Stop the other gateway first.
WARNING gateway.run: ✗ discord failed to connect
ERROR gateway.run: Gateway hit a non-retryable startup conflict: discord: Discord bot token already in use (PID 32775). Stop the other gateway first.
ERROR gateway.run: Gateway exiting cleanly: discord: Discord bot token already in use (PID 32775). Stop the other gateway first.
[33m⚠ Deprecated .env settings detected:[0m
  [33m⚠[0m MESSAGING_CWD=~/Smith found in .env — this is deprecated.
  [2mMove to config.yaml instead:  terminal:\n    cwd: /your/project/path[0m
  [2mThen remove the old entries from /Users/Jeff/.hermes/profiles/smith/.env[0m

WARNING tools.mcp_tool: MCP server 'qmd' initial connection failed (attempt 1/3), retrying in 1s: unhandled errors in a TaskGroup (1 sub-exception)
WARNING tools.mcp_tool: MCP server 'qmd' initial connection failed (attempt 2/3), retrying in 2s: unhandled errors in a TaskGroup (1 sub-exception)
WARNING tools.mcp_tool: MCP server 'qmd' initial connection failed (attempt 3/3), retrying in 4s: unhandled errors in a TaskGroup (1 sub-exception)
WARNING tools.mcp_tool: MCP server 'qmd' failed initial connection after 3 attempts, giving up: unhandled errors in a TaskGroup (1 sub-exception)
WARNING tools.mcp_tool: Failed to connect to MCP server 'qmd' (command=qmd): Connection closed
ERROR gateway.platforms.base: [Discord] Discord bot token already in use (PID 32775). Stop the other gateway first.
WARNING gateway.run: ✗ discord failed to connect
ERROR gateway.run: Gateway hit a non-retryable startup conflict: discord: Discord bot token already in use (PID 32775). Stop the other gateway first.
ERROR gateway.run: Gateway exiting cleanly: discord: Discord bot token already in use (PID 32775). Stop the other gateway first.
[33m⚠ Deprecated .env settings detected:[0m
  [33m⚠[0m MESSAGING_CWD=~/Smith found in .env — this is deprecated.
  [2mMove to config.yaml instead:  terminal:\n    cwd: /your/project/path[0m
  [2mThen remove the old entries from /Users/Jeff/.hermes/profiles/smith/.env[0m

WARNING tools.mcp_tool: MCP server 'qmd' initial connection failed (attempt 1/3), retrying in 1s: unhandled errors in a TaskGroup (1 sub-exception)
WARNING tools.mcp_tool: MCP server 'qmd' initial connection failed (attempt 2/3), retrying in 2s: unhandled errors in a TaskGroup (1 sub-exception)
WARNING tools.mcp_tool: MCP server 'qmd' initial connection failed (attempt 3/3), retrying in 4s: unhandled errors in a TaskGroup (1 sub-exception)
WARNING tools.mcp_tool: MCP server 'qmd' failed initial connection after 3 attempts, giving up: unhandled errors in a TaskGroup (1 sub-exception)
WARNING tools.mcp_tool: Failed to connect to MCP server 'qmd' (command=qmd): Connection closed
ERROR gateway.platforms.base: [Discord] Discord bot token already in use (PID 32775). Stop the other gateway first.
WARNING gateway.run: ✗ discord failed to connect
ERROR gateway.run: Gateway hit a non-retryable startup conflict: discord: Discord bot token already in use (PID 32775). Stop the other gateway first.
ERROR gateway.run: Gateway exiting cleanly: discord: Discord bot token already in use (PID 32775). Stop the other gateway first.
[33m⚠ Deprecated .env settings detected:[0m
  [33m⚠[0m MESSAGING_CWD=~/Smith found in .env — this is deprecated.
  [2mMove to config.yaml instead:  terminal:\n    cwd: /your/project/path[0m
  [2mThen remove the old entries from /Users/Jeff/.hermes/profiles/smith/.env[0m

WARNING tools.mcp_tool: MCP server 'qmd' initial connection failed (attempt 1/3), retrying in 1s: unhandled errors in a TaskGroup (1 sub-exception)
WARNING tools.mcp_tool: MCP server 'qmd' initial connection failed (attempt 2/3), retrying in 2s: unhandled errors in a TaskGroup (1 sub-exception)
WARNING tools.mcp_tool: MCP server 'qmd' initial connection failed (attempt 3/3), retrying in 4s: unhandled errors in a TaskGroup (1 sub-exception)
WARNING tools.mcp_tool: MCP server 'qmd' failed initial connection after 3 attempts, giving up: unhandled errors in a TaskGroup (1 sub-exception)
WARNING tools.mcp_tool: Failed to connect to MCP server 'qmd' (command=qmd): Connection closed
ERROR gateway.platforms.base: [Discord] Discord bot token already in use (PID 32775). Stop the other gateway first.
WARNING gateway.run: ✗ discord failed to connect
ERROR gateway.run: Gateway hit a non-retryable startup conflict: discord: Discord bot token already in use (PID 32775). Stop the other gateway first.
ERROR gateway.run: Gateway exiting cleanly: discord: Discord bot token already in use (PID 32775). Stop the other gateway first.
[33m⚠ Deprecated .env settings detected:[0m
  [33m⚠[0m MESSAGING_CWD=~/Smith found in .env — this is deprecated.
  [2mMove to config.yaml instead:  terminal:\n    cwd: /your/project/path[0m
  [2mThen remove the old entries from /Users/Jeff/.hermes/profiles/smith/.env[0m

WARNING tools.mcp_tool: MCP server 'qmd' initial connection failed (attempt 1/3), retrying in 1s: unhandled errors in a TaskGroup (1 sub-exception)
WARNING tools.mcp_tool: MCP server 'qmd' initial connection failed (attempt 2/3), retrying in 2s: unhandled errors in a TaskGroup (1 sub-exception)
WARNING tools.mcp_tool: MCP server 'qmd' initial connection failed (attempt 3/3), retrying in 4s: unhandled errors in a TaskGroup (1 sub-exception)
WARNING tools.mcp_tool: MCP server 'qmd' failed initial connection after 3 attempts, giving up: unhandled errors in a TaskGroup (1 sub-exception)
WARNING tools.mcp_tool: Failed to connect to MCP server 'qmd' (command=qmd): Connection closed
ERROR gateway.platforms.base: [Discord] Discord bot token already in use (PID 32775). Stop the other gateway first.
WARNING gateway.run: ✗ discord failed to connect
ERROR gateway.run: Gateway hit a non-retryable startup conflict: discord: Discord bot token already in use (PID 32775). Stop the other gateway first.
ERROR gateway.run: Gateway exiting cleanly: discord: Discord bot token already in use (PID 32775). Stop the other gateway first.
[33m⚠ Deprecated .env settings detected:[0m
  [33m⚠[0m MESSAGING_CWD=~/Smith found in .env — this is deprecated.
  [2mMove to config.yaml instead:  terminal:\n    cwd: /your/project/path[0m
  [2mThen remove the old entries from /Users/Jeff/.hermes/profiles/smith/.env[0m

WARNING tools.mcp_tool: MCP server 'qmd' initial connection failed (attempt 1/3), retrying in 1s: unhandled errors in a TaskGroup (1 sub-exception)
WARNING tools.mcp_tool: MCP server 'qmd' initial connection failed (attempt 2/3), retrying in 2s: unhandled errors in a TaskGroup (1 sub-exception)
WARNING tools.mcp_tool: MCP server 'qmd' initial connection failed (attempt 3/3), retrying in 4s: unhandled errors in a TaskGroup (1 sub-exception)
WARNING tools.mcp_tool: MCP server 'qmd' failed initial connection after 3 attempts, giving up: unhandled errors in a TaskGroup (1 sub-exception)
WARNING tools.mcp_tool: Failed to connect to MCP server 'qmd' (command=qmd): Connection closed
ERROR gateway.platforms.base: [Discord] Discord bot token already in use (PID 32775). Stop the other gateway first.
WARNING gateway.run: ✗ discord failed to connect
ERROR gateway.run: Gateway hit a non-retryable startup conflict: discord: Discord bot token already in use (PID 32775). Stop the other gateway first.
ERROR gateway.run: Gateway exiting cleanly: discord: Discord bot token already in use (PID 32775). Stop the other gateway first.
[33m⚠ Deprecated .env settings detected:[0m
  [33m⚠[0m MESSAGING_CWD=~/Smith found in .env — this is deprecated.
  [2mMove to config.yaml instead:  terminal:\n    cwd: /your/project/path[0m
  [2mThen remove the old entries from /Users/Jeff/.hermes/profiles/smith/.env[0m

WARNING tools.mcp_tool: MCP server 'qmd' initial connection failed (attempt 1/3), retrying in 1s: unhandled errors in a TaskGroup (1 sub-exception)
WARNING tools.mcp_tool: MCP server 'qmd' initial connection failed (attempt 2/3), retrying in 2s: unhandled errors in a TaskGroup (1 sub-exception)
WARNING tools.mcp_tool: MCP server 'qmd' initial connection failed (attempt 3/3), retrying in 4s: unhandled errors in a TaskGroup (1 sub-exception)
WARNING tools.mcp_tool: MCP server 'qmd' failed initial connection after 3 attempts, giving up: unhandled errors in a TaskGroup (1 sub-exception)
WARNING tools.mcp_tool: Failed to connect to MCP server 'qmd' (command=qmd): Connection closed
ERROR gateway.platforms.base: [Discord] Discord bot token already in use (PID 32775). Stop the other gateway first.
WARNING gateway.run: ✗ discord failed to connect
ERROR gateway.run: Gateway hit a non-retryable startup conflict: discord: Discord bot token already in use (PID 32775). Stop the other gateway first.
ERROR gateway.run: Gateway exiting cleanly: discord: Discord bot token already in use (PID 32775). Stop the other gateway first.
[33m⚠ Deprecated .env settings detected:[0m
  [33m⚠[0m MESSAGING_CWD=~/Smith found in .env — this is deprecated.
  [2mMove to config.yaml instead:  terminal:\n    cwd: /your/project/path[0m
  [2mThen remove the old entries from /Users/Jeff/.hermes/profiles/smith/.env[0m

WARNING tools.mcp_tool: MCP server 'qmd' initial connection failed (attempt 1/3), retrying in 1s: unhandled errors in a TaskGroup (1 sub-exception)
WARNING tools.mcp_tool: MCP server 'qmd' initial connection failed (attempt 2/3), retrying in 2s: unhandled errors in a TaskGroup (1 sub-exception)
WARNING tools.mcp_tool: MCP server 'qmd' initial connection failed (attempt 3/3), retrying in 4s: unhandled errors in a TaskGroup (1 sub-exception)
WARNING tools.mcp_tool: MCP server 'qmd' failed initial connection after 3 attempts, giving up: unhandled errors in a TaskGroup (1 sub-exception)
WARNING tools.mcp_tool: Failed to connect to MCP server 'qmd' (command=qmd): Connection closed
ERROR gateway.platforms.base: [Discord] Discord bot token already in use (PID 32775). Stop the other gateway first.
WARNING gateway.run: ✗ discord failed to connect
ERROR gateway.run: Gateway hit a non-retryable startup conflict: discord: Discord bot token already in use (PID 32775). Stop the other gateway first.
ERROR gateway.run: Gateway exiting cleanly: discord: Discord bot token already in use (PID 32775). Stop the other gateway first.
[33m⚠ Deprecated .env settings detected:[0m
  [33m⚠[0m MESSAGING_CWD=~/Smith found in .env — this is deprecated.
  [2mMove to config.yaml instead:  terminal:\n    cwd: /your/project/path[0m
  [2mThen remove the old entries from /Users/Jeff/.hermes/profiles/smith/.env[0m

WARNING tools.mcp_tool: MCP server 'qmd' initial connection failed (attempt 1/3), retrying in 1s: unhandled errors in a TaskGroup (1 sub-exception)
WARNING tools.mcp_tool: MCP server 'qmd' initial connection failed (attempt 2/3), retrying in 2s: unhandled errors in a TaskGroup (1 sub-exception)
WARNING tools.mcp_tool: MCP server 'qmd' initial connection failed (attempt 3/3), retrying in 4s: unhandled errors in a TaskGroup (1 sub-exception)
WARNING tools.mcp_tool: MCP server 'qmd' failed initial connection after 3 attempts, giving up: unhandled errors in a TaskGroup (1 sub-exception)
WARNING tools.mcp_tool: Failed to connect to MCP server 'qmd' (command=qmd): Connection closed
ERROR gateway.platforms.base: [Discord] Discord bot token already in use (PID 32775). Stop the other gateway first.
WARNING gateway.run: ✗ discord failed to connect
ERROR gateway.run: Gateway hit a non-retryable startup conflict: discord: Discord bot token already in use (PID 32775). Stop the other gateway first.
ERROR gateway.run: Gateway exiting cleanly: discord: Discord bot token already in use (PID 32775). Stop the other gateway first.
[33m⚠ Deprecated .env settings detected:[0m
  [33m⚠[0m MESSAGING_CWD=~/Smith found in .env — this is deprecated.
  [2mMove to config.yaml instead:  terminal:\n    cwd: /your/project/path[0m
  [2mThen remove the old entries from /Users/Jeff/.hermes/profiles/smith/.env[0m

WARNING tools.mcp_tool: MCP server 'qmd' initial connection failed (attempt 1/3), retrying in 1s: unhandled errors in a TaskGroup (1 sub-exception)
WARNING tools.mcp_tool: MCP server 'qmd' initial connection failed (attempt 2/3), retrying in 2s: unhandled errors in a TaskGroup (1 sub-exception)
WARNING tools.mcp_tool: MCP server 'qmd' initial connection failed (attempt 3/3), retrying in 4s: unhandled errors in a TaskGroup (1 sub-exception)
WARNING tools.mcp_tool: MCP server 'qmd' failed initial connection after 3 attempts, giving up: unhandled errors in a TaskGroup (1 sub-exception)
WARNING tools.mcp_tool: Failed to connect to MCP server 'qmd' (command=qmd): Connection closed
ERROR gateway.platforms.base: [Discord] Discord bot token already in use (PID 32775). Stop the other gateway first.
WARNING gateway.run: ✗ discord failed to connect
ERROR gateway.run: Gateway hit a non-retryable startup conflict: discord: Discord bot token already in use (PID 32775). Stop the other gateway first.
ERROR gateway.run: Gateway exiting cleanly: discord: Discord bot token already in use (PID 32775). Stop the other gateway first.
[33m⚠ Deprecated .env settings detected:[0m
  [33m⚠[0m MESSAGING_CWD=~/Smith found in .env — this is deprecated.
  [2mMove to config.yaml instead:  terminal:\n    cwd: /your/project/path[0m
  [2mThen remove the old entries from /Users/Jeff/.hermes/profiles/smith/.env[0m

WARNING tools.mcp_tool: MCP server 'qmd' initial connection failed (attempt 1/3), retrying in 1s: unhandled errors in a TaskGroup (1 sub-exception)
WARNING tools.mcp_tool: MCP server 'qmd' initial connection failed (attempt 2/3), retrying in 2s: unhandled errors in a TaskGroup (1 sub-exception)
WARNING tools.mcp_tool: MCP server 'qmd' initial connection failed (attempt 3/3), retrying in 4s: unhandled errors in a TaskGroup (1 sub-exception)
WARNING tools.mcp_tool: MCP server 'qmd' failed initial connection after 3 attempts, giving up: unhandled errors in a TaskGroup (1 sub-exception)
WARNING tools.mcp_tool: Failed to connect to MCP server 'qmd' (command=qmd): Connection closed
ERROR gateway.platforms.base: [Discord] Discord bot token already in use (PID 32775). Stop the other gateway first.
WARNING gateway.run: ✗ discord failed to connect
ERROR gateway.run: Gateway hit a non-retryable startup conflict: discord: Discord bot token already in use (PID 32775). Stop the other gateway first.
ERROR gateway.run: Gateway exiting cleanly: discord: Discord bot token already in use (PID 32775). Stop the other gateway first.
[33m⚠ Deprecated .env settings detected:[0m
  [33m⚠[0m MESSAGING_CWD=~/Smith found in .env — this is deprecated.
  [2mMove to config.yaml instead:  terminal:\n    cwd: /your/project/path[0m
  [2mThen remove the old entries from /Users/Jeff/.hermes/profiles/smith/.env[0m

WARNING tools.mcp_tool: MCP server 'qmd' initial connection failed (attempt 1/3), retrying in 1s: unhandled errors in a TaskGroup (1 sub-exception)
WARNING tools.mcp_tool: MCP server 'qmd' initial connection failed (attempt 2/3), retrying in 2s: unhandled errors in a TaskGroup (1 sub-exception)
WARNING tools.mcp_tool: MCP server 'qmd' initial connection failed (attempt 3/3), retrying in 4s: unhandled errors in a TaskGroup (1 sub-exception)
WARNING tools.mcp_tool: MCP server 'qmd' failed initial connection after 3 attempts, giving up: unhandled errors in a TaskGroup (1 sub-exception)
WARNING tools.mcp_tool: Failed to connect to MCP server 'qmd' (command=qmd): Connection closed
ERROR gateway.platforms.base: [Discord] Discord bot token already in use (PID 32775). Stop the other gateway first.
WARNING gateway.run: ✗ discord failed to connect
ERROR gateway.run: Gateway hit a non-retryable startup conflict: discord: Discord bot token already in use (PID 32775). Stop the other gateway first.
ERROR gateway.run: Gateway exiting cleanly: discord: Discord bot token already in use (PID 32775). Stop the other gateway first.
[33m⚠ Deprecated .env settings detected:[0m
  [33m⚠[0m MESSAGING_CWD=~/Smith found in .env — this is deprecated.
  [2mMove to config.yaml instead:  terminal:\n    cwd: /your/project/path[0m
  [2mThen remove the old entries from /Users/Jeff/.hermes/profiles/smith/.env[0m

WARNING tools.mcp_tool: MCP server 'qmd' initial connection failed (attempt 1/3), retrying in 1s: unhandled errors in a TaskGroup (1 sub-exception)
WARNING tools.mcp_tool: MCP server 'qmd' initial connection failed (attempt 2/3), retrying in 2s: unhandled errors in a TaskGroup (1 sub-exception)
WARNING tools.mcp_tool: MCP server 'qmd' initial connection failed (attempt 3/3), retrying in 4s: unhandled errors in a TaskGroup (1 sub-exception)
WARNING tools.mcp_tool: MCP server 'qmd' failed initial connection after 3 attempts, giving up: unhandled errors in a TaskGroup (1 sub-exception)
WARNING tools.mcp_tool: Failed to connect to MCP server 'qmd' (command=qmd): Connection closed
ERROR gateway.platforms.base: [Discord] Discord bot token already in use (PID 32775). Stop the other gateway first.
WARNING gateway.run: ✗ discord failed to connect
ERROR gateway.run: Gateway hit a non-retryable startup conflict: discord: Discord bot token already in use (PID 32775). Stop the other gateway first.
ERROR gateway.run: Gateway exiting cleanly: discord: Discord bot token already in use (PID 32775). Stop the other gateway first.
[33m⚠ Deprecated .env settings detected:[0m
  [33m⚠[0m MESSAGING_CWD=~/Smith found in .env — this is deprecated.
  [2mMove to config.yaml instead:  terminal:\n    cwd: /your/project/path[0m
  [2mThen remove the old entries from /Users/Jeff/.hermes/profiles/smith/.env[0m

WARNING tools.mcp_tool: MCP server 'qmd' initial connection failed (attempt 1/3), retrying in 1s: unhandled errors in a TaskGroup (1 sub-exception)
WARNING tools.mcp_tool: MCP server 'qmd' initial connection failed (attempt 2/3), retrying in 2s: unhandled errors in a TaskGroup (1 sub-exception)
WARNING tools.mcp_tool: MCP server 'qmd' initial connection failed (attempt 3/3), retrying in 4s: unhandled errors in a TaskGroup (1 sub-exception)
WARNING tools.mcp_tool: MCP server 'qmd' failed initial connection after 3 attempts, giving up: unhandled errors in a TaskGroup (1 sub-exception)
WARNING tools.mcp_tool: Failed to connect to MCP server 'qmd' (command=qmd): Connection closed
ERROR gateway.platforms.base: [Discord] Discord bot token already in use (PID 32775). Stop the other gateway first.
WARNING gateway.run: ✗ discord failed to connect
ERROR gateway.run: Gateway hit a non-retryable startup conflict: discord: Discord bot token already in use (PID 32775). Stop the other gateway first.
ERROR gateway.run: Gateway exiting cleanly: discord: Discord bot token already in use (PID 32775). Stop the other gateway first.
[33m⚠ Deprecated .env settings detected:[0m
  [33m⚠[0m MESSAGING_CWD=~/Smith found in .env — this is deprecated.
  [2mMove to config.yaml instead:  terminal:\n    cwd: /your/project/path[0m
  [2mThen remove the old entries from /Users/Jeff/.hermes/profiles/smith/.env[0m

WARNING tools.mcp_tool: MCP server 'qmd' initial connection failed (attempt 1/3), retrying in 1s: unhandled errors in a TaskGroup (1 sub-exception)
WARNING tools.mcp_tool: MCP server 'qmd' initial connection failed (attempt 2/3), retrying in 2s: unhandled errors in a TaskGroup (1 sub-exception)
WARNING tools.mcp_tool: MCP server 'qmd' initial connection failed (attempt 3/3), retrying in 4s: unhandled errors in a TaskGroup (1 sub-exception)
WARNING tools.mcp_tool: MCP server 'qmd' failed initial connection after 3 attempts, giving up: unhandled errors in a TaskGroup (1 sub-exception)
WARNING tools.mcp_tool: Failed to connect to MCP server 'qmd' (command=qmd): Connection closed
ERROR gateway.platforms.base: [Discord] Discord bot token already in use (PID 32775). Stop the other gateway first.
WARNING gateway.run: ✗ discord failed to connect
ERROR gateway.run: Gateway hit a non-retryable startup conflict: discord: Discord bot token already in use (PID 32775). Stop the other gateway first.
ERROR gateway.run: Gateway exiting cleanly: discord: Discord bot token already in use (PID 32775). Stop the other gateway first.
[33m⚠ Deprecated .env settings detected:[0m
  [33m⚠[0m MESSAGING_CWD=~/Smith found in .env — this is deprecated.
  [2mMove to config.yaml instead:  terminal:\n    cwd: /your/project/path[0m
  [2mThen remove the old entries from /Users/Jeff/.hermes/profiles/smith/.env[0m

WARNING tools.mcp_tool: MCP server 'qmd' initial connection failed (attempt 1/3), retrying in 1s: unhandled errors in a TaskGroup (1 sub-exception)
WARNING tools.mcp_tool: MCP server 'qmd' initial connection failed (attempt 2/3), retrying in 2s: unhandled errors in a TaskGroup (1 sub-exception)
WARNING tools.mcp_tool: MCP server 'qmd' initial connection failed (attempt 3/3), retrying in 4s: unhandled errors in a TaskGroup (1 sub-exception)
WARNING tools.mcp_tool: MCP server 'qmd' failed initial connection after 3 attempts, giving up: unhandled errors in a TaskGroup (1 sub-exception)
WARNING tools.mcp_tool: Failed to connect to MCP server 'qmd' (command=qmd): Connection closed
ERROR gateway.platforms.base: [Discord] Discord bot token already in use (PID 32775). Stop the other gateway first.
WARNING gateway.run: ✗ discord failed to connect
ERROR gateway.run: Gateway hit a non-retryable startup conflict: discord: Discord bot token already in use (PID 32775). Stop the other gateway first.
ERROR gateway.run: Gateway exiting cleanly: discord: Discord bot token already in use (PID 32775). Stop the other gateway first.
[33m⚠ Deprecated .env settings detected:[0m
  [33m⚠[0m MESSAGING_CWD=~/Smith found in .env — this is deprecated.
  [2mMove to config.yaml instead:  terminal:\n    cwd: /your/project/path[0m
  [2mThen remove the old entries from /Users/Jeff/.hermes/profiles/smith/.env[0m

WARNING tools.mcp_tool: MCP server 'qmd' initial connection failed (attempt 1/3), retrying in 1s: unhandled errors in a TaskGroup (1 sub-exception)
WARNING tools.mcp_tool: MCP server 'qmd' initial connection failed (attempt 2/3), retrying in 2s: unhandled errors in a TaskGroup (1 sub-exception)
WARNING tools.mcp_tool: MCP server 'qmd' initial connection failed (attempt 3/3), retrying in 4s: unhandled errors in a TaskGroup (1 sub-exception)
WARNING tools.mcp_tool: MCP server 'qmd' failed initial connection after 3 attempts, giving up: unhandled errors in a TaskGroup (1 sub-exception)
WARNING tools.mcp_tool: Failed to connect to MCP server 'qmd' (command=qmd): Connection closed
ERROR gateway.platforms.base: [Discord] Discord bot token already in use (PID 32775). Stop the other gateway first.
WARNING gateway.run: ✗ discord failed to connect
ERROR gateway.run: Gateway hit a non-retryable startup conflict: discord: Discord bot token already in use (PID 32775). Stop the other gateway first.
ERROR gateway.run: Gateway exiting cleanly: discord: Discord bot token already in use (PID 32775). Stop the other gateway first.
[33m⚠ Deprecated .env settings detected:[0m
  [33m⚠[0m MESSAGING_CWD=~/Smith found in .env — this is deprecated.
  [2mMove to config.yaml instead:  terminal:\n    cwd: /your/project/path[0m
  [2mThen remove the old entries from /Users/Jeff/.hermes/profiles/smith/.env[0m

WARNING tools.mcp_tool: MCP server 'qmd' initial connection failed (attempt 1/3), retrying in 1s: unhandled errors in a TaskGroup (1 sub-exception)
WARNING tools.mcp_tool: MCP server 'qmd' initial connection failed (attempt 2/3), retrying in 2s: unhandled errors in a TaskGroup (1 sub-exception)
WARNING tools.mcp_tool: MCP server 'qmd' initial connection failed (attempt 3/3), retrying in 4s: unhandled errors in a TaskGroup (1 sub-exception)
WARNING tools.mcp_tool: MCP server 'qmd' failed initial connection after 3 attempts, giving up: unhandled errors in a TaskGroup (1 sub-exception)
WARNING tools.mcp_tool: Failed to connect to MCP server 'qmd' (command=qmd): Connection closed
ERROR gateway.platforms.base: [Discord] Discord bot token already in use (PID 32775). Stop the other gateway first.
WARNING gateway.run: ✗ discord failed to connect
ERROR gateway.run: Gateway hit a non-retryable startup conflict: discord: Discord bot token already in use (PID 32775). Stop the other gateway first.
ERROR gateway.run: Gateway exiting cleanly: discord: Discord bot token already in use (PID 32775). Stop the other gateway first.
[33m⚠ Deprecated .env settings detected:[0m
  [33m⚠[0m MESSAGING_CWD=~/Smith found in .env — this is deprecated.
  [2mMove to config.yaml instead:  terminal:\n    cwd: /your/project/path[0m
  [2mThen remove the old entries from /Users/Jeff/.hermes/profiles/smith/.env[0m

WARNING tools.mcp_tool: MCP server 'qmd' initial connection failed (attempt 1/3), retrying in 1s: unhandled errors in a TaskGroup (1 sub-exception)
WARNING tools.mcp_tool: MCP server 'qmd' initial connection failed (attempt 2/3), retrying in 2s: unhandled errors in a TaskGroup (1 sub-exception)
WARNING tools.mcp_tool: MCP server 'qmd' initial connection failed (attempt 3/3), retrying in 4s: unhandled errors in a TaskGroup (1 sub-exception)
WARNING tools.mcp_tool: MCP server 'qmd' failed initial connection after 3 attempts, giving up: unhandled errors in a TaskGroup (1 sub-exception)
WARNING tools.mcp_tool: Failed to connect to MCP server 'qmd' (command=qmd): Connection closed
ERROR gateway.platforms.base: [Discord] Discord bot token already in use (PID 32775). Stop the other gateway first.
WARNING gateway.run: ✗ discord failed to connect
ERROR gateway.run: Gateway hit a non-retryable startup conflict: discord: Discord bot token already in use (PID 32775). Stop the other gateway first.
ERROR gateway.run: Gateway exiting cleanly: discord: Discord bot token already in use (PID 32775). Stop the other gateway first.
[33m⚠ Deprecated .env settings detected:[0m
  [33m⚠[0m MESSAGING_CWD=~/Smith found in .env — this is deprecated.
  [2mMove to config.yaml instead:  terminal:\n    cwd: /your/project/path[0m
  [2mThen remove the old entries from /Users/Jeff/.hermes/profiles/smith/.env[0m

WARNING tools.mcp_tool: MCP server 'qmd' initial connection failed (attempt 1/3), retrying in 1s: unhandled errors in a TaskGroup (1 sub-exception)
WARNING tools.mcp_tool: MCP server 'qmd' initial connection failed (attempt 2/3), retrying in 2s: unhandled errors in a TaskGroup (1 sub-exception)
WARNING tools.mcp_tool: MCP server 'qmd' initial connection failed (attempt 3/3), retrying in 4s: unhandled errors in a TaskGroup (1 sub-exception)
WARNING tools.mcp_tool: MCP server 'qmd' failed initial connection after 3 attempts, giving up: unhandled errors in a TaskGroup (1 sub-exception)
WARNING tools.mcp_tool: Failed to connect to MCP server 'qmd' (command=qmd): Connection closed
ERROR gateway.platforms.base: [Discord] Discord bot token already in use (PID 32775). Stop the other gateway first.
WARNING gateway.run: ✗ discord failed to connect
ERROR gateway.run: Gateway hit a non-retryable startup conflict: discord: Discord bot token already in use (PID 32775). Stop the other gateway first.
ERROR gateway.run: Gateway exiting cleanly: discord: Discord bot token already in use (PID 32775). Stop the other gateway first.
[33m⚠ Deprecated .env settings detected:[0m
  [33m⚠[0m MESSAGING_CWD=~/Smith found in .env — this is deprecated.
  [2mMove to config.yaml instead:  terminal:\n    cwd: /your/project/path[0m
  [2mThen remove the old entries from /Users/Jeff/.hermes/profiles/smith/.env[0m

WARNING tools.mcp_tool: MCP server 'qmd' initial connection failed (attempt 1/3), retrying in 1s: unhandled errors in a TaskGroup (1 sub-exception)
WARNING tools.mcp_tool: MCP server 'qmd' initial connection failed (attempt 2/3), retrying in 2s: unhandled errors in a TaskGroup (1 sub-exception)
WARNING tools.mcp_tool: MCP server 'qmd' initial connection failed (attempt 3/3), retrying in 4s: unhandled errors in a TaskGroup (1 sub-exception)
WARNING tools.mcp_tool: MCP server 'qmd' failed initial connection after 3 attempts, giving up: unhandled errors in a TaskGroup (1 sub-exception)
WARNING tools.mcp_tool: Failed to connect to MCP server 'qmd' (command=qmd): Connection closed
ERROR gateway.platforms.base: [Discord] Discord bot token already in use (PID 32775). Stop the other gateway first.
WARNING gateway.run: ✗ discord failed to connect
ERROR gateway.run: Gateway hit a non-retryable startup conflict: discord: Discord bot token already in use (PID 32775). Stop the other gateway first.
ERROR gateway.run: Gateway exiting cleanly: discord: Discord bot token already in use (PID 32775). Stop the other gateway first.
[33m⚠ Deprecated .env settings detected:[0m
  [33m⚠[0m MESSAGING_CWD=~/Smith found in .env — this is deprecated.
  [2mMove to config.yaml instead:  terminal:\n    cwd: /your/project/path[0m
  [2mThen remove the old entries from /Users/Jeff/.hermes/profiles/smith/.env[0m

WARNING tools.mcp_tool: MCP server 'qmd' initial connection failed (attempt 1/3), retrying in 1s: unhandled errors in a TaskGroup (1 sub-exception)
WARNING tools.mcp_tool: MCP server 'qmd' initial connection failed (attempt 2/3), retrying in 2s: unhandled errors in a TaskGroup (1 sub-exception)
WARNING tools.mcp_tool: MCP server 'qmd' initial connection failed (attempt 3/3), retrying in 4s: unhandled errors in a TaskGroup (1 sub-exception)
WARNING tools.mcp_tool: MCP server 'qmd' failed initial connection after 3 attempts, giving up: unhandled errors in a TaskGroup (1 sub-exception)
WARNING tools.mcp_tool: Failed to connect to MCP server 'qmd' (command=qmd): Connection closed
ERROR gateway.platforms.base: [Discord] Discord bot token already in use (PID 32775). Stop the other gateway first.
WARNING gateway.run: ✗ discord failed to connect
ERROR gateway.run: Gateway hit a non-retryable startup conflict: discord: Discord bot token already in use (PID 32775). Stop the other gateway first.
ERROR gateway.run: Gateway exiting cleanly: discord: Discord bot token already in use (PID 32775). Stop the other gateway first.
[33m⚠ Deprecated .env settings detected:[0m
  [33m⚠[0m MESSAGING_CWD=~/Smith found in .env — this is deprecated.
  [2mMove to config.yaml instead:  terminal:\n    cwd: /your/project/path[0m
  [2mThen remove the old entries from /Users/Jeff/.hermes/profiles/smith/.env[0m

WARNING tools.mcp_tool: MCP server 'qmd' initial connection failed (attempt 1/3), retrying in 1s: unhandled errors in a TaskGroup (1 sub-exception)
WARNING tools.mcp_tool: MCP server 'qmd' initial connection failed (attempt 2/3), retrying in 2s: unhandled errors in a TaskGroup (1 sub-exception)
WARNING tools.mcp_tool: MCP server 'qmd' initial connection failed (attempt 3/3), retrying in 4s: unhandled errors in a TaskGroup (1 sub-exception)
WARNING tools.mcp_tool: MCP server 'qmd' failed initial connection after 3 attempts, giving up: unhandled errors in a TaskGroup (1 sub-exception)
WARNING tools.mcp_tool: Failed to connect to MCP server 'qmd' (command=qmd): Connection closed
ERROR gateway.platforms.base: [Discord] Discord bot token already in use (PID 32775). Stop the other gateway first.
WARNING gateway.run: ✗ discord failed to connect
ERROR gateway.run: Gateway hit a non-retryable startup conflict: discord: Discord bot token already in use (PID 32775). Stop the other gateway first.
ERROR gateway.run: Gateway exiting cleanly: discord: Discord bot token already in use (PID 32775). Stop the other gateway first.
[33m⚠ Deprecated .env settings detected:[0m
  [33m⚠[0m MESSAGING_CWD=~/Smith found in .env — this is deprecated.
  [2mMove to config.yaml instead:  terminal:\n    cwd: /your/project/path[0m
  [2mThen remove the old entries from /Users/Jeff/.hermes/profiles/smith/.env[0m

WARNING tools.mcp_tool: MCP server 'qmd' initial connection failed (attempt 1/3), retrying in 1s: unhandled errors in a TaskGroup (1 sub-exception)
WARNING tools.mcp_tool: MCP server 'qmd' initial connection failed (attempt 2/3), retrying in 2s: unhandled errors in a TaskGroup (1 sub-exception)
WARNING tools.mcp_tool: MCP server 'qmd' initial connection failed (attempt 3/3), retrying in 4s: unhandled errors in a TaskGroup (1 sub-exception)
WARNING tools.mcp_tool: MCP server 'qmd' failed initial connection after 3 attempts, giving up: unhandled errors in a TaskGroup (1 sub-exception)
WARNING tools.mcp_tool: Failed to connect to MCP server 'qmd' (command=qmd): Connection closed
ERROR gateway.platforms.base: [Discord] Discord bot token already in use (PID 32775). Stop the other gateway first.
WARNING gateway.run: ✗ discord failed to connect
ERROR gateway.run: Gateway hit a non-retryable startup conflict: discord: Discord bot token already in use (PID 32775). Stop the other gateway first.
ERROR gateway.run: Gateway exiting cleanly: discord: Discord bot token already in use (PID 32775). Stop the other gateway first.
[33m⚠ Deprecated .env settings detected:[0m
  [33m⚠[0m MESSAGING_CWD=~/Smith found in .env — this is deprecated.
  [2mMove to config.yaml instead:  terminal:\n    cwd: /your/project/path[0m
  [2mThen remove the old entries from /Users/Jeff/.hermes/profiles/smith/.env[0m

WARNING tools.mcp_tool: MCP server 'qmd' initial connection failed (attempt 1/3), retrying in 1s: unhandled errors in a TaskGroup (1 sub-exception)
WARNING tools.mcp_tool: MCP server 'qmd' initial connection failed (attempt 2/3), retrying in 2s: unhandled errors in a TaskGroup (1 sub-exception)
WARNING tools.mcp_tool: MCP server 'qmd' initial connection failed (attempt 3/3), retrying in 4s: unhandled errors in a TaskGroup (1 sub-exception)
WARNING tools.mcp_tool: MCP server 'qmd' failed initial connection after 3 attempts, giving up: unhandled errors in a TaskGroup (1 sub-exception)
WARNING tools.mcp_tool: Failed to connect to MCP server 'qmd' (command=qmd): Connection closed
ERROR gateway.platforms.base: [Discord] Discord bot token already in use (PID 32775). Stop the other gateway first.
WARNING gateway.run: ✗ discord failed to connect
ERROR gateway.run: Gateway hit a non-retryable startup conflict: discord: Discord bot token already in use (PID 32775). Stop the other gateway first.
ERROR gateway.run: Gateway exiting cleanly: discord: Discord bot token already in use (PID 32775). Stop the other gateway first.
[33m⚠ Deprecated .env settings detected:[0m
  [33m⚠[0m MESSAGING_CWD=~/Smith found in .env — this is deprecated.
  [2mMove to config.yaml instead:  terminal:\n    cwd: /your/project/path[0m
  [2mThen remove the old entries from /Users/Jeff/.hermes/profiles/smith/.env[0m

WARNING tools.mcp_tool: MCP server 'qmd' initial connection failed (attempt 1/3), retrying in 1s: unhandled errors in a TaskGroup (1 sub-exception)
WARNING tools.mcp_tool: MCP server 'qmd' initial connection failed (attempt 2/3), retrying in 2s: unhandled errors in a TaskGroup (1 sub-exception)
WARNING tools.mcp_tool: MCP server 'qmd' initial connection failed (attempt 3/3), retrying in 4s: unhandled errors in a TaskGroup (1 sub-exception)
WARNING tools.mcp_tool: MCP server 'qmd' failed initial connection after 3 attempts, giving up: unhandled errors in a TaskGroup (1 sub-exception)
WARNING tools.mcp_tool: Failed to connect to MCP server 'qmd' (command=qmd): Connection closed
ERROR gateway.platforms.base: [Discord] Discord bot token already in use (PID 32775). Stop the other gateway first.
WARNING gateway.run: ✗ discord failed to connect
ERROR gateway.run: Gateway hit a non-retryable startup conflict: discord: Discord bot token already in use (PID 32775). Stop the other gateway first.
ERROR gateway.run: Gateway exiting cleanly: discord: Discord bot token already in use (PID 32775). Stop the other gateway first.
[33m⚠ Deprecated .env settings detected:[0m
  [33m⚠[0m MESSAGING_CWD=~/Smith found in .env — this is deprecated.
  [2mMove to config.yaml instead:  terminal:\n    cwd: /your/project/path[0m
  [2mThen remove the old entries from /Users/Jeff/.hermes/profiles/smith/.env[0m

WARNING tools.mcp_tool: MCP server 'qmd' initial connection failed (attempt 1/3), retrying in 1s: unhandled errors in a TaskGroup (1 sub-exception)
WARNING tools.mcp_tool: MCP server 'qmd' initial connection failed (attempt 2/3), retrying in 2s: unhandled errors in a TaskGroup (1 sub-exception)
WARNING tools.mcp_tool: MCP server 'qmd' initial connection failed (attempt 3/3), retrying in 4s: unhandled errors in a TaskGroup (1 sub-exception)
WARNING tools.mcp_tool: MCP server 'qmd' failed initial connection after 3 attempts, giving up: unhandled errors in a TaskGroup (1 sub-exception)
WARNING tools.mcp_tool: Failed to connect to MCP server 'qmd' (command=qmd): Connection closed
ERROR gateway.platforms.base: [Discord] Discord bot token already in use (PID 32775). Stop the other gateway first.
WARNING gateway.run: ✗ discord failed to connect
ERROR gateway.run: Gateway hit a non-retryable startup conflict: discord: Discord bot token already in use (PID 32775). Stop the other gateway first.
ERROR gateway.run: Gateway exiting cleanly: discord: Discord bot token already in use (PID 32775). Stop the other gateway first.
[33m⚠ Deprecated .env settings detected:[0m
  [33m⚠[0m MESSAGING_CWD=~/Smith found in .env — this is deprecated.
  [2mMove to config.yaml instead:  terminal:\n    cwd: /your/project/path[0m
  [2mThen remove the old entries from /Users/Jeff/.hermes/profiles/smith/.env[0m

WARNING tools.mcp_tool: MCP server 'qmd' initial connection failed (attempt 1/3), retrying in 1s: unhandled errors in a TaskGroup (1 sub-exception)
WARNING tools.mcp_tool: MCP server 'qmd' initial connection failed (attempt 2/3), retrying in 2s: unhandled errors in a TaskGroup (1 sub-exception)
WARNING tools.mcp_tool: MCP server 'qmd' initial connection failed (attempt 3/3), retrying in 4s: unhandled errors in a TaskGroup (1 sub-exception)
WARNING tools.mcp_tool: MCP server 'qmd' failed initial connection after 3 attempts, giving up: unhandled errors in a TaskGroup (1 sub-exception)
WARNING tools.mcp_tool: Failed to connect to MCP server 'qmd' (command=qmd): Connection closed
ERROR gateway.platforms.base: [Discord] Discord bot token already in use (PID 32775). Stop the other gateway first.
WARNING gateway.run: ✗ discord failed to connect
ERROR gateway.run: Gateway hit a non-retryable startup conflict: discord: Discord bot token already in use (PID 32775). Stop the other gateway first.
ERROR gateway.run: Gateway exiting cleanly: discord: Discord bot token already in use (PID 32775). Stop the other gateway first.
[33m⚠ Deprecated .env settings detected:[0m
  [33m⚠[0m MESSAGING_CWD=~/Smith found in .env — this is deprecated.
  [2mMove to config.yaml instead:  terminal:\n    cwd: /your/project/path[0m
  [2mThen remove the old entries from /Users/Jeff/.hermes/profiles/smith/.env[0m

WARNING tools.mcp_tool: MCP server 'qmd' initial connection failed (attempt 1/3), retrying in 1s: unhandled errors in a TaskGroup (1 sub-exception)
WARNING tools.mcp_tool: MCP server 'qmd' initial connection failed (attempt 2/3), retrying in 2s: unhandled errors in a TaskGroup (1 sub-exception)
WARNING tools.mcp_tool: MCP server 'qmd' initial connection failed (attempt 3/3), retrying in 4s: unhandled errors in a TaskGroup (1 sub-exception)
WARNING tools.mcp_tool: MCP server 'qmd' failed initial connection after 3 attempts, giving up: unhandled errors in a TaskGroup (1 sub-exception)
WARNING tools.mcp_tool: Failed to connect to MCP server 'qmd' (command=qmd): Connection closed
ERROR gateway.platforms.base: [Discord] Discord bot token already in use (PID 32775). Stop the other gateway first.
WARNING gateway.run: ✗ discord failed to connect
ERROR gateway.run: Gateway hit a non-retryable startup conflict: discord: Discord bot token already in use (PID 32775). Stop the other gateway first.
ERROR gateway.run: Gateway exiting cleanly: discord: Discord bot token already in use (PID 32775). Stop the other gateway first.
[33m⚠ Deprecated .env settings detected:[0m
  [33m⚠[0m MESSAGING_CWD=~/Smith found in .env — this is deprecated.
  [2mMove to config.yaml instead:  terminal:\n    cwd: /your/project/path[0m
  [2mThen remove the old entries from /Users/Jeff/.hermes/profiles/smith/.env[0m

WARNING tools.mcp_tool: MCP server 'qmd' initial connection failed (attempt 1/3), retrying in 1s: unhandled errors in a TaskGroup (1 sub-exception)
WARNING tools.mcp_tool: MCP server 'qmd' initial connection failed (attempt 2/3), retrying in 2s: unhandled errors in a TaskGroup (1 sub-exception)
WARNING tools.mcp_tool: MCP server 'qmd' initial connection failed (attempt 3/3), retrying in 4s: unhandled errors in a TaskGroup (1 sub-exception)
WARNING tools.mcp_tool: MCP server 'qmd' failed initial connection after 3 attempts, giving up: unhandled errors in a TaskGroup (1 sub-exception)
WARNING tools.mcp_tool: Failed to connect to MCP server 'qmd' (command=qmd): Connection closed
ERROR gateway.platforms.base: [Discord] Discord bot token already in use (PID 32775). Stop the other gateway first.
WARNING gateway.run: ✗ discord failed to connect
ERROR gateway.run: Gateway hit a non-retryable startup conflict: discord: Discord bot token already in use (PID 32775). Stop the other gateway first.
ERROR gateway.run: Gateway exiting cleanly: discord: Discord bot token already in use (PID 32775). Stop the other gateway first.
[33m⚠ Deprecated .env settings detected:[0m
  [33m⚠[0m MESSAGING_CWD=~/Smith found in .env — this is deprecated.
  [2mMove to config.yaml instead:  terminal:\n    cwd: /your/project/path[0m
  [2mThen remove the old entries from /Users/Jeff/.hermes/profiles/smith/.env[0m

WARNING tools.mcp_tool: MCP server 'qmd' initial connection failed (attempt 1/3), retrying in 1s: unhandled errors in a TaskGroup (1 sub-exception)
WARNING tools.mcp_tool: MCP server 'qmd' initial connection failed (attempt 2/3), retrying in 2s: unhandled errors in a TaskGroup (1 sub-exception)
WARNING tools.mcp_tool: MCP server 'qmd' initial connection failed (attempt 3/3), retrying in 4s: unhandled errors in a TaskGroup (1 sub-exception)
WARNING tools.mcp_tool: MCP server 'qmd' failed initial connection after 3 attempts, giving up: unhandled errors in a TaskGroup (1 sub-exception)
WARNING tools.mcp_tool: Failed to connect to MCP server 'qmd' (command=qmd): Connection closed
ERROR gateway.platforms.base: [Discord] Discord bot token already in use (PID 32775). Stop the other gateway first.
WARNING gateway.run: ✗ discord failed to connect
ERROR gateway.run: Gateway hit a non-retryable startup conflict: discord: Discord bot token already in use (PID 32775). Stop the other gateway first.
ERROR gateway.run: Gateway exiting cleanly: discord: Discord bot token already in use (PID 32775). Stop the other gateway first.
[33m⚠ Deprecated .env settings detected:[0m
  [33m⚠[0m MESSAGING_CWD=~/Smith found in .env — this is deprecated.
  [2mMove to config.yaml instead:  terminal:\n    cwd: /your/project/path[0m
  [2mThen remove the old entries from /Users/Jeff/.hermes/profiles/smith/.env[0m

WARNING tools.mcp_tool: MCP server 'qmd' initial connection failed (attempt 1/3), retrying in 1s: unhandled errors in a TaskGroup (1 sub-exception)
WARNING tools.mcp_tool: MCP server 'qmd' initial connection failed (attempt 2/3), retrying in 2s: unhandled errors in a TaskGroup (1 sub-exception)
WARNING tools.mcp_tool: MCP server 'qmd' initial connection failed (attempt 3/3), retrying in 4s: unhandled errors in a TaskGroup (1 sub-exception)
WARNING tools.mcp_tool: MCP server 'qmd' failed initial connection after 3 attempts, giving up: unhandled errors in a TaskGroup (1 sub-exception)
WARNING tools.mcp_tool: Failed to connect to MCP server 'qmd' (command=qmd): Connection closed
ERROR gateway.platforms.base: [Discord] Discord bot token already in use (PID 32775). Stop the other gateway first.
WARNING gateway.run: ✗ discord failed to connect
ERROR gateway.run: Gateway hit a non-retryable startup conflict: discord: Discord bot token already in use (PID 32775). Stop the other gateway first.
ERROR gateway.run: Gateway exiting cleanly: discord: Discord bot token already in use (PID 32775). Stop the other gateway first.
[33m⚠ Deprecated .env settings detected:[0m
  [33m⚠[0m MESSAGING_CWD=~/Smith found in .env — this is deprecated.
  [2mMove to config.yaml instead:  terminal:\n    cwd: /your/project/path[0m
  [2mThen remove the old entries from /Users/Jeff/.hermes/profiles/smith/.env[0m

WARNING tools.mcp_tool: MCP server 'qmd' initial connection failed (attempt 1/3), retrying in 1s: unhandled errors in a TaskGroup (1 sub-exception)
WARNING tools.mcp_tool: MCP server 'qmd' initial connection failed (attempt 2/3), retrying in 2s: unhandled errors in a TaskGroup (1 sub-exception)
WARNING tools.mcp_tool: MCP server 'qmd' initial connection failed (attempt 3/3), retrying in 4s: unhandled errors in a TaskGroup (1 sub-exception)
WARNING tools.mcp_tool: MCP server 'qmd' failed initial connection after 3 attempts, giving up: unhandled errors in a TaskGroup (1 sub-exception)
WARNING tools.mcp_tool: Failed to connect to MCP server 'qmd' (command=qmd): Connection closed
ERROR gateway.platforms.base: [Discord] Discord bot token already in use (PID 32775). Stop the other gateway first.
WARNING gateway.run: ✗ discord failed to connect
ERROR gateway.run: Gateway hit a non-retryable startup conflict: discord: Discord bot token already in use (PID 32775). Stop the other gateway first.
ERROR gateway.run: Gateway exiting cleanly: discord: Discord bot token already in use (PID 32775). Stop the other gateway first.
[33m⚠ Deprecated .env settings detected:[0m
  [33m⚠[0m MESSAGING_CWD=~/Smith found in .env — this is deprecated.
  [2mMove to config.yaml instead:  terminal:\n    cwd: /your/project/path[0m
  [2mThen remove the old entries from /Users/Jeff/.hermes/profiles/smith/.env[0m

WARNING tools.mcp_tool: MCP server 'qmd' initial connection failed (attempt 1/3), retrying in 1s: unhandled errors in a TaskGroup (1 sub-exception)
WARNING tools.mcp_tool: MCP server 'qmd' initial connection failed (attempt 2/3), retrying in 2s: unhandled errors in a TaskGroup (1 sub-exception)
WARNING tools.mcp_tool: MCP server 'qmd' initial connection failed (attempt 3/3), retrying in 4s: unhandled errors in a TaskGroup (1 sub-exception)
WARNING tools.mcp_tool: MCP server 'qmd' failed initial connection after 3 attempts, giving up: unhandled errors in a TaskGroup (1 sub-exception)
WARNING tools.mcp_tool: Failed to connect to MCP server 'qmd' (command=qmd): Connection closed
ERROR gateway.platforms.base: [Discord] Discord bot token already in use (PID 32775). Stop the other gateway first.
WARNING gateway.run: ✗ discord failed to connect
ERROR gateway.run: Gateway hit a non-retryable startup conflict: discord: Discord bot token already in use (PID 32775). Stop the other gateway first.
ERROR gateway.run: Gateway exiting cleanly: discord: Discord bot token already in use (PID 32775). Stop the other gateway first.
[33m⚠ Deprecated .env settings detected:[0m
  [33m⚠[0m MESSAGING_CWD=~/Smith found in .env — this is deprecated.
  [2mMove to config.yaml instead:  terminal:\n    cwd: /your/project/path[0m
  [2mThen remove the old entries from /Users/Jeff/.hermes/profiles/smith/.env[0m

WARNING tools.mcp_tool: MCP server 'qmd' initial connection failed (attempt 1/3), retrying in 1s: unhandled errors in a TaskGroup (1 sub-exception)
WARNING tools.mcp_tool: MCP server 'qmd' initial connection failed (attempt 2/3), retrying in 2s: unhandled errors in a TaskGroup (1 sub-exception)
WARNING tools.mcp_tool: MCP server 'qmd' initial connection failed (attempt 3/3), retrying in 4s: unhandled errors in a TaskGroup (1 sub-exception)
WARNING tools.mcp_tool: MCP server 'qmd' failed initial connection after 3 attempts, giving up: unhandled errors in a TaskGroup (1 sub-exception)
WARNING tools.mcp_tool: Failed to connect to MCP server 'qmd' (command=qmd): Connection closed
ERROR gateway.platforms.base: [Discord] Discord bot token already in use (PID 32775). Stop the other gateway first.
WARNING gateway.run: ✗ discord failed to connect
ERROR gateway.run: Gateway hit a non-retryable startup conflict: discord: Discord bot token already in use (PID 32775). Stop the other gateway first.
ERROR gateway.run: Gateway exiting cleanly: discord: Discord bot token already in use (PID 32775). Stop the other gateway first.
[33m⚠ Deprecated .env settings detected:[0m
  [33m⚠[0m MESSAGING_CWD=~/Smith found in .env — this is deprecated.
  [2mMove to config.yaml instead:  terminal:\n    cwd: /your/project/path[0m
  [2mThen remove the old entries from /Users/Jeff/.hermes/profiles/smith/.env[0m

WARNING tools.mcp_tool: MCP server 'qmd' initial connection failed (attempt 1/3), retrying in 1s: unhandled errors in a TaskGroup (1 sub-exception)
WARNING tools.mcp_tool: MCP server 'qmd' initial connection failed (attempt 2/3), retrying in 2s: unhandled errors in a TaskGroup (1 sub-exception)
WARNING tools.mcp_tool: MCP server 'qmd' initial connection failed (attempt 3/3), retrying in 4s: unhandled errors in a TaskGroup (1 sub-exception)
WARNING tools.mcp_tool: MCP server 'qmd' failed initial connection after 3 attempts, giving up: unhandled errors in a TaskGroup (1 sub-exception)
WARNING tools.mcp_tool: Failed to connect to MCP server 'qmd' (command=qmd): Connection closed
ERROR gateway.platforms.base: [Discord] Discord bot token already in use (PID 32775). Stop the other gateway first.
WARNING gateway.run: ✗ discord failed to connect
ERROR gateway.run: Gateway hit a non-retryable startup conflict: discord: Discord bot token already in use (PID 32775). Stop the other gateway first.
ERROR gateway.run: Gateway exiting cleanly: discord: Discord bot token already in use (PID 32775). Stop the other gateway first.
[33m⚠ Deprecated .env settings detected:[0m
  [33m⚠[0m MESSAGING_CWD=~/Smith found in .env — this is deprecated.
  [2mMove to config.yaml instead:  terminal:\n    cwd: /your/project/path[0m
  [2mThen remove the old entries from /Users/Jeff/.hermes/profiles/smith/.env[0m

WARNING tools.mcp_tool: MCP server 'qmd' initial connection failed (attempt 1/3), retrying in 1s: unhandled errors in a TaskGroup (1 sub-exception)
WARNING tools.mcp_tool: MCP server 'qmd' initial connection failed (attempt 2/3), retrying in 2s: unhandled errors in a TaskGroup (1 sub-exception)
WARNING tools.mcp_tool: MCP server 'qmd' initial connection failed (attempt 3/3), retrying in 4s: unhandled errors in a TaskGroup (1 sub-exception)
WARNING tools.mcp_tool: MCP server 'qmd' failed initial connection after 3 attempts, giving up: unhandled errors in a TaskGroup (1 sub-exception)
WARNING tools.mcp_tool: Failed to connect to MCP server 'qmd' (command=qmd): Connection closed
ERROR gateway.platforms.base: [Discord] Discord bot token already in use (PID 32775). Stop the other gateway first.
WARNING gateway.run: ✗ discord failed to connect
ERROR gateway.run: Gateway hit a non-retryable startup conflict: discord: Discord bot token already in use (PID 32775). Stop the other gateway first.
ERROR gateway.run: Gateway exiting cleanly: discord: Discord bot token already in use (PID 32775). Stop the other gateway first.
[33m⚠ Deprecated .env settings detected:[0m
  [33m⚠[0m MESSAGING_CWD=~/Smith found in .env — this is deprecated.
  [2mMove to config.yaml instead:  terminal:\n    cwd: /your/project/path[0m
  [2mThen remove the old entries from /Users/Jeff/.hermes/profiles/smith/.env[0m

WARNING tools.mcp_tool: MCP server 'qmd' initial connection failed (attempt 1/3), retrying in 1s: unhandled errors in a TaskGroup (1 sub-exception)
WARNING tools.mcp_tool: MCP server 'qmd' initial connection failed (attempt 2/3), retrying in 2s: unhandled errors in a TaskGroup (1 sub-exception)
WARNING tools.mcp_tool: MCP server 'qmd' initial connection failed (attempt 3/3), retrying in 4s: unhandled errors in a TaskGroup (1 sub-exception)
WARNING tools.mcp_tool: MCP server 'qmd' failed initial connection after 3 attempts, giving up: unhandled errors in a TaskGroup (1 sub-exception)
WARNING tools.mcp_tool: Failed to connect to MCP server 'qmd' (command=qmd): Connection closed
ERROR gateway.platforms.base: [Discord] Discord bot token already in use (PID 32775). Stop the other gateway first.
WARNING gateway.run: ✗ discord failed to connect
ERROR gateway.run: Gateway hit a non-retryable startup conflict: discord: Discord bot token already in use (PID 32775). Stop the other gateway first.
ERROR gateway.run: Gateway exiting cleanly: discord: Discord bot token already in use (PID 32775). Stop the other gateway first.
[33m⚠ Deprecated .env settings detected:[0m
  [33m⚠[0m MESSAGING_CWD=~/Smith found in .env — this is deprecated.
  [2mMove to config.yaml instead:  terminal:\n    cwd: /your/project/path[0m
  [2mThen remove the old entries from /Users/Jeff/.hermes/profiles/smith/.env[0m

WARNING tools.mcp_tool: MCP server 'qmd' initial connection failed (attempt 1/3), retrying in 1s: unhandled errors in a TaskGroup (1 sub-exception)
WARNING tools.mcp_tool: MCP server 'qmd' initial connection failed (attempt 2/3), retrying in 2s: unhandled errors in a TaskGroup (1 sub-exception)
WARNING tools.mcp_tool: MCP server 'qmd' initial connection failed (attempt 3/3), retrying in 4s: unhandled errors in a TaskGroup (1 sub-exception)
WARNING tools.mcp_tool: MCP server 'qmd' failed initial connection after 3 attempts, giving up: unhandled errors in a TaskGroup (1 sub-exception)
WARNING tools.mcp_tool: Failed to connect to MCP server 'qmd' (command=qmd): Connection closed
ERROR gateway.platforms.base: [Discord] Discord bot token already in use (PID 32775). Stop the other gateway first.
WARNING gateway.run: ✗ discord failed to connect
ERROR gateway.run: Gateway hit a non-retryable startup conflict: discord: Discord bot token already in use (PID 32775). Stop the other gateway first.
ERROR gateway.run: Gateway exiting cleanly: discord: Discord bot token already in use (PID 32775). Stop the other gateway first.
[33m⚠ Deprecated .env settings detected:[0m
  [33m⚠[0m MESSAGING_CWD=~/Smith found in .env — this is deprecated.
  [2mMove to config.yaml instead:  terminal:\n    cwd: /your/project/path[0m
  [2mThen remove the old entries from /Users/Jeff/.hermes/profiles/smith/.env[0m

WARNING tools.mcp_tool: MCP server 'qmd' initial connection failed (attempt 1/3), retrying in 1s: unhandled errors in a TaskGroup (1 sub-exception)
WARNING tools.mcp_tool: MCP server 'qmd' initial connection failed (attempt 2/3), retrying in 2s: unhandled errors in a TaskGroup (1 sub-exception)
WARNING tools.mcp_tool: MCP server 'qmd' initial connection failed (attempt 3/3), retrying in 4s: unhandled errors in a TaskGroup (1 sub-exception)
WARNING tools.mcp_tool: MCP server 'qmd' failed initial connection after 3 attempts, giving up: unhandled errors in a TaskGroup (1 sub-exception)
WARNING tools.mcp_tool: Failed to connect to MCP server 'qmd' (command=qmd): Connection closed
ERROR gateway.platforms.base: [Discord] Discord bot token already in use (PID 32775). Stop the other gateway first.
WARNING gateway.run: ✗ discord failed to connect
ERROR gateway.run: Gateway hit a non-retryable startup conflict: discord: Discord bot token already in use (PID 32775). Stop the other gateway first.
ERROR gateway.run: Gateway exiting cleanly: discord: Discord bot token already in use (PID 32775). Stop the other gateway first.
[33m⚠ Deprecated .env settings detected:[0m
  [33m⚠[0m MESSAGING_CWD=~/Smith found in .env — this is deprecated.
  [2mMove to config.yaml instead:  terminal:\n    cwd: /your/project/path[0m
  [2mThen remove the old entries from /Users/Jeff/.hermes/profiles/smith/.env[0m

WARNING tools.mcp_tool: MCP server 'qmd' initial connection failed (attempt 1/3), retrying in 1s: unhandled errors in a TaskGroup (1 sub-exception)
WARNING tools.mcp_tool: MCP server 'qmd' initial connection failed (attempt 2/3), retrying in 2s: unhandled errors in a TaskGroup (1 sub-exception)
WARNING tools.mcp_tool: MCP server 'qmd' initial connection failed (attempt 3/3), retrying in 4s: unhandled errors in a TaskGroup (1 sub-exception)
WARNING tools.mcp_tool: MCP server 'qmd' failed initial connection after 3 attempts, giving up: unhandled errors in a TaskGroup (1 sub-exception)
WARNING tools.mcp_tool: Failed to connect to MCP server 'qmd' (command=qmd): Connection closed
ERROR gateway.platforms.base: [Discord] Discord bot token already in use (PID 32775). Stop the other gateway first.
WARNING gateway.run: ✗ discord failed to connect
ERROR gateway.run: Gateway hit a non-retryable startup conflict: discord: Discord bot token already in use (PID 32775). Stop the other gateway first.
ERROR gateway.run: Gateway exiting cleanly: discord: Discord bot token already in use (PID 32775). Stop the other gateway first.
[33m⚠ Deprecated .env settings detected:[0m
  [33m⚠[0m MESSAGING_CWD=~/Smith found in .env — this is deprecated.
  [2mMove to config.yaml instead:  terminal:\n    cwd: /your/project/path[0m
  [2mThen remove the old entries from /Users/Jeff/.hermes/profiles/smith/.env[0m

WARNING tools.mcp_tool: MCP server 'qmd' initial connection failed (attempt 1/3), retrying in 1s: unhandled errors in a TaskGroup (1 sub-exception)
WARNING tools.mcp_tool: MCP server 'qmd' initial connection failed (attempt 2/3), retrying in 2s: unhandled errors in a TaskGroup (1 sub-exception)
WARNING tools.mcp_tool: MCP server 'qmd' initial connection failed (attempt 3/3), retrying in 4s: unhandled errors in a TaskGroup (1 sub-exception)
WARNING tools.mcp_tool: MCP server 'qmd' failed initial connection after 3 attempts, giving up: unhandled errors in a TaskGroup (1 sub-exception)
WARNING tools.mcp_tool: Failed to connect to MCP server 'qmd' (command=qmd): Connection closed
ERROR gateway.platforms.base: [Discord] Discord bot token already in use (PID 32775). Stop the other gateway first.
WARNING gateway.run: ✗ discord failed to connect
ERROR gateway.run: Gateway hit a non-retryable startup conflict: discord: Discord bot token already in use (PID 32775). Stop the other gateway first.
ERROR gateway.run: Gateway exiting cleanly: discord: Discord bot token already in use (PID 32775). Stop the other gateway first.
[33m⚠ Deprecated .env settings detected:[0m
  [33m⚠[0m MESSAGING_CWD=~/Smith found in .env — this is deprecated.
  [2mMove to config.yaml instead:  terminal:\n    cwd: /your/project/path[0m
  [2mThen remove the old entries from /Users/Jeff/.hermes/profiles/smith/.env[0m

WARNING tools.mcp_tool: MCP server 'qmd' initial connection failed (attempt 1/3), retrying in 1s: unhandled errors in a TaskGroup (1 sub-exception)
WARNING tools.mcp_tool: MCP server 'qmd' initial connection failed (attempt 2/3), retrying in 2s: unhandled errors in a TaskGroup (1 sub-exception)
WARNING tools.mcp_tool: MCP server 'qmd' initial connection failed (attempt 3/3), retrying in 4s: unhandled errors in a TaskGroup (1 sub-exception)
WARNING tools.mcp_tool: MCP server 'qmd' failed initial connection after 3 attempts, giving up: unhandled errors in a TaskGroup (1 sub-exception)
WARNING tools.mcp_tool: Failed to connect to MCP server 'qmd' (command=qmd): Connection closed
ERROR gateway.platforms.base: [Discord] Discord bot token already in use (PID 32775). Stop the other gateway first.
WARNING gateway.run: ✗ discord failed to connect
ERROR gateway.run: Gateway hit a non-retryable startup conflict: discord: Discord bot token already in use (PID 32775). Stop the other gateway first.
ERROR gateway.run: Gateway exiting cleanly: discord: Discord bot token already in use (PID 32775). Stop the other gateway first.
[33m⚠ Deprecated .env settings detected:[0m
  [33m⚠[0m MESSAGING_CWD=~/Smith found in .env — this is deprecated.
  [2mMove to config.yaml instead:  terminal:\n    cwd: /your/project/path[0m
  [2mThen remove the old entries from /Users/Jeff/.hermes/profiles/smith/.env[0m

WARNING tools.mcp_tool: MCP server 'qmd' initial connection failed (attempt 1/3), retrying in 1s: unhandled errors in a TaskGroup (1 sub-exception)
WARNING tools.mcp_tool: MCP server 'qmd' initial connection failed (attempt 2/3), retrying in 2s: unhandled errors in a TaskGroup (1 sub-exception)
WARNING tools.mcp_tool: MCP server 'qmd' initial connection failed (attempt 3/3), retrying in 4s: unhandled errors in a TaskGroup (1 sub-exception)
WARNING tools.mcp_tool: MCP server 'qmd' failed initial connection after 3 attempts, giving up: unhandled errors in a TaskGroup (1 sub-exception)
WARNING tools.mcp_tool: Failed to connect to MCP server 'qmd' (command=qmd): Connection closed
ERROR gateway.platforms.base: [Discord] Discord bot token already in use (PID 32775). Stop the other gateway first.
WARNING gateway.run: ✗ discord failed to connect
ERROR gateway.run: Gateway hit a non-retryable startup conflict: discord: Discord bot token already in use (PID 32775). Stop the other gateway first.
ERROR gateway.run: Gateway exiting cleanly: discord: Discord bot token already in use (PID 32775). Stop the other gateway first.
[33m⚠ Deprecated .env settings detected:[0m
  [33m⚠[0m MESSAGING_CWD=~/Smith found in .env — this is deprecated.
  [2mMove to config.yaml instead:  terminal:\n    cwd: /your/project/path[0m
  [2mThen remove the old entries from /Users/Jeff/.hermes/profiles/smith/.env[0m

WARNING tools.mcp_tool: MCP server 'qmd' initial connection failed (attempt 1/3), retrying in 1s: unhandled errors in a TaskGroup (1 sub-exception)
WARNING tools.mcp_tool: MCP server 'qmd' initial connection failed (attempt 2/3), retrying in 2s: unhandled errors in a TaskGroup (1 sub-exception)
WARNING tools.mcp_tool: MCP server 'qmd' initial connection failed (attempt 3/3), retrying in 4s: unhandled errors in a TaskGroup (1 sub-exception)
WARNING tools.mcp_tool: MCP server 'qmd' failed initial connection after 3 attempts, giving up: unhandled errors in a TaskGroup (1 sub-exception)
WARNING tools.mcp_tool: Failed to connect to MCP server 'qmd' (command=qmd): Connection closed
ERROR gateway.platforms.base: [Discord] Discord bot token already in use (PID 32775). Stop the other gateway first.
WARNING gateway.run: ✗ discord failed to connect
ERROR gateway.run: Gateway hit a non-retryable startup conflict: discord: Discord bot token already in use (PID 32775). Stop the other gateway first.
ERROR gateway.run: Gateway exiting cleanly: discord: Discord bot token already in use (PID 32775). Stop the other gateway first.
[33m⚠ Deprecated .env settings detected:[0m
  [33m⚠[0m MESSAGING_CWD=~/Smith found in .env — this is deprecated.
  [2mMove to config.yaml instead:  terminal:\n    cwd: /your/project/path[0m
  [2mThen remove the old entries from /Users/Jeff/.hermes/profiles/smith/.env[0m

WARNING tools.mcp_tool: MCP server 'qmd' initial connection failed (attempt 1/3), retrying in 1s: unhandled errors in a TaskGroup (1 sub-exception)
WARNING tools.mcp_tool: MCP server 'qmd' initial connection failed (attempt 2/3), retrying in 2s: unhandled errors in a TaskGroup (1 sub-exception)
WARNING tools.mcp_tool: MCP server 'qmd' initial connection failed (attempt 3/3), retrying in 4s: unhandled errors in a TaskGroup (1 sub-exception)
WARNING tools.mcp_tool: MCP server 'qmd' failed initial connection after 3 attempts, giving up: unhandled errors in a TaskGroup (1 sub-exception)
WARNING tools.mcp_tool: Failed to connect to MCP server 'qmd' (command=qmd): Connection closed
ERROR gateway.platforms.base: [Discord] Discord bot token already in use (PID 32775). Stop the other gateway first.
WARNING gateway.run: ✗ discord failed to connect
ERROR gateway.run: Gateway hit a non-retryable startup conflict: discord: Discord bot token already in use (PID 32775). Stop the other gateway first.
ERROR gateway.run: Gateway exiting cleanly: discord: Discord bot token already in use (PID 32775). Stop the other gateway first.
[33m⚠ Deprecated .env settings detected:[0m
  [33m⚠[0m MESSAGING_CWD=~/Smith found in .env — this is deprecated.
  [2mMove to config.yaml instead:  terminal:\n    cwd: /your/project/path[0m
  [2mThen remove the old entries from /Users/Jeff/.hermes/profiles/smith/.env[0m

WARNING tools.mcp_tool: MCP server 'qmd' initial connection failed (attempt 1/3), retrying in 1s: unhandled errors in a TaskGroup (1 sub-exception)
WARNING tools.mcp_tool: MCP server 'qmd' initial connection failed (attempt 2/3), retrying in 2s: unhandled errors in a TaskGroup (1 sub-exception)
WARNING tools.mcp_tool: MCP server 'qmd' initial connection failed (attempt 3/3), retrying in 4s: unhandled errors in a TaskGroup (1 sub-exception)
WARNING tools.mcp_tool: MCP server 'qmd' failed initial connection after 3 attempts, giving up: unhandled errors in a TaskGroup (1 sub-exception)
WARNING tools.mcp_tool: Failed to connect to MCP server 'qmd' (command=qmd): Connection closed
ERROR gateway.platforms.base: [Discord] Discord bot token already in use (PID 32775). Stop the other gateway first.
WARNING gateway.run: ✗ discord failed to connect
ERROR gateway.run: Gateway hit a non-retryable startup conflict: discord: Discord bot token already in use (PID 32775). Stop the other gateway first.
ERROR gateway.run: Gateway exiting cleanly: discord: Discord bot token already in use (PID 32775). Stop the other gateway first.
[33m⚠ Deprecated .env settings detected:[0m
  [33m⚠[0m MESSAGING_CWD=~/Smith found in .env — this is deprecated.
  [2mMove to config.yaml instead:  terminal:\n    cwd: /your/project/path[0m
  [2mThen remove the old entries from /Users/Jeff/.hermes/profiles/smith/.env[0m

WARNING tools.mcp_tool: MCP server 'qmd' initial connection failed (attempt 1/3), retrying in 1s: unhandled errors in a TaskGroup (1 sub-exception)
WARNING tools.mcp_tool: MCP server 'qmd' initial connection failed (attempt 2/3), retrying in 2s: unhandled errors in a TaskGroup (1 sub-exception)
WARNING tools.mcp_tool: MCP server 'qmd' initial connection failed (attempt 3/3), retrying in 4s: unhandled errors in a TaskGroup (1 sub-exception)
WARNING tools.mcp_tool: MCP server 'qmd' failed initial connection after 3 attempts, giving up: unhandled errors in a TaskGroup (1 sub-exception)
WARNING tools.mcp_tool: Failed to connect to MCP server 'qmd' (command=qmd): Connection closed
ERROR gateway.platforms.base: [Discord] Discord bot token already in use (PID 32775). Stop the other gateway first.
WARNING gateway.run: ✗ discord failed to connect
ERROR gateway.run: Gateway hit a non-retryable startup conflict: discord: Discord bot token already in use (PID 32775). Stop the other gateway first.
ERROR gateway.run: Gateway exiting cleanly: discord: Discord bot token already in use (PID 32775). Stop the other gateway first.
[33m⚠ Deprecated .env settings detected:[0m
  [33m⚠[0m MESSAGING_CWD=~/Smith found in .env — this is deprecated.
  [2mMove to config.yaml instead:  terminal:\n    cwd: /your/project/path[0m
  [2mThen remove the old entries from /Users/Jeff/.hermes/profiles/smith/.env[0m

WARNING tools.mcp_tool: MCP server 'qmd' initial connection failed (attempt 1/3), retrying in 1s: unhandled errors in a TaskGroup (1 sub-exception)
WARNING tools.mcp_tool: MCP server 'qmd' initial connection failed (attempt 2/3), retrying in 2s: unhandled errors in a TaskGroup (1 sub-exception)
WARNING tools.mcp_tool: MCP server 'qmd' initial connection failed (attempt 3/3), retrying in 4s: unhandled errors in a TaskGroup (1 sub-exception)
WARNING tools.mcp_tool: MCP server 'qmd' failed initial connection after 3 attempts, giving up: unhandled errors in a TaskGroup (1 sub-exception)
WARNING tools.mcp_tool: Failed to connect to MCP server 'qmd' (command=qmd): Connection closed
ERROR gateway.platforms.base: [Discord] Discord bot token already in use (PID 32775). Stop the other gateway first.
WARNING gateway.run: ✗ discord failed to connect
ERROR gateway.run: Gateway hit a non-retryable startup conflict: discord: Discord bot token already in use (PID 32775). Stop the other gateway first.
ERROR gateway.run: Gateway exiting cleanly: discord: Discord bot token already in use (PID 32775). Stop the other gateway first.
[33m⚠ Deprecated .env settings detected:[0m
  [33m⚠[0m MESSAGING_CWD=~/Smith found in .env — this is deprecated.
  [2mMove to config.yaml instead:  terminal:\n    cwd: /your/project/path[0m
  [2mThen remove the old entries from /Users/Jeff/.hermes/profiles/smith/.env[0m

WARNING tools.mcp_tool: MCP server 'qmd' initial connection failed (attempt 1/3), retrying in 1s: unhandled errors in a TaskGroup (1 sub-exception)
WARNING tools.mcp_tool: MCP server 'qmd' initial connection failed (attempt 2/3), retrying in 2s: unhandled errors in a TaskGroup (1 sub-exception)
WARNING tools.mcp_tool: MCP server 'qmd' initial connection failed (attempt 3/3), retrying in 4s: unhandled errors in a TaskGroup (1 sub-exception)
WARNING tools.mcp_tool: MCP server 'qmd' failed initial connection after 3 attempts, giving up: unhandled errors in a TaskGroup (1 sub-exception)
WARNING tools.mcp_tool: Failed to connect to MCP server 'qmd' (command=qmd): Connection closed
ERROR gateway.platforms.base: [Discord] Discord bot token already in use (PID 32775). Stop the other gateway first.
WARNING gateway.run: ✗ discord failed to connect
ERROR gateway.run: Gateway hit a non-retryable startup conflict: discord: Discord bot token already in use (PID 32775). Stop the other gateway first.
ERROR gateway.run: Gateway exiting cleanly: discord: Discord bot token already in use (PID 32775). Stop the other gateway first.
[33m⚠ Deprecated .env settings detected:[0m
  [33m⚠[0m MESSAGING_CWD=~/Smith found in .env — this is deprecated.
  [2mMove to config.yaml instead:  terminal:\n    cwd: /your/project/path[0m
  [2mThen remove the old entries from /Users/Jeff/.hermes/profiles/smith/.env[0m

WARNING tools.mcp_tool: MCP server 'qmd' initial connection failed (attempt 1/3), retrying in 1s: unhandled errors in a TaskGroup (1 sub-exception)
WARNING tools.mcp_tool: MCP server 'qmd' initial connection failed (attempt 2/3), retrying in 2s: unhandled errors in a TaskGroup (1 sub-exception)
WARNING tools.mcp_tool: MCP server 'qmd' initial connection failed (attempt 3/3), retrying in 4s: unhandled errors in a TaskGroup (1 sub-exception)
WARNING tools.mcp_tool: MCP server 'qmd' failed initial connection after 3 attempts, giving up: unhandled errors in a TaskGroup (1 sub-exception)
WARNING tools.mcp_tool: Failed to connect to MCP server 'qmd' (command=qmd): Connection closed
ERROR gateway.platforms.base: [Discord] Discord bot token already in use (PID 32775). Stop the other gateway first.
WARNING gateway.run: ✗ discord failed to connect
ERROR gateway.run: Gateway hit a non-retryable startup conflict: discord: Discord bot token already in use (PID 32775). Stop the other gateway first.
ERROR gateway.run: Gateway exiting cleanly: discord: Discord bot token already in use (PID 32775). Stop the other gateway first.
[33m⚠ Deprecated .env settings detected:[0m
  [33m⚠[0m MESSAGING_CWD=~/Smith found in .env — this is deprecated.
  [2mMove to config.yaml instead:  terminal:\n    cwd: /your/project/path[0m
  [2mThen remove the old entries from /Users/Jeff/.hermes/profiles/smith/.env[0m

WARNING tools.mcp_tool: MCP server 'qmd' initial connection failed (attempt 1/3), retrying in 1s: unhandled errors in a TaskGroup (1 sub-exception)
WARNING tools.mcp_tool: MCP server 'qmd' initial connection failed (attempt 2/3), retrying in 2s: unhandled errors in a TaskGroup (1 sub-exception)
WARNING tools.mcp_tool: MCP server 'qmd' initial connection failed (attempt 3/3), retrying in 4s: unhandled errors in a TaskGroup (1 sub-exception)
WARNING tools.mcp_tool: MCP server 'qmd' failed initial connection after 3 attempts, giving up: unhandled errors in a TaskGroup (1 sub-exception)
WARNING tools.mcp_tool: Failed to connect to MCP server 'qmd' (command=qmd): Connection closed
ERROR gateway.platforms.base: [Discord] Discord bot token already in use (PID 32775). Stop the other gateway first.
WARNING gateway.run: ✗ discord failed to connect
ERROR gateway.run: Gateway hit a non-retryable startup conflict: discord: Discord bot token already in use (PID 32775). Stop the other gateway first.
ERROR gateway.run: Gateway exiting cleanly: discord: Discord bot token already in use (PID 32775). Stop the other gateway first.
[33m⚠ Deprecated .env settings detected:[0m
  [33m⚠[0m MESSAGING_CWD=~/Smith found in .env — this is deprecated.
  [2mMove to config.yaml instead:  terminal:\n    cwd: /your/project/path[0m
  [2mThen remove the old entries from /Users/Jeff/.hermes/profiles/smith/.env[0m

WARNING tools.mcp_tool: MCP server 'qmd' initial connection failed (attempt 1/3), retrying in 1s: unhandled errors in a TaskGroup (1 sub-exception)
WARNING tools.mcp_tool: MCP server 'qmd' initial connection failed (attempt 2/3), retrying in 2s: unhandled errors in a TaskGroup (1 sub-exception)
WARNING tools.mcp_tool: MCP server 'qmd' initial connection failed (attempt 3/3), retrying in 4s: unhandled errors in a TaskGroup (1 sub-exception)
WARNING tools.mcp_tool: MCP server 'qmd' failed initial connection after 3 attempts, giving up: unhandled errors in a TaskGroup (1 sub-exception)
WARNING tools.mcp_tool: Failed to connect to MCP server 'qmd' (command=qmd): Connection closed
ERROR gateway.platforms.base: [Discord] Discord bot token already in use (PID 32775). Stop the other gateway first.
WARNING gateway.run: ✗ discord failed to connect
ERROR gateway.run: Gateway hit a non-retryable startup conflict: discord: Discord bot token already in use (PID 32775). Stop the other gateway first.
ERROR gateway.run: Gateway exiting cleanly: discord: Discord bot token already in use (PID 32775). Stop the other gateway first.
[33m⚠ Deprecated .env settings detected:[0m
  [33m⚠[0m MESSAGING_CWD=~/Smith found in .env — this is deprecated.
  [2mMove to config.yaml instead:  terminal:\n    cwd: /your/project/path[0m
  [2mThen remove the old entries from /Users/Jeff/.hermes/profiles/smith/.env[0m

WARNING tools.mcp_tool: MCP server 'qmd' initial connection failed (attempt 1/3), retrying in 1s: unhandled errors in a TaskGroup (1 sub-exception)
WARNING tools.mcp_tool: MCP server 'qmd' initial connection failed (attempt 2/3), retrying in 2s: unhandled errors in a TaskGroup (1 sub-exception)
WARNING tools.mcp_tool: MCP server 'qmd' initial connection failed (attempt 3/3), retrying in 4s: unhandled errors in a TaskGroup (1 sub-exception)
WARNING tools.mcp_tool: MCP server 'qmd' failed initial connection after 3 attempts, giving up: unhandled errors in a TaskGroup (1 sub-exception)
WARNING tools.mcp_tool: Failed to connect to MCP server 'qmd' (command=qmd): Connection closed
ERROR gateway.platforms.base: [Discord] Discord bot token already in use (PID 32775). Stop the other gateway first.
WARNING gateway.run: ✗ discord failed to connect
ERROR gateway.run: Gateway hit a non-retryable startup conflict: discord: Discord bot token already in use (PID 32775). Stop the other gateway first.
ERROR gateway.run: Gateway exiting cleanly: discord: Discord bot token already in use (PID 32775). Stop the other gateway first.
[33m⚠ Deprecated .env settings detected:[0m
  [33m⚠[0m MESSAGING_CWD=~/Smith found in .env — this is deprecated.
  [2mMove to config.yaml instead:  terminal:\n    cwd: /your/project/path[0m
  [2mThen remove the old entries from /Users/Jeff/.hermes/profiles/smith/.env[0m

WARNING tools.mcp_tool: MCP server 'qmd' initial connection failed (attempt 1/3), retrying in 1s: unhandled errors in a TaskGroup (1 sub-exception)
WARNING tools.mcp_tool: MCP server 'qmd' initial connection failed (attempt 2/3), retrying in 2s: unhandled errors in a TaskGroup (1 sub-exception)
WARNING tools.mcp_tool: MCP server 'qmd' initial connection failed (attempt 3/3), retrying in 4s: unhandled errors in a TaskGroup (1 sub-exception)
WARNING tools.mcp_tool: MCP server 'qmd' failed initial connection after 3 attempts, giving up: unhandled errors in a TaskGroup (1 sub-exception)
WARNING tools.mcp_tool: Failed to connect to MCP server 'qmd' (command=qmd): Connection closed
ERROR gateway.platforms.base: [Discord] Discord bot token already in use (PID 32775). Stop the other gateway first.
WARNING gateway.run: ✗ discord failed to connect
ERROR gateway.run: Gateway hit a non-retryable startup conflict: discord: Discord bot token already in use (PID 32775). Stop the other gateway first.
ERROR gateway.run: Gateway exiting cleanly: discord: Discord bot token already in use (PID 32775). Stop the other gateway first.
[33m⚠ Deprecated .env settings detected:[0m
  [33m⚠[0m MESSAGING_CWD=~/Smith found in .env — this is deprecated.
  [2mMove to config.yaml instead:  terminal:\n    cwd: /your/project/path[0m
  [2mThen remove the old entries from /Users/Jeff/.hermes/profiles/smith/.env[0m

WARNING tools.mcp_tool: MCP server 'qmd' initial connection failed (attempt 1/3), retrying in 1s: unhandled errors in a TaskGroup (1 sub-exception)
WARNING tools.mcp_tool: MCP server 'qmd' initial connection failed (attempt 2/3), retrying in 2s: unhandled errors in a TaskGroup (1 sub-exception)
WARNING tools.mcp_tool: MCP server 'qmd' initial connection failed (attempt 3/3), retrying in 4s: unhandled errors in a TaskGroup (1 sub-exception)
WARNING tools.mcp_tool: MCP server 'qmd' failed initial connection after 3 attempts, giving up: unhandled errors in a TaskGroup (1 sub-exception)
WARNING tools.mcp_tool: Failed to connect to MCP server 'qmd' (command=qmd): Connection closed
ERROR gateway.platforms.base: [Discord] Discord bot token already in use (PID 32775). Stop the other gateway first.
WARNING gateway.run: ✗ discord failed to connect
ERROR gateway.run: Gateway hit a non-retryable startup conflict: discord: Discord bot token already in use (PID 32775). Stop the other gateway first.
ERROR gateway.run: Gateway exiting cleanly: discord: Discord bot token already in use (PID 32775). Stop the other gateway first.
[33m⚠ Deprecated .env settings detected:[0m
  [33m⚠[0m MESSAGING_CWD=~/Smith found in .env — this is deprecated.
  [2mMove to config.yaml instead:  terminal:\n    cwd: /your/project/path[0m
  [2mThen remove the old entries from /Users/Jeff/.hermes/profiles/smith/.env[0m

WARNING tools.mcp_tool: MCP server 'qmd' initial connection failed (attempt 1/3), retrying in 1s: unhandled errors in a TaskGroup (1 sub-exception)
WARNING tools.mcp_tool: MCP server 'qmd' initial connection failed (attempt 2/3), retrying in 2s: unhandled errors in a TaskGroup (1 sub-exception)
WARNING tools.mcp_tool: MCP server 'qmd' initial connection failed (attempt 3/3), retrying in 4s: unhandled errors in a TaskGroup (1 sub-exception)
WARNING tools.mcp_tool: MCP server 'qmd' failed initial connection after 3 attempts, giving up: unhandled errors in a TaskGroup (1 sub-exception)
WARNING tools.mcp_tool: Failed to connect to MCP server 'qmd' (command=qmd): Connection closed
ERROR gateway.platforms.base: [Discord] Discord bot token already in use (PID 32775). Stop the other gateway first.
WARNING gateway.run: ✗ discord failed to connect
ERROR gateway.run: Gateway hit a non-retryable startup conflict: discord: Discord bot token already in use (PID 32775). Stop the other gateway first.
ERROR gateway.run: Gateway exiting cleanly: discord: Discord bot token already in use (PID 32775). Stop the other gateway first.
[33m⚠ Deprecated .env settings detected:[0m
  [33m⚠[0m MESSAGING_CWD=~/Smith found in .env — this is deprecated.
  [2mMove to config.yaml instead:  terminal:\n    cwd: /your/project/path[0m
  [2mThen remove the old entries from /Users/Jeff/.hermes/profiles/smith/.env[0m

WARNING tools.mcp_tool: MCP server 'qmd' initial connection failed (attempt 1/3), retrying in 1s: unhandled errors in a TaskGroup (1 sub-exception)
WARNING tools.mcp_tool: MCP server 'qmd' initial connection failed (attempt 2/3), retrying in 2s: unhandled errors in a TaskGroup (1 sub-exception)
WARNING tools.mcp_tool: MCP server 'qmd' initial connection failed (attempt 3/3), retrying in 4s: unhandled errors in a TaskGroup (1 sub-exception)
WARNING tools.mcp_tool: MCP server 'qmd' failed initial connection after 3 attempts, giving up: unhandled errors in a TaskGroup (1 sub-exception)
WARNING tools.mcp_tool: Failed to connect to MCP server 'qmd' (command=qmd): Connection closed
ERROR gateway.platforms.base: [Discord] Discord bot token already in use (PID 32775). Stop the other gateway first.
WARNING gateway.run: ✗ discord failed to connect
ERROR gateway.run: Gateway hit a non-retryable startup conflict: discord: Discord bot token already in use (PID 32775). Stop the other gateway first.
ERROR gateway.run: Gateway exiting cleanly: discord: Discord bot token already in use (PID 32775). Stop the other gateway first.
[33m⚠ Deprecated .env settings detected:[0m
  [33m⚠[0m MESSAGING_CWD=~/Smith found in .env — this is deprecated.
  [2mMove to config.yaml instead:  terminal:\n    cwd: /your/project/path[0m
  [2mThen remove the old entries from /Users/Jeff/.hermes/profiles/smith/.env[0m

WARNING tools.mcp_tool: MCP server 'qmd' initial connection failed (attempt 1/3), retrying in 1s: unhandled errors in a TaskGroup (1 sub-exception)
WARNING tools.mcp_tool: MCP server 'qmd' initial connection failed (attempt 2/3), retrying in 2s: unhandled errors in a TaskGroup (1 sub-exception)
WARNING tools.mcp_tool: MCP server 'qmd' initial connection failed (attempt 3/3), retrying in 4s: unhandled errors in a TaskGroup (1 sub-exception)
WARNING tools.mcp_tool: MCP server 'qmd' failed initial connection after 3 attempts, giving up: unhandled errors in a TaskGroup (1 sub-exception)
WARNING tools.mcp_tool: Failed to connect to MCP server 'qmd' (command=qmd): Connection closed
ERROR gateway.platforms.base: [Discord] Discord bot token already in use (PID 32775). Stop the other gateway first.
WARNING gateway.run: ✗ discord failed to connect
ERROR gateway.run: Gateway hit a non-retryable startup conflict: discord: Discord bot token already in use (PID 32775). Stop the other gateway first.
ERROR gateway.run: Gateway exiting cleanly: discord: Discord bot token already in use (PID 32775). Stop the other gateway first.
[33m⚠ Deprecated .env settings detected:[0m
  [33m⚠[0m MESSAGING_CWD=~/Smith found in .env — this is deprecated.
  [2mMove to config.yaml instead:  terminal:\n    cwd: /your/project/path[0m
  [2mThen remove the old entries from /Users/Jeff/.hermes/profiles/smith/.env[0m

WARNING tools.mcp_tool: MCP server 'qmd' initial connection failed (attempt 1/3), retrying in 1s: unhandled errors in a TaskGroup (1 sub-exception)
WARNING tools.mcp_tool: MCP server 'qmd' initial connection failed (attempt 2/3), retrying in 2s: unhandled errors in a TaskGroup (1 sub-exception)
WARNING tools.mcp_tool: MCP server 'qmd' initial connection failed (attempt 3/3), retrying in 4s: unhandled errors in a TaskGroup (1 sub-exception)
WARNING tools.mcp_tool: MCP server 'qmd' failed initial connection after 3 attempts, giving up: unhandled errors in a TaskGroup (1 sub-exception)
WARNING tools.mcp_tool: Failed to connect to MCP server 'qmd' (command=qmd): Connection closed
ERROR gateway.platforms.base: [Discord] Discord bot token already in use (PID 32775). Stop the other gateway first.
WARNING gateway.run: ✗ discord failed to connect
ERROR gateway.run: Gateway hit a non-retryable startup conflict: discord: Discord bot token already in use (PID 32775). Stop the other gateway first.
ERROR gateway.run: Gateway exiting cleanly: discord: Discord bot token already in use (PID 32775). Stop the other gateway first.
[33m⚠ Deprecated .env settings detected:[0m
  [33m⚠[0m MESSAGING_CWD=~/Smith found in .env — this is deprecated.
  [2mMove to config.yaml instead:  terminal:\n    cwd: /your/project/path[0m
  [2mThen remove the old entries from /Users/Jeff/.hermes/profiles/smith/.env[0m

WARNING tools.mcp_tool: MCP server 'qmd' initial connection failed (attempt 1/3), retrying in 1s: unhandled errors in a TaskGroup (1 sub-exception)
WARNING tools.mcp_tool: MCP server 'qmd' initial connection failed (attempt 2/3), retrying in 2s: unhandled errors in a TaskGroup (1 sub-exception)
WARNING tools.mcp_tool: MCP server 'qmd' initial connection failed (attempt 3/3), retrying in 4s: unhandled errors in a TaskGroup (1 sub-exception)
WARNING tools.mcp_tool: MCP server 'qmd' failed initial connection after 3 attempts, giving up: unhandled errors in a TaskGroup (1 sub-exception)
WARNING tools.mcp_tool: Failed to connect to MCP server 'qmd' (command=qmd): Connection closed
ERROR gateway.platforms.base: [Discord] Discord bot token already in use (PID 32775). Stop the other gateway first.
WARNING gateway.run: ✗ discord failed to connect
ERROR gateway.run: Gateway hit a non-retryable startup conflict: discord: Discord bot token already in use (PID 32775). Stop the other gateway first.
ERROR gateway.run: Gateway exiting cleanly: discord: Discord bot token already in use (PID 32775). Stop the other gateway first.
[33m⚠ Deprecated .env settings detected:[0m
  [33m⚠[0m MESSAGING_CWD=~/Smith found in .env — this is deprecated.
  [2mMove to config.yaml instead:  terminal:\n    cwd: /your/project/path[0m
  [2mThen remove the old entries from /Users/Jeff/.hermes/profiles/smith/.env[0m

WARNING tools.mcp_tool: MCP server 'qmd' initial connection failed (attempt 1/3), retrying in 1s: unhandled errors in a TaskGroup (1 sub-exception)
WARNING tools.mcp_tool: MCP server 'qmd' initial connection failed (attempt 2/3), retrying in 2s: unhandled errors in a TaskGroup (1 sub-exception)
WARNING tools.mcp_tool: MCP server 'qmd' initial connection failed (attempt 3/3), retrying in 4s: unhandled errors in a TaskGroup (1 sub-exception)
WARNING tools.mcp_tool: MCP server 'qmd' failed initial connection after 3 attempts, giving up: unhandled errors in a TaskGroup (1 sub-exception)
WARNING tools.mcp_tool: Failed to connect to MCP server 'qmd' (command=qmd): Connection closed
ERROR gateway.platforms.base: [Discord] Discord bot token already in use (PID 32775). Stop the other gateway first.
WARNING gateway.run: ✗ discord failed to connect
ERROR gateway.run: Gateway hit a non-retryable startup conflict: discord: Discord bot token already in use (PID 32775). Stop the other gateway first.
ERROR gateway.run: Gateway exiting cleanly: discord: Discord bot token already in use (PID 32775). Stop the other gateway first.
[33m⚠ Deprecated .env settings detected:[0m
  [33m⚠[0m MESSAGING_CWD=~/Smith found in .env — this is deprecated.
  [2mMove to config.yaml instead:  terminal:\n    cwd: /your/project/path[0m
  [2mThen remove the old entries from /Users/Jeff/.hermes/profiles/smith/.env[0m

WARNING tools.mcp_tool: MCP server 'qmd' initial connection failed (attempt 1/3), retrying in 1s: unhandled errors in a TaskGroup (1 sub-exception)
WARNING tools.mcp_tool: MCP server 'qmd' initial connection failed (attempt 2/3), retrying in 2s: unhandled errors in a TaskGroup (1 sub-exception)
WARNING tools.mcp_tool: MCP server 'qmd' initial connection failed (attempt 3/3), retrying in 4s: unhandled errors in a TaskGroup (1 sub-exception)
WARNING gateway.run: Shutdown context: signal=SIGTERM under_systemd=yes parent_pid=1 parent_name=? loadavg_1m=3.86 parent_cmdline='(unknown)'
WARNING tools.mcp_tool: MCP server 'qmd' failed initial connection after 3 attempts, giving up: unhandled errors in a TaskGroup (1 sub-exception)
WARNING tools.mcp_tool: Failed to connect to MCP server 'qmd' (command=qmd): Connection closed
ERROR gateway.platforms.base: [Discord] Discord bot token already in use (PID 32775). Stop the other gateway first.
WARNING gateway.run: ✗ discord failed to connect
ERROR gateway.run: Gateway hit a non-retryable startup conflict: discord: Discord bot token already in use (PID 32775). Stop the other gateway first.
ERROR gateway.run: Gateway exiting cleanly: discord: Discord bot token already in use (PID 32775). Stop the other gateway first.
[33m⚠ Deprecated .env settings detected:[0m
  [33m⚠[0m MESSAGING_CWD=~/Smith found in .env — this is deprecated.
  [2mMove to config.yaml instead:  terminal:\n    cwd: /your/project/path[0m
  [2mThen remove the old entries from /Users/Jeff/.hermes/profiles/smith/.env[0m

WARNING tools.mcp_tool: MCP server 'qmd' initial connection failed (attempt 1/3), retrying in 1s: unhandled errors in a TaskGroup (1 sub-exception)
WARNING tools.mcp_tool: MCP server 'qmd' initial connection failed (attempt 2/3), retrying in 2s: unhandled errors in a TaskGroup (1 sub-exception)
WARNING tools.mcp_tool: MCP server 'qmd' initial connection failed (attempt 3/3), retrying in 4s: unhandled errors in a TaskGroup (1 sub-exception)
WARNING tools.mcp_tool: MCP server 'qmd' failed initial connection after 3 attempts, giving up: unhandled errors in a TaskGroup (1 sub-exception)
WARNING tools.mcp_tool: Failed to connect to MCP server 'qmd' (command=qmd): Connection closed
ERROR gateway.platforms.base: [Discord] Discord bot token already in use (PID 32775). Stop the other gateway first.
WARNING gateway.run: ✗ discord failed to connect
ERROR gateway.run: Gateway hit a non-retryable startup conflict: discord: Discord bot token already in use (PID 32775). Stop the other gateway first.
ERROR gateway.run: Gateway exiting cleanly: discord: Discord bot token already in use (PID 32775). Stop the other gateway first.
[33m⚠ Deprecated .env settings detected:[0m
  [33m⚠[0m MESSAGING_CWD=~/Smith found in .env — this is deprecated.
  [2mMove to config.yaml instead:  terminal:\n    cwd: /your/project/path[0m
  [2mThen remove the old entries from /Users/Jeff/.hermes/profiles/smith/.env[0m

WARNING tools.mcp_tool: MCP server 'qmd' initial connection failed (attempt 1/3), retrying in 1s: unhandled errors in a TaskGroup (1 sub-exception)
WARNING tools.mcp_tool: MCP server 'qmd' initial connection failed (attempt 2/3), retrying in 2s: unhandled errors in a TaskGroup (1 sub-exception)
WARNING tools.mcp_tool: MCP server 'qmd' initial connection failed (attempt 3/3), retrying in 4s: unhandled errors in a TaskGroup (1 sub-exception)
WARNING tools.mcp_tool: MCP server 'qmd' failed initial connection after 3 attempts, giving up: unhandled errors in a TaskGroup (1 sub-exception)
WARNING tools.mcp_tool: Failed to connect to MCP server 'qmd' (command=qmd): Connection closed
ERROR gateway.platforms.base: [Discord] Discord bot token already in use (PID 32775). Stop the other gateway first.
WARNING gateway.run: ✗ discord failed to connect
ERROR gateway.run: Gateway hit a non-retryable startup conflict: discord: Discord bot token already in use (PID 32775). Stop the other gateway first.
ERROR gateway.run: Gateway exiting cleanly: discord: Discord bot token already in use (PID 32775). Stop the other gateway first.
[33m⚠ Deprecated .env settings detected:[0m
  [33m⚠[0m MESSAGING_CWD=~/Smith found in .env — this is deprecated.
  [2mMove to config.yaml instead:  terminal:\n    cwd: /your/project/path[0m
  [2mThen remove the old entries from /Users/Jeff/.hermes/profiles/smith/.env[0m

WARNING tools.mcp_tool: MCP server 'qmd' initial connection failed (attempt 1/3), retrying in 1s: unhandled errors in a TaskGroup (1 sub-exception)
WARNING tools.mcp_tool: MCP server 'qmd' initial connection failed (attempt 2/3), retrying in 2s: unhandled errors in a TaskGroup (1 sub-exception)
WARNING tools.mcp_tool: MCP server 'qmd' initial connection failed (attempt 3/3), retrying in 4s: unhandled errors in a TaskGroup (1 sub-exception)
WARNING tools.mcp_tool: MCP server 'qmd' failed initial connection after 3 attempts, giving up: unhandled errors in a TaskGroup (1 sub-exception)
WARNING tools.mcp_tool: Failed to connect to MCP server 'qmd' (command=qmd): Connection closed
ERROR gateway.platforms.base: [Discord] Discord bot token already in use (PID 32775). Stop the other gateway first.
WARNING gateway.run: ✗ discord failed to connect
ERROR gateway.run: Gateway hit a non-retryable startup conflict: discord: Discord bot token already in use (PID 32775). Stop the other gateway first.
ERROR gateway.run: Gateway exiting cleanly: discord: Discord bot token already in use (PID 32775). Stop the other gateway first.
[33m⚠ Deprecated .env settings detected:[0m
  [33m⚠[0m MESSAGING_CWD=~/Smith found in .env — this is deprecated.
  [2mMove to config.yaml instead:  terminal:\n    cwd: /your/project/path[0m
  [2mThen remove the old entries from /Users/Jeff/.hermes/profiles/smith/.env[0m

WARNING tools.mcp_tool: MCP server 'qmd' initial connection failed (attempt 1/3), retrying in 1s: unhandled errors in a TaskGroup (1 sub-exception)
WARNING tools.mcp_tool: MCP server 'qmd' initial connection failed (attempt 2/3), retrying in 2s: unhandled errors in a TaskGroup (1 sub-exception)
WARNING tools.mcp_tool: MCP server 'qmd' initial connection failed (attempt 3/3), retrying in 4s: unhandled errors in a TaskGroup (1 sub-exception)
WARNING tools.mcp_tool: MCP server 'qmd' failed initial connection after 3 attempts, giving up: unhandled errors in a TaskGroup (1 sub-exception)
WARNING tools.mcp_tool: Failed to connect to MCP server 'qmd' (command=qmd): Connection closed
ERROR gateway.platforms.base: [Discord] Discord bot token already in use (PID 32775). Stop the other gateway first.
WARNING gateway.run: ✗ discord failed to connect
ERROR gateway.run: Gateway hit a non-retryable startup conflict: discord: Discord bot token already in use (PID 32775). Stop the other gateway first.
ERROR gateway.run: Gateway exiting cleanly: discord: Discord bot token already in use (PID 32775). Stop the other gateway first.
[33m⚠ Deprecated .env settings detected:[0m
  [33m⚠[0m MESSAGING_CWD=~/Smith found in .env — this is deprecated.
  [2mMove to config.yaml instead:  terminal:\n    cwd: /your/project/path[0m
  [2mThen remove the old entries from /Users/Jeff/.hermes/profiles/smith/.env[0m

WARNING tools.mcp_tool: MCP server 'qmd' initial connection failed (attempt 1/3), retrying in 1s: unhandled errors in a TaskGroup (1 sub-exception)
WARNING tools.mcp_tool: MCP server 'qmd' initial connection failed (attempt 2/3), retrying in 2s: unhandled errors in a TaskGroup (1 sub-exception)
WARNING tools.mcp_tool: MCP server 'qmd' initial connection failed (attempt 3/3), retrying in 4s: unhandled errors in a TaskGroup (1 sub-exception)
WARNING tools.mcp_tool: MCP server 'qmd' failed initial connection after 3 attempts, giving up: unhandled errors in a TaskGroup (1 sub-exception)
WARNING tools.mcp_tool: Failed to connect to MCP server 'qmd' (command=qmd): Connection closed
ERROR gateway.platforms.base: [Discord] Discord bot token already in use (PID 32775). Stop the other gateway first.
WARNING gateway.run: ✗ discord failed to connect
ERROR gateway.run: Gateway hit a non-retryable startup conflict: discord: Discord bot token already in use (PID 32775). Stop the other gateway first.
ERROR gateway.run: Gateway exiting cleanly: discord: Discord bot token already in use (PID 32775). Stop the other gateway first.
[33m⚠ Deprecated .env settings detected:[0m
  [33m⚠[0m MESSAGING_CWD=~/Smith found in .env — this is deprecated.
  [2mMove to config.yaml instead:  terminal:\n    cwd: /your/project/path[0m
  [2mThen remove the old entries from /Users/Jeff/.hermes/profiles/smith/.env[0m

WARNING tools.mcp_tool: MCP server 'qmd' initial connection failed (attempt 1/3), retrying in 1s: unhandled errors in a TaskGroup (1 sub-exception)
WARNING tools.mcp_tool: MCP server 'qmd' initial connection failed (attempt 2/3), retrying in 2s: unhandled errors in a TaskGroup (1 sub-exception)
WARNING tools.mcp_tool: MCP server 'qmd' initial connection failed (attempt 3/3), retrying in 4s: unhandled errors in a TaskGroup (1 sub-exception)
WARNING tools.mcp_tool: MCP server 'qmd' failed initial connection after 3 attempts, giving up: unhandled errors in a TaskGroup (1 sub-exception)
WARNING tools.mcp_tool: Failed to connect to MCP server 'qmd' (command=qmd): Connection closed
ERROR gateway.platforms.base: [Discord] Discord bot token already in use (PID 32775). Stop the other gateway first.
WARNING gateway.run: ✗ discord failed to connect
ERROR gateway.run: Gateway hit a non-retryable startup conflict: discord: Discord bot token already in use (PID 32775). Stop the other gateway first.
ERROR gateway.run: Gateway exiting cleanly: discord: Discord bot token already in use (PID 32775). Stop the other gateway first.
[33m⚠ Deprecated .env settings detected:[0m
  [33m⚠[0m MESSAGING_CWD=~/Smith found in .env — this is deprecated.
  [2mMove to config.yaml instead:  terminal:\n    cwd: /your/project/path[0m
  [2mThen remove the old entries from /Users/Jeff/.hermes/profiles/smith/.env[0m

WARNING tools.mcp_tool: MCP server 'qmd' initial connection failed (attempt 1/3), retrying in 1s: unhandled errors in a TaskGroup (1 sub-exception)
WARNING tools.mcp_tool: MCP server 'qmd' initial connection failed (attempt 2/3), retrying in 2s: unhandled errors in a TaskGroup (1 sub-exception)
WARNING tools.mcp_tool: MCP server 'qmd' initial connection failed (attempt 3/3), retrying in 4s: unhandled errors in a TaskGroup (1 sub-exception)
WARNING tools.mcp_tool: MCP server 'qmd' failed initial connection after 3 attempts, giving up: unhandled errors in a TaskGroup (1 sub-exception)
WARNING tools.mcp_tool: Failed to connect to MCP server 'qmd' (command=qmd): Connection closed
ERROR gateway.platforms.base: [Discord] Discord bot token already in use (PID 32775). Stop the other gateway first.
WARNING gateway.run: ✗ discord failed to connect
ERROR gateway.run: Gateway hit a non-retryable startup conflict: discord: Discord bot token already in use (PID 32775). Stop the other gateway first.
ERROR gateway.run: Gateway exiting cleanly: discord: Discord bot token already in use (PID 32775). Stop the other gateway first.
[33m⚠ Deprecated .env settings detected:[0m
  [33m⚠[0m MESSAGING_CWD=~/Smith found in .env — this is deprecated.
  [2mMove to config.yaml instead:  terminal:\n    cwd: /your/project/path[0m
  [2mThen remove the old entries from /Users/Jeff/.hermes/profiles/smith/.env[0m

WARNING tools.mcp_tool: MCP server 'qmd' initial connection failed (attempt 1/3), retrying in 1s: unhandled errors in a TaskGroup (1 sub-exception)
WARNING tools.mcp_tool: MCP server 'qmd' initial connection failed (attempt 2/3), retrying in 2s: unhandled errors in a TaskGroup (1 sub-exception)
WARNING tools.mcp_tool: MCP server 'qmd' initial connection failed (attempt 3/3), retrying in 4s: unhandled errors in a TaskGroup (1 sub-exception)
WARNING tools.mcp_tool: MCP server 'qmd' failed initial connection after 3 attempts, giving up: unhandled errors in a TaskGroup (1 sub-exception)
WARNING tools.mcp_tool: Failed to connect to MCP server 'qmd' (command=qmd): Connection closed
ERROR gateway.platforms.base: [Discord] Discord bot token already in use (PID 32775). Stop the other gateway first.
WARNING gateway.run: ✗ discord failed to connect
ERROR gateway.run: Gateway hit a non-retryable startup conflict: discord: Discord bot token already in use (PID 32775). Stop the other gateway first.
ERROR gateway.run: Gateway exiting cleanly: discord: Discord bot token already in use (PID 32775). Stop the other gateway first.
[33m⚠ Deprecated .env settings detected:[0m
  [33m⚠[0m MESSAGING_CWD=~/Smith found in .env — this is deprecated.
  [2mMove to config.yaml instead:  terminal:\n    cwd: /your/project/path[0m
  [2mThen remove the old entries from /Users/Jeff/.hermes/profiles/smith/.env[0m

WARNING tools.mcp_tool: MCP server 'qmd' initial connection failed (attempt 1/3), retrying in 1s: unhandled errors in a TaskGroup (1 sub-exception)
WARNING tools.mcp_tool: MCP server 'qmd' initial connection failed (attempt 2/3), retrying in 2s: unhandled errors in a TaskGroup (1 sub-exception)
WARNING tools.mcp_tool: MCP server 'qmd' initial connection failed (attempt 3/3), retrying in 4s: unhandled errors in a TaskGroup (1 sub-exception)
WARNING tools.mcp_tool: MCP server 'qmd' failed initial connection after 3 attempts, giving up: unhandled errors in a TaskGroup (1 sub-exception)
WARNING tools.mcp_tool: Failed to connect to MCP server 'qmd' (command=qmd): Connection closed
ERROR gateway.platforms.base: [Discord] Discord bot token already in use (PID 32775). Stop the other gateway first.
WARNING gateway.run: ✗ discord failed to connect
ERROR gateway.run: Gateway hit a non-retryable startup conflict: discord: Discord bot token already in use (PID 32775). Stop the other gateway first.
ERROR gateway.run: Gateway exiting cleanly: discord: Discord bot token already in use (PID 32775). Stop the other gateway first.
[33m⚠ Deprecated .env settings detected:[0m
  [33m⚠[0m MESSAGING_CWD=~/Smith found in .env — this is deprecated.
  [2mMove to config.yaml instead:  terminal:\n    cwd: /your/project/path[0m
  [2mThen remove the old entries from /Users/Jeff/.hermes/profiles/smith/.env[0m

WARNING tools.mcp_tool: MCP server 'qmd' initial connection failed (attempt 1/3), retrying in 1s: unhandled errors in a TaskGroup (1 sub-exception)
WARNING tools.mcp_tool: MCP server 'qmd' initial connection failed (attempt 2/3), retrying in 2s: unhandled errors in a TaskGroup (1 sub-exception)
WARNING tools.mcp_tool: MCP server 'qmd' initial connection failed (attempt 3/3), retrying in 4s: unhandled errors in a TaskGroup (1 sub-exception)
WARNING tools.mcp_tool: MCP server 'qmd' failed initial connection after 3 attempts, giving up: unhandled errors in a TaskGroup (1 sub-exception)
WARNING tools.mcp_tool: Failed to connect to MCP server 'qmd' (command=qmd): Connection closed
ERROR gateway.platforms.base: [Discord] Discord bot token already in use (PID 32775). Stop the other gateway first.
WARNING gateway.run: ✗ discord failed to connect
ERROR gateway.run: Gateway hit a non-retryable startup conflict: discord: Discord bot token already in use (PID 32775). Stop the other gateway first.
ERROR gateway.run: Gateway exiting cleanly: discord: Discord bot token already in use (PID 32775). Stop the other gateway first.
[33m⚠ Deprecated .env settings detected:[0m
  [33m⚠[0m MESSAGING_CWD=~/Smith found in .env — this is deprecated.
  [2mMove to config.yaml instead:  terminal:\n    cwd: /your/project/path[0m
  [2mThen remove the old entries from /Users/Jeff/.hermes/profiles/smith/.env[0m

WARNING tools.mcp_tool: MCP server 'qmd' initial connection failed (attempt 1/3), retrying in 1s: unhandled errors in a TaskGroup (1 sub-exception)
WARNING tools.mcp_tool: MCP server 'qmd' initial connection failed (attempt 2/3), retrying in 2s: unhandled errors in a TaskGroup (1 sub-exception)
WARNING tools.mcp_tool: MCP server 'qmd' initial connection failed (attempt 3/3), retrying in 4s: unhandled errors in a TaskGroup (1 sub-exception)
WARNING tools.mcp_tool: MCP server 'qmd' failed initial connection after 3 attempts, giving up: unhandled errors in a TaskGroup (1 sub-exception)
WARNING tools.mcp_tool: Failed to connect to MCP server 'qmd' (command=qmd): Connection closed
ERROR gateway.platforms.base: [Discord] Discord bot token already in use (PID 32775). Stop the other gateway first.
WARNING gateway.run: ✗ discord failed to connect
ERROR gateway.run: Gateway hit a non-retryable startup conflict: discord: Discord bot token already in use (PID 32775). Stop the other gateway first.
ERROR gateway.run: Gateway exiting cleanly: discord: Discord bot token already in use (PID 32775). Stop the other gateway first.
[33m⚠ Deprecated .env settings detected:[0m
  [33m⚠[0m MESSAGING_CWD=~/Smith found in .env — this is deprecated.
  [2mMove to config.yaml instead:  terminal:\n    cwd: /your/project/path[0m
  [2mThen remove the old entries from /Users/Jeff/.hermes/profiles/smith/.env[0m

WARNING tools.mcp_tool: MCP server 'qmd' initial connection failed (attempt 1/3), retrying in 1s: unhandled errors in a TaskGroup (1 sub-exception)
WARNING tools.mcp_tool: MCP server 'qmd' initial connection failed (attempt 2/3), retrying in 2s: unhandled errors in a TaskGroup (1 sub-exception)
WARNING tools.mcp_tool: MCP server 'qmd' initial connection failed (attempt 3/3), retrying in 4s: unhandled errors in a TaskGroup (1 sub-exception)
WARNING tools.mcp_tool: MCP server 'qmd' failed initial connection after 3 attempts, giving up: unhandled errors in a TaskGroup (1 sub-exception)
WARNING tools.mcp_tool: Failed to connect to MCP server 'qmd' (command=qmd): Connection closed
ERROR gateway.platforms.base: [Discord] Discord bot token already in use (PID 32775). Stop the other gateway first.
WARNING gateway.run: ✗ discord failed to connect
ERROR gateway.run: Gateway hit a non-retryable startup conflict: discord: Discord bot token already in use (PID 32775). Stop the other gateway first.
ERROR gateway.run: Gateway exiting cleanly: discord: Discord bot token already in use (PID 32775). Stop the other gateway first.
[33m⚠ Deprecated .env settings detected:[0m
  [33m⚠[0m MESSAGING_CWD=~/Smith found in .env — this is deprecated.
  [2mMove to config.yaml instead:  terminal:\n    cwd: /your/project/path[0m
  [2mThen remove the old entries from /Users/Jeff/.hermes/profiles/smith/.env[0m

WARNING tools.mcp_tool: MCP server 'qmd' initial connection failed (attempt 1/3), retrying in 1s: unhandled errors in a TaskGroup (1 sub-exception)
WARNING tools.mcp_tool: MCP server 'qmd' initial connection failed (attempt 2/3), retrying in 2s: unhandled errors in a TaskGroup (1 sub-exception)
WARNING tools.mcp_tool: MCP server 'qmd' initial connection failed (attempt 3/3), retrying in 4s: unhandled errors in a TaskGroup (1 sub-exception)
WARNING tools.mcp_tool: MCP server 'qmd' failed initial connection after 3 attempts, giving up: unhandled errors in a TaskGroup (1 sub-exception)
WARNING tools.mcp_tool: Failed to connect to MCP server 'qmd' (command=qmd): Connection closed
ERROR gateway.platforms.base: [Discord] Discord bot token already in use (PID 32775). Stop the other gateway first.
WARNING gateway.run: ✗ discord failed to connect
ERROR gateway.run: Gateway hit a non-retryable startup conflict: discord: Discord bot token already in use (PID 32775). Stop the other gateway first.
ERROR gateway.run: Gateway exiting cleanly: discord: Discord bot token already in use (PID 32775). Stop the other gateway first.
[33m⚠ Deprecated .env settings detected:[0m
  [33m⚠[0m MESSAGING_CWD=~/Smith found in .env — this is deprecated.
  [2mMove to config.yaml instead:  terminal:\n    cwd: /your/project/path[0m
  [2mThen remove the old entries from /Users/Jeff/.hermes/profiles/smith/.env[0m

WARNING tools.mcp_tool: MCP server 'qmd' initial connection failed (attempt 1/3), retrying in 1s: unhandled errors in a TaskGroup (1 sub-exception)
WARNING tools.mcp_tool: MCP server 'qmd' initial connection failed (attempt 2/3), retrying in 2s: unhandled errors in a TaskGroup (1 sub-exception)
WARNING tools.mcp_tool: MCP server 'qmd' initial connection failed (attempt 3/3), retrying in 4s: unhandled errors in a TaskGroup (1 sub-exception)
WARNING tools.mcp_tool: MCP server 'qmd' failed initial connection after 3 attempts, giving up: unhandled errors in a TaskGroup (1 sub-exception)
WARNING tools.mcp_tool: Failed to connect to MCP server 'qmd' (command=qmd): Connection closed
ERROR gateway.platforms.base: [Discord] Discord bot token already in use (PID 32775). Stop the other gateway first.
WARNING gateway.run: ✗ discord failed to connect
ERROR gateway.run: Gateway hit a non-retryable startup conflict: discord: Discord bot token already in use (PID 32775). Stop the other gateway first.
ERROR gateway.run: Gateway exiting cleanly: discord: Discord bot token already in use (PID 32775). Stop the other gateway first.
[33m⚠ Deprecated .env settings detected:[0m
  [33m⚠[0m MESSAGING_CWD=~/Smith found in .env — this is deprecated.
  [2mMove to config.yaml instead:  terminal:\n    cwd: /your/project/path[0m
  [2mThen remove the old entries from /Users/Jeff/.hermes/profiles/smith/.env[0m

WARNING tools.mcp_tool: MCP server 'qmd' initial connection failed (attempt 1/3), retrying in 1s: unhandled errors in a TaskGroup (1 sub-exception)
WARNING tools.mcp_tool: MCP server 'qmd' initial connection failed (attempt 2/3), retrying in 2s: unhandled errors in a TaskGroup (1 sub-exception)
WARNING tools.mcp_tool: MCP server 'qmd' initial connection failed (attempt 3/3), retrying in 4s: unhandled errors in a TaskGroup (1 sub-exception)
WARNING tools.mcp_tool: MCP server 'qmd' failed initial connection after 3 attempts, giving up: unhandled errors in a TaskGroup (1 sub-exception)
WARNING tools.mcp_tool: Failed to connect to MCP server 'qmd' (command=qmd): Connection closed
ERROR gateway.platforms.base: [Discord] Discord bot token already in use (PID 32775). Stop the other gateway first.
WARNING gateway.run: ✗ discord failed to connect
ERROR gateway.run: Gateway hit a non-retryable startup conflict: discord: Discord bot token already in use (PID 32775). Stop the other gateway first.
ERROR gateway.run: Gateway exiting cleanly: discord: Discord bot token already in use (PID 32775). Stop the other gateway first.
[33m⚠ Deprecated .env settings detected:[0m
  [33m⚠[0m MESSAGING_CWD=~/Smith found in .env — this is deprecated.
  [2mMove to config.yaml instead:  terminal:\n    cwd: /your/project/path[0m
  [2mThen remove the old entries from /Users/Jeff/.hermes/profiles/smith/.env[0m

WARNING tools.mcp_tool: MCP server 'qmd' initial connection failed (attempt 1/3), retrying in 1s: unhandled errors in a TaskGroup (1 sub-exception)
WARNING tools.mcp_tool: MCP server 'qmd' initial connection failed (attempt 2/3), retrying in 2s: unhandled errors in a TaskGroup (1 sub-exception)
WARNING tools.mcp_tool: MCP server 'qmd' initial connection failed (attempt 3/3), retrying in 4s: unhandled errors in a TaskGroup (1 sub-exception)
WARNING tools.mcp_tool: MCP server 'qmd' failed initial connection after 3 attempts, giving up: unhandled errors in a TaskGroup (1 sub-exception)
WARNING tools.mcp_tool: Failed to connect to MCP server 'qmd' (command=qmd): Connection closed
ERROR gateway.platforms.base: [Discord] Discord bot token already in use (PID 32775). Stop the other gateway first.
WARNING gateway.run: ✗ discord failed to connect
ERROR gateway.run: Gateway hit a non-retryable startup conflict: discord: Discord bot token already in use (PID 32775). Stop the other gateway first.
ERROR gateway.run: Gateway exiting cleanly: discord: Discord bot token already in use (PID 32775). Stop the other gateway first.
[33m⚠ Deprecated .env settings detected:[0m
  [33m⚠[0m MESSAGING_CWD=~/Smith found in .env — this is deprecated.
  [2mMove to config.yaml instead:  terminal:\n    cwd: /your/project/path[0m
  [2mThen remove the old entries from /Users/Jeff/.hermes/profiles/smith/.env[0m

WARNING tools.mcp_tool: MCP server 'qmd' initial connection failed (attempt 1/3), retrying in 1s: unhandled errors in a TaskGroup (1 sub-exception)
WARNING tools.mcp_tool: MCP server 'qmd' initial connection failed (attempt 2/3), retrying in 2s: unhandled errors in a TaskGroup (1 sub-exception)
WARNING tools.mcp_tool: MCP server 'qmd' initial connection failed (attempt 3/3), retrying in 4s: unhandled errors in a TaskGroup (1 sub-exception)
WARNING tools.mcp_tool: MCP server 'qmd' failed initial connection after 3 attempts, giving up: unhandled errors in a TaskGroup (1 sub-exception)
WARNING tools.mcp_tool: Failed to connect to MCP server 'qmd' (command=qmd): Connection closed
ERROR gateway.platforms.base: [Discord] Discord bot token already in use (PID 32775). Stop the other gateway first.
WARNING gateway.run: ✗ discord failed to connect
ERROR gateway.run: Gateway hit a non-retryable startup conflict: discord: Discord bot token already in use (PID 32775). Stop the other gateway first.
ERROR gateway.run: Gateway exiting cleanly: discord: Discord bot token already in use (PID 32775). Stop the other gateway first.
[33m⚠ Deprecated .env settings detected:[0m
  [33m⚠[0m MESSAGING_CWD=~/Smith found in .env — this is deprecated.
  [2mMove to config.yaml instead:  terminal:\n    cwd: /your/project/path[0m
  [2mThen remove the old entries from /Users/Jeff/.hermes/profiles/smith/.env[0m

WARNING tools.mcp_tool: MCP server 'qmd' initial connection failed (attempt 1/3), retrying in 1s: unhandled errors in a TaskGroup (1 sub-exception)
WARNING tools.mcp_tool: MCP server 'qmd' initial connection failed (attempt 2/3), retrying in 2s: unhandled errors in a TaskGroup (1 sub-exception)
WARNING tools.mcp_tool: MCP server 'qmd' initial connection failed (attempt 3/3), retrying in 4s: unhandled errors in a TaskGroup (1 sub-exception)
WARNING tools.mcp_tool: MCP server 'qmd' failed initial connection after 3 attempts, giving up: unhandled errors in a TaskGroup (1 sub-exception)
WARNING tools.mcp_tool: Failed to connect to MCP server 'qmd' (command=qmd): Connection closed
ERROR gateway.platforms.base: [Discord] Discord bot token already in use (PID 32775). Stop the other gateway first.
WARNING gateway.run: ✗ discord failed to connect
ERROR gateway.run: Gateway hit a non-retryable startup conflict: discord: Discord bot token already in use (PID 32775). Stop the other gateway first.
ERROR gateway.run: Gateway exiting cleanly: discord: Discord bot token already in use (PID 32775). Stop the other gateway first.
[33m⚠ Deprecated .env settings detected:[0m
  [33m⚠[0m MESSAGING_CWD=~/Smith found in .env — this is deprecated.
  [2mMove to config.yaml instead:  terminal:\n    cwd: /your/project/path[0m
  [2mThen remove the old entries from /Users/Jeff/.hermes/profiles/smith/.env[0m

WARNING tools.mcp_tool: MCP server 'qmd' initial connection failed (attempt 1/3), retrying in 1s: unhandled errors in a TaskGroup (1 sub-exception)
WARNING tools.mcp_tool: MCP server 'qmd' initial connection failed (attempt 2/3), retrying in 2s: unhandled errors in a TaskGroup (1 sub-exception)
WARNING tools.mcp_tool: MCP server 'qmd' initial connection failed (attempt 3/3), retrying in 4s: unhandled errors in a TaskGroup (1 sub-exception)
WARNING tools.mcp_tool: MCP server 'qmd' failed initial connection after 3 attempts, giving up: unhandled errors in a TaskGroup (1 sub-exception)
WARNING tools.mcp_tool: Failed to connect to MCP server 'qmd' (command=qmd): Connection closed
ERROR gateway.platforms.base: [Discord] Discord bot token already in use (PID 32775). Stop the other gateway first.
WARNING gateway.run: ✗ discord failed to connect
ERROR gateway.run: Gateway hit a non-retryable startup conflict: discord: Discord bot token already in use (PID 32775). Stop the other gateway first.
ERROR gateway.run: Gateway exiting cleanly: discord: Discord bot token already in use (PID 32775). Stop the other gateway first.
[33m⚠ Deprecated .env settings detected:[0m
  [33m⚠[0m MESSAGING_CWD=~/Smith found in .env — this is deprecated.
  [2mMove to config.yaml instead:  terminal:\n    cwd: /your/project/path[0m
  [2mThen remove the old entries from /Users/Jeff/.hermes/profiles/smith/.env[0m

WARNING tools.mcp_tool: MCP server 'qmd' initial connection failed (attempt 1/3), retrying in 1s: unhandled errors in a TaskGroup (1 sub-exception)
WARNING tools.mcp_tool: MCP server 'qmd' initial connection failed (attempt 2/3), retrying in 2s: unhandled errors in a TaskGroup (1 sub-exception)
WARNING tools.mcp_tool: MCP server 'qmd' initial connection failed (attempt 3/3), retrying in 4s: unhandled errors in a TaskGroup (1 sub-exception)
WARNING tools.mcp_tool: MCP server 'qmd' failed initial connection after 3 attempts, giving up: unhandled errors in a TaskGroup (1 sub-exception)
WARNING tools.mcp_tool: Failed to connect to MCP server 'qmd' (command=qmd): Connection closed
ERROR gateway.platforms.base: [Discord] Discord bot token already in use (PID 32775). Stop the other gateway first.
WARNING gateway.run: ✗ discord failed to connect
ERROR gateway.run: Gateway hit a non-retryable startup conflict: discord: Discord bot token already in use (PID 32775). Stop the other gateway first.
ERROR gateway.run: Gateway exiting cleanly: discord: Discord bot token already in use (PID 32775). Stop the other gateway first.
[33m⚠ Deprecated .env settings detected:[0m
  [33m⚠[0m MESSAGING_CWD=~/Smith found in .env — this is deprecated.
  [2mMove to config.yaml instead:  terminal:\n    cwd: /your/project/path[0m
  [2mThen remove the old entries from /Users/Jeff/.hermes/profiles/smith/.env[0m

WARNING tools.mcp_tool: MCP server 'qmd' initial connection failed (attempt 1/3), retrying in 1s: unhandled errors in a TaskGroup (1 sub-exception)
WARNING tools.mcp_tool: MCP server 'qmd' initial connection failed (attempt 2/3), retrying in 2s: unhandled errors in a TaskGroup (1 sub-exception)
WARNING tools.mcp_tool: MCP server 'qmd' initial connection failed (attempt 3/3), retrying in 4s: unhandled errors in a TaskGroup (1 sub-exception)
WARNING tools.mcp_tool: MCP server 'qmd' failed initial connection after 3 attempts, giving up: unhandled errors in a TaskGroup (1 sub-exception)
WARNING tools.mcp_tool: Failed to connect to MCP server 'qmd' (command=qmd): Connection closed
ERROR gateway.platforms.base: [Discord] Discord bot token already in use (PID 32775). Stop the other gateway first.
WARNING gateway.run: ✗ discord failed to connect
ERROR gateway.run: Gateway hit a non-retryable startup conflict: discord: Discord bot token already in use (PID 32775). Stop the other gateway first.
ERROR gateway.run: Gateway exiting cleanly: discord: Discord bot token already in use (PID 32775). Stop the other gateway first.
[33m⚠ Deprecated .env settings detected:[0m
  [33m⚠[0m MESSAGING_CWD=~/Smith found in .env — this is deprecated.
  [2mMove to config.yaml instead:  terminal:\n    cwd: /your/project/path[0m
  [2mThen remove the old entries from /Users/Jeff/.hermes/profiles/smith/.env[0m

WARNING tools.mcp_tool: MCP server 'qmd' initial connection failed (attempt 1/3), retrying in 1s: unhandled errors in a TaskGroup (1 sub-exception)
WARNING tools.mcp_tool: MCP server 'qmd' initial connection failed (attempt 2/3), retrying in 2s: unhandled errors in a TaskGroup (1 sub-exception)
WARNING tools.mcp_tool: MCP server 'qmd' initial connection failed (attempt 3/3), retrying in 4s: unhandled errors in a TaskGroup (1 sub-exception)
WARNING tools.mcp_tool: MCP server 'qmd' failed initial connection after 3 attempts, giving up: unhandled errors in a TaskGroup (1 sub-exception)
WARNING tools.mcp_tool: Failed to connect to MCP server 'qmd' (command=qmd): Connection closed
ERROR gateway.platforms.base: [Discord] Discord bot token already in use (PID 32775). Stop the other gateway first.
WARNING gateway.run: ✗ discord failed to connect
ERROR gateway.run: Gateway hit a non-retryable startup conflict: discord: Discord bot token already in use (PID 32775). Stop the other gateway first.
ERROR gateway.run: Gateway exiting cleanly: discord: Discord bot token already in use (PID 32775). Stop the other gateway first.
[33m⚠ Deprecated .env settings detected:[0m
  [33m⚠[0m MESSAGING_CWD=~/Smith found in .env — this is deprecated.
  [2mMove to config.yaml instead:  terminal:\n    cwd: /your/project/path[0m
  [2mThen remove the old entries from /Users/Jeff/.hermes/profiles/smith/.env[0m

WARNING tools.mcp_tool: MCP server 'qmd' initial connection failed (attempt 1/3), retrying in 1s: unhandled errors in a TaskGroup (1 sub-exception)
WARNING tools.mcp_tool: MCP server 'qmd' initial connection failed (attempt 2/3), retrying in 2s: unhandled errors in a TaskGroup (1 sub-exception)
WARNING tools.mcp_tool: MCP server 'qmd' initial connection failed (attempt 3/3), retrying in 4s: unhandled errors in a TaskGroup (1 sub-exception)
WARNING tools.mcp_tool: MCP server 'qmd' failed initial connection after 3 attempts, giving up: unhandled errors in a TaskGroup (1 sub-exception)
WARNING tools.mcp_tool: Failed to connect to MCP server 'qmd' (command=qmd): Connection closed
ERROR gateway.platforms.base: [Discord] Discord bot token already in use (PID 32775). Stop the other gateway first.
WARNING gateway.run: ✗ discord failed to connect
ERROR gateway.run: Gateway hit a non-retryable startup conflict: discord: Discord bot token already in use (PID 32775). Stop the other gateway first.
ERROR gateway.run: Gateway exiting cleanly: discord: Discord bot token already in use (PID 32775). Stop the other gateway first.
[33m⚠ Deprecated .env settings detected:[0m
  [33m⚠[0m MESSAGING_CWD=~/Smith found in .env — this is deprecated.
  [2mMove to config.yaml instead:  terminal:\n    cwd: /your/project/path[0m
  [2mThen remove the old entries from /Users/Jeff/.hermes/profiles/smith/.env[0m

WARNING tools.mcp_tool: MCP server 'qmd' initial connection failed (attempt 1/3), retrying in 1s: unhandled errors in a TaskGroup (1 sub-exception)
WARNING tools.mcp_tool: MCP server 'qmd' initial connection failed (attempt 2/3), retrying in 2s: unhandled errors in a TaskGroup (1 sub-exception)
WARNING tools.mcp_tool: MCP server 'qmd' initial connection failed (attempt 3/3), retrying in 4s: unhandled errors in a TaskGroup (1 sub-exception)
WARNING tools.mcp_tool: MCP server 'qmd' failed initial connection after 3 attempts, giving up: unhandled errors in a TaskGroup (1 sub-exception)
WARNING tools.mcp_tool: Failed to connect to MCP server 'qmd' (command=qmd): Connection closed
ERROR gateway.platforms.base: [Discord] Discord bot token already in use (PID 32775). Stop the other gateway first.
WARNING gateway.run: ✗ discord failed to connect
ERROR gateway.run: Gateway hit a non-retryable startup conflict: discord: Discord bot token already in use (PID 32775). Stop the other gateway first.
ERROR gateway.run: Gateway exiting cleanly: discord: Discord bot token already in use (PID 32775). Stop the other gateway first.
[33m⚠ Deprecated .env settings detected:[0m
  [33m⚠[0m MESSAGING_CWD=~/Smith found in .env — this is deprecated.
  [2mMove to config.yaml instead:  terminal:\n    cwd: /your/project/path[0m
  [2mThen remove the old entries from /Users/Jeff/.hermes/profiles/smith/.env[0m

WARNING tools.mcp_tool: MCP server 'qmd' initial connection failed (attempt 1/3), retrying in 1s: unhandled errors in a TaskGroup (1 sub-exception)
WARNING tools.mcp_tool: MCP server 'qmd' initial connection failed (attempt 2/3), retrying in 2s: unhandled errors in a TaskGroup (1 sub-exception)
WARNING tools.mcp_tool: MCP server 'qmd' initial connection failed (attempt 3/3), retrying in 4s: unhandled errors in a TaskGroup (1 sub-exception)
WARNING tools.mcp_tool: MCP server 'qmd' failed initial connection after 3 attempts, giving up: unhandled errors in a TaskGroup (1 sub-exception)
WARNING tools.mcp_tool: Failed to connect to MCP server 'qmd' (command=qmd): Connection closed
ERROR gateway.platforms.base: [Discord] Discord bot token already in use (PID 32775). Stop the other gateway first.
WARNING gateway.run: ✗ discord failed to connect
ERROR gateway.run: Gateway hit a non-retryable startup conflict: discord: Discord bot token already in use (PID 32775). Stop the other gateway first.
ERROR gateway.run: Gateway exiting cleanly: discord: Discord bot token already in use (PID 32775). Stop the other gateway first.
[33m⚠ Deprecated .env settings detected:[0m
  [33m⚠[0m MESSAGING_CWD=~/Smith found in .env — this is deprecated.
  [2mMove to config.yaml instead:  terminal:\n    cwd: /your/project/path[0m
  [2mThen remove the old entries from /Users/Jeff/.hermes/profiles/smith/.env[0m

WARNING tools.mcp_tool: MCP server 'qmd' initial connection failed (attempt 1/3), retrying in 1s: unhandled errors in a TaskGroup (1 sub-exception)
WARNING tools.mcp_tool: MCP server 'qmd' initial connection failed (attempt 2/3), retrying in 2s: unhandled errors in a TaskGroup (1 sub-exception)
WARNING tools.mcp_tool: MCP server 'qmd' initial connection failed (attempt 3/3), retrying in 4s: unhandled errors in a TaskGroup (1 sub-exception)
WARNING tools.mcp_tool: MCP server 'qmd' failed initial connection after 3 attempts, giving up: unhandled errors in a TaskGroup (1 sub-exception)
WARNING tools.mcp_tool: Failed to connect to MCP server 'qmd' (command=qmd): Connection closed
ERROR gateway.platforms.base: [Discord] Discord bot token already in use (PID 32775). Stop the other gateway first.
WARNING gateway.run: ✗ discord failed to connect
ERROR gateway.run: Gateway hit a non-retryable startup conflict: discord: Discord bot token already in use (PID 32775). Stop the other gateway first.
ERROR gateway.run: Gateway exiting cleanly: discord: Discord bot token already in use (PID 32775). Stop the other gateway first.
[33m⚠ Deprecated .env settings detected:[0m
  [33m⚠[0m MESSAGING_CWD=~/Smith found in .env — this is deprecated.
  [2mMove to config.yaml instead:  terminal:\n    cwd: /your/project/path[0m
  [2mThen remove the old entries from /Users/Jeff/.hermes/profiles/smith/.env[0m

WARNING tools.mcp_tool: MCP server 'qmd' initial connection failed (attempt 1/3), retrying in 1s: unhandled errors in a TaskGroup (1 sub-exception)
WARNING tools.mcp_tool: MCP server 'qmd' initial connection failed (attempt 2/3), retrying in 2s: unhandled errors in a TaskGroup (1 sub-exception)
WARNING tools.mcp_tool: MCP server 'qmd' initial connection failed (attempt 3/3), retrying in 4s: unhandled errors in a TaskGroup (1 sub-exception)
WARNING tools.mcp_tool: MCP server 'qmd' failed initial connection after 3 attempts, giving up: unhandled errors in a TaskGroup (1 sub-exception)
WARNING tools.mcp_tool: Failed to connect to MCP server 'qmd' (command=qmd): Connection closed
ERROR gateway.platforms.base: [Discord] Discord bot token already in use (PID 32775). Stop the other gateway first.
WARNING gateway.run: ✗ discord failed to connect
ERROR gateway.run: Gateway hit a non-retryable startup conflict: discord: Discord bot token already in use (PID 32775). Stop the other gateway first.
ERROR gateway.run: Gateway exiting cleanly: discord: Discord bot token already in use (PID 32775). Stop the other gateway first.
[33m⚠ Deprecated .env settings detected:[0m
  [33m⚠[0m MESSAGING_CWD=~/Smith found in .env — this is deprecated.
  [2mMove to config.yaml instead:  terminal:\n    cwd: /your/project/path[0m
  [2mThen remove the old entries from /Users/Jeff/.hermes/profiles/smith/.env[0m

WARNING tools.mcp_tool: MCP server 'qmd' initial connection failed (attempt 1/3), retrying in 1s: unhandled errors in a TaskGroup (1 sub-exception)
WARNING tools.mcp_tool: MCP server 'qmd' initial connection failed (attempt 2/3), retrying in 2s: unhandled errors in a TaskGroup (1 sub-exception)
WARNING tools.mcp_tool: MCP server 'qmd' initial connection failed (attempt 3/3), retrying in 4s: unhandled errors in a TaskGroup (1 sub-exception)
WARNING tools.mcp_tool: MCP server 'qmd' failed initial connection after 3 attempts, giving up: unhandled errors in a TaskGroup (1 sub-exception)
WARNING tools.mcp_tool: Failed to connect to MCP server 'qmd' (command=qmd): Connection closed
ERROR gateway.platforms.base: [Discord] Discord bot token already in use (PID 32775). Stop the other gateway first.
WARNING gateway.run: ✗ discord failed to connect
ERROR gateway.run: Gateway hit a non-retryable startup conflict: discord: Discord bot token already in use (PID 32775). Stop the other gateway first.
ERROR gateway.run: Gateway exiting cleanly: discord: Discord bot token already in use (PID 32775). Stop the other gateway first.
[33m⚠ Deprecated .env settings detected:[0m
  [33m⚠[0m MESSAGING_CWD=~/Smith found in .env — this is deprecated.
  [2mMove to config.yaml instead:  terminal:\n    cwd: /your/project/path[0m
  [2mThen remove the old entries from /Users/Jeff/.hermes/profiles/smith/.env[0m

WARNING tools.mcp_tool: MCP server 'qmd' initial connection failed (attempt 1/3), retrying in 1s: unhandled errors in a TaskGroup (1 sub-exception)
WARNING tools.mcp_tool: MCP server 'qmd' initial connection failed (attempt 2/3), retrying in 2s: unhandled errors in a TaskGroup (1 sub-exception)
WARNING tools.mcp_tool: MCP server 'qmd' initial connection failed (attempt 3/3), retrying in 4s: unhandled errors in a TaskGroup (1 sub-exception)
WARNING tools.mcp_tool: MCP server 'qmd' failed initial connection after 3 attempts, giving up: unhandled errors in a TaskGroup (1 sub-exception)
WARNING tools.mcp_tool: Failed to connect to MCP server 'qmd' (command=qmd): Connection closed
ERROR gateway.platforms.base: [Discord] Discord bot token already in use (PID 32775). Stop the other gateway first.
WARNING gateway.run: ✗ discord failed to connect
ERROR gateway.run: Gateway hit a non-retryable startup conflict: discord: Discord bot token already in use (PID 32775). Stop the other gateway first.
ERROR gateway.run: Gateway exiting cleanly: discord: Discord bot token already in use (PID 32775). Stop the other gateway first.
[33m⚠ Deprecated .env settings detected:[0m
  [33m⚠[0m MESSAGING_CWD=~/Smith found in .env — this is deprecated.
  [2mMove to config.yaml instead:  terminal:\n    cwd: /your/project/path[0m
  [2mThen remove the old entries from /Users/Jeff/.hermes/profiles/smith/.env[0m

WARNING tools.mcp_tool: MCP server 'qmd' initial connection failed (attempt 1/3), retrying in 1s: unhandled errors in a TaskGroup (1 sub-exception)
WARNING tools.mcp_tool: MCP server 'qmd' initial connection failed (attempt 2/3), retrying in 2s: unhandled errors in a TaskGroup (1 sub-exception)
WARNING tools.mcp_tool: MCP server 'qmd' initial connection failed (attempt 3/3), retrying in 4s: unhandled errors in a TaskGroup (1 sub-exception)
WARNING tools.mcp_tool: MCP server 'qmd' failed initial connection after 3 attempts, giving up: unhandled errors in a TaskGroup (1 sub-exception)
WARNING tools.mcp_tool: Failed to connect to MCP server 'qmd' (command=qmd): Connection closed
ERROR gateway.platforms.base: [Discord] Discord bot token already in use (PID 32775). Stop the other gateway first.
WARNING gateway.run: ✗ discord failed to connect
ERROR gateway.run: Gateway hit a non-retryable startup conflict: discord: Discord bot token already in use (PID 32775). Stop the other gateway first.
ERROR gateway.run: Gateway exiting cleanly: discord: Discord bot token already in use (PID 32775). Stop the other gateway first.
[33m⚠ Deprecated .env settings detected:[0m
  [33m⚠[0m MESSAGING_CWD=~/Smith found in .env — this is deprecated.
  [2mMove to config.yaml instead:  terminal:\n    cwd: /your/project/path[0m
  [2mThen remove the old entries from /Users/Jeff/.hermes/profiles/smith/.env[0m

WARNING tools.mcp_tool: MCP server 'qmd' initial connection failed (attempt 1/3), retrying in 1s: unhandled errors in a TaskGroup (1 sub-exception)
WARNING tools.mcp_tool: MCP server 'qmd' initial connection failed (attempt 2/3), retrying in 2s: unhandled errors in a TaskGroup (1 sub-exception)
WARNING tools.mcp_tool: MCP server 'qmd' initial connection failed (attempt 3/3), retrying in 4s: unhandled errors in a TaskGroup (1 sub-exception)
WARNING tools.mcp_tool: MCP server 'qmd' failed initial connection after 3 attempts, giving up: unhandled errors in a TaskGroup (1 sub-exception)
WARNING tools.mcp_tool: Failed to connect to MCP server 'qmd' (command=qmd): Connection closed
ERROR gateway.platforms.base: [Discord] Discord bot token already in use (PID 32775). Stop the other gateway first.
WARNING gateway.run: ✗ discord failed to connect
ERROR gateway.run: Gateway hit a non-retryable startup conflict: discord: Discord bot token already in use (PID 32775). Stop the other gateway first.
ERROR gateway.run: Gateway exiting cleanly: discord: Discord bot token already in use (PID 32775). Stop the other gateway first.
[33m⚠ Deprecated .env settings detected:[0m
  [33m⚠[0m MESSAGING_CWD=~/Smith found in .env — this is deprecated.
  [2mMove to config.yaml instead:  terminal:\n    cwd: /your/project/path[0m
  [2mThen remove the old entries from /Users/Jeff/.hermes/profiles/smith/.env[0m

WARNING tools.mcp_tool: MCP server 'qmd' initial connection failed (attempt 1/3), retrying in 1s: unhandled errors in a TaskGroup (1 sub-exception)
WARNING tools.mcp_tool: MCP server 'qmd' initial connection failed (attempt 2/3), retrying in 2s: unhandled errors in a TaskGroup (1 sub-exception)
WARNING tools.mcp_tool: MCP server 'qmd' initial connection failed (attempt 3/3), retrying in 4s: unhandled errors in a TaskGroup (1 sub-exception)
WARNING tools.mcp_tool: MCP server 'qmd' failed initial connection after 3 attempts, giving up: unhandled errors in a TaskGroup (1 sub-exception)
WARNING tools.mcp_tool: Failed to connect to MCP server 'qmd' (command=qmd): Connection closed
ERROR gateway.platforms.base: [Discord] Discord bot token already in use (PID 32775). Stop the other gateway first.
WARNING gateway.run: ✗ discord failed to connect
ERROR gateway.run: Gateway hit a non-retryable startup conflict: discord: Discord bot token already in use (PID 32775). Stop the other gateway first.
ERROR gateway.run: Gateway exiting cleanly: discord: Discord bot token already in use (PID 32775). Stop the other gateway first.
[33m⚠ Deprecated .env settings detected:[0m
  [33m⚠[0m MESSAGING_CWD=~/Smith found in .env — this is deprecated.
  [2mMove to config.yaml instead:  terminal:\n    cwd: /your/project/path[0m
  [2mThen remove the old entries from /Users/Jeff/.hermes/profiles/smith/.env[0m

WARNING tools.mcp_tool: MCP server 'qmd' initial connection failed (attempt 1/3), retrying in 1s: unhandled errors in a TaskGroup (1 sub-exception)
WARNING tools.mcp_tool: MCP server 'qmd' initial connection failed (attempt 2/3), retrying in 2s: unhandled errors in a TaskGroup (1 sub-exception)
WARNING tools.mcp_tool: MCP server 'qmd' initial connection failed (attempt 3/3), retrying in 4s: unhandled errors in a TaskGroup (1 sub-exception)
WARNING tools.mcp_tool: MCP server 'qmd' failed initial connection after 3 attempts, giving up: unhandled errors in a TaskGroup (1 sub-exception)
WARNING tools.mcp_tool: Failed to connect to MCP server 'qmd' (command=qmd): Connection closed
ERROR gateway.platforms.base: [Discord] Discord bot token already in use (PID 32775). Stop the other gateway first.
WARNING gateway.run: ✗ discord failed to connect
ERROR gateway.run: Gateway hit a non-retryable startup conflict: discord: Discord bot token already in use (PID 32775). Stop the other gateway first.
ERROR gateway.run: Gateway exiting cleanly: discord: Discord bot token already in use (PID 32775). Stop the other gateway first.
[33m⚠ Deprecated .env settings detected:[0m
  [33m⚠[0m MESSAGING_CWD=~/Smith found in .env — this is deprecated.
  [2mMove to config.yaml instead:  terminal:\n    cwd: /your/project/path[0m
  [2mThen remove the old entries from /Users/Jeff/.hermes/profiles/smith/.env[0m

WARNING tools.mcp_tool: MCP server 'qmd' initial connection failed (attempt 1/3), retrying in 1s: unhandled errors in a TaskGroup (1 sub-exception)
WARNING tools.mcp_tool: MCP server 'qmd' initial connection failed (attempt 2/3), retrying in 2s: unhandled errors in a TaskGroup (1 sub-exception)
WARNING tools.mcp_tool: MCP server 'qmd' initial connection failed (attempt 3/3), retrying in 4s: unhandled errors in a TaskGroup (1 sub-exception)
WARNING tools.mcp_tool: MCP server 'qmd' failed initial connection after 3 attempts, giving up: unhandled errors in a TaskGroup (1 sub-exception)
WARNING tools.mcp_tool: Failed to connect to MCP server 'qmd' (command=qmd): Connection closed
ERROR gateway.platforms.base: [Discord] Discord bot token already in use (PID 32775). Stop the other gateway first.
WARNING gateway.run: ✗ discord failed to connect
ERROR gateway.run: Gateway hit a non-retryable startup conflict: discord: Discord bot token already in use (PID 32775). Stop the other gateway first.
ERROR gateway.run: Gateway exiting cleanly: discord: Discord bot token already in use (PID 32775). Stop the other gateway first.
[33m⚠ Deprecated .env settings detected:[0m
  [33m⚠[0m MESSAGING_CWD=~/Smith found in .env — this is deprecated.
  [2mMove to config.yaml instead:  terminal:\n    cwd: /your/project/path[0m
  [2mThen remove the old entries from /Users/Jeff/.hermes/profiles/smith/.env[0m

WARNING tools.mcp_tool: MCP server 'qmd' initial connection failed (attempt 1/3), retrying in 1s: unhandled errors in a TaskGroup (1 sub-exception)
WARNING tools.mcp_tool: MCP server 'qmd' initial connection failed (attempt 2/3), retrying in 2s: unhandled errors in a TaskGroup (1 sub-exception)
WARNING tools.mcp_tool: MCP server 'qmd' initial connection failed (attempt 3/3), retrying in 4s: unhandled errors in a TaskGroup (1 sub-exception)
WARNING tools.mcp_tool: MCP server 'qmd' failed initial connection after 3 attempts, giving up: unhandled errors in a TaskGroup (1 sub-exception)
WARNING tools.mcp_tool: Failed to connect to MCP server 'qmd' (command=qmd): Connection closed
ERROR gateway.platforms.base: [Discord] Discord bot token already in use (PID 32775). Stop the other gateway first.
WARNING gateway.run: ✗ discord failed to connect
ERROR gateway.run: Gateway hit a non-retryable startup conflict: discord: Discord bot token already in use (PID 32775). Stop the other gateway first.
ERROR gateway.run: Gateway exiting cleanly: discord: Discord bot token already in use (PID 32775). Stop the other gateway first.
[33m⚠ Deprecated .env settings detected:[0m
  [33m⚠[0m MESSAGING_CWD=~/Smith found in .env — this is deprecated.
  [2mMove to config.yaml instead:  terminal:\n    cwd: /your/project/path[0m
  [2mThen remove the old entries from /Users/Jeff/.hermes/profiles/smith/.env[0m

WARNING tools.mcp_tool: MCP server 'qmd' initial connection failed (attempt 1/3), retrying in 1s: unhandled errors in a TaskGroup (1 sub-exception)
WARNING tools.mcp_tool: MCP server 'qmd' initial connection failed (attempt 2/3), retrying in 2s: unhandled errors in a TaskGroup (1 sub-exception)
WARNING tools.mcp_tool: MCP server 'qmd' initial connection failed (attempt 3/3), retrying in 4s: unhandled errors in a TaskGroup (1 sub-exception)
WARNING tools.mcp_tool: MCP server 'qmd' failed initial connection after 3 attempts, giving up: unhandled errors in a TaskGroup (1 sub-exception)
WARNING tools.mcp_tool: Failed to connect to MCP server 'qmd' (command=qmd): Connection closed
ERROR gateway.platforms.base: [Discord] Discord bot token already in use (PID 32775). Stop the other gateway first.
WARNING gateway.run: ✗ discord failed to connect
ERROR gateway.run: Gateway hit a non-retryable startup conflict: discord: Discord bot token already in use (PID 32775). Stop the other gateway first.
ERROR gateway.run: Gateway exiting cleanly: discord: Discord bot token already in use (PID 32775). Stop the other gateway first.
[33m⚠ Deprecated .env settings detected:[0m
  [33m⚠[0m MESSAGING_CWD=~/Smith found in .env — this is deprecated.
  [2mMove to config.yaml instead:  terminal:\n    cwd: /your/project/path[0m
  [2mThen remove the old entries from /Users/Jeff/.hermes/profiles/smith/.env[0m

WARNING tools.mcp_tool: MCP server 'qmd' initial connection failed (attempt 1/3), retrying in 1s: unhandled errors in a TaskGroup (1 sub-exception)
WARNING tools.mcp_tool: MCP server 'qmd' initial connection failed (attempt 2/3), retrying in 2s: unhandled errors in a TaskGroup (1 sub-exception)
WARNING tools.mcp_tool: MCP server 'qmd' initial connection failed (attempt 3/3), retrying in 4s: unhandled errors in a TaskGroup (1 sub-exception)
WARNING tools.mcp_tool: MCP server 'qmd' failed initial connection after 3 attempts, giving up: unhandled errors in a TaskGroup (1 sub-exception)
WARNING tools.mcp_tool: Failed to connect to MCP server 'qmd' (command=qmd): Connection closed
ERROR gateway.platforms.base: [Discord] Discord bot token already in use (PID 32775). Stop the other gateway first.
WARNING gateway.run: ✗ discord failed to connect
ERROR gateway.run: Gateway hit a non-retryable startup conflict: discord: Discord bot token already in use (PID 32775). Stop the other gateway first.
ERROR gateway.run: Gateway exiting cleanly: discord: Discord bot token already in use (PID 32775). Stop the other gateway first.
[33m⚠ Deprecated .env settings detected:[0m
  [33m⚠[0m MESSAGING_CWD=~/Smith found in .env — this is deprecated.
  [2mMove to config.yaml instead:  terminal:\n    cwd: /your/project/path[0m
  [2mThen remove the old entries from /Users/Jeff/.hermes/profiles/smith/.env[0m

WARNING tools.mcp_tool: MCP server 'qmd' initial connection failed (attempt 1/3), retrying in 1s: unhandled errors in a TaskGroup (1 sub-exception)
WARNING tools.mcp_tool: MCP server 'qmd' initial connection failed (attempt 2/3), retrying in 2s: unhandled errors in a TaskGroup (1 sub-exception)
WARNING tools.mcp_tool: MCP server 'qmd' initial connection failed (attempt 3/3), retrying in 4s: unhandled errors in a TaskGroup (1 sub-exception)
WARNING tools.mcp_tool: MCP server 'qmd' failed initial connection after 3 attempts, giving up: unhandled errors in a TaskGroup (1 sub-exception)
WARNING tools.mcp_tool: Failed to connect to MCP server 'qmd' (command=qmd): Connection closed
ERROR gateway.platforms.base: [Discord] Discord bot token already in use (PID 32775). Stop the other gateway first.
WARNING gateway.run: ✗ discord failed to connect
ERROR gateway.run: Gateway hit a non-retryable startup conflict: discord: Discord bot token already in use (PID 32775). Stop the other gateway first.
ERROR gateway.run: Gateway exiting cleanly: discord: Discord bot token already in use (PID 32775). Stop the other gateway first.
[33m⚠ Deprecated .env settings detected:[0m
  [33m⚠[0m MESSAGING_CWD=~/Smith found in .env — this is deprecated.
  [2mMove to config.yaml instead:  terminal:\n    cwd: /your/project/path[0m
  [2mThen remove the old entries from /Users/Jeff/.hermes/profiles/smith/.env[0m

WARNING tools.mcp_tool: MCP server 'qmd' initial connection failed (attempt 1/3), retrying in 1s: unhandled errors in a TaskGroup (1 sub-exception)
WARNING tools.mcp_tool: MCP server 'qmd' initial connection failed (attempt 2/3), retrying in 2s: unhandled errors in a TaskGroup (1 sub-exception)
WARNING tools.mcp_tool: MCP server 'qmd' initial connection failed (attempt 3/3), retrying in 4s: unhandled errors in a TaskGroup (1 sub-exception)
WARNING tools.mcp_tool: MCP server 'qmd' failed initial connection after 3 attempts, giving up: unhandled errors in a TaskGroup (1 sub-exception)
WARNING tools.mcp_tool: Failed to connect to MCP server 'qmd' (command=qmd): Connection closed
ERROR gateway.platforms.base: [Discord] Discord bot token already in use (PID 32775). Stop the other gateway first.
WARNING gateway.run: ✗ discord failed to connect
ERROR gateway.run: Gateway hit a non-retryable startup conflict: discord: Discord bot token already in use (PID 32775). Stop the other gateway first.
ERROR gateway.run: Gateway exiting cleanly: discord: Discord bot token already in use (PID 32775). Stop the other gateway first.
[33m⚠ Deprecated .env settings detected:[0m
  [33m⚠[0m MESSAGING_CWD=~/Smith found in .env — this is deprecated.
  [2mMove to config.yaml instead:  terminal:\n    cwd: /your/project/path[0m
  [2mThen remove the old entries from /Users/Jeff/.hermes/profiles/smith/.env[0m

WARNING tools.mcp_tool: MCP server 'qmd' initial connection failed (attempt 1/3), retrying in 1s: unhandled errors in a TaskGroup (1 sub-exception)
WARNING tools.mcp_tool: MCP server 'qmd' initial connection failed (attempt 2/3), retrying in 2s: unhandled errors in a TaskGroup (1 sub-exception)
WARNING tools.mcp_tool: MCP server 'qmd' initial connection failed (attempt 3/3), retrying in 4s: unhandled errors in a TaskGroup (1 sub-exception)
WARNING tools.mcp_tool: MCP server 'qmd' failed initial connection after 3 attempts, giving up: unhandled errors in a TaskGroup (1 sub-exception)
WARNING tools.mcp_tool: Failed to connect to MCP server 'qmd' (command=qmd): Connection closed
ERROR gateway.platforms.base: [Discord] Discord bot token already in use (PID 32775). Stop the other gateway first.
WARNING gateway.run: ✗ discord failed to connect
ERROR gateway.run: Gateway hit a non-retryable startup conflict: discord: Discord bot token already in use (PID 32775). Stop the other gateway first.
ERROR gateway.run: Gateway exiting cleanly: discord: Discord bot token already in use (PID 32775). Stop the other gateway first.
[33m⚠ Deprecated .env settings detected:[0m
  [33m⚠[0m MESSAGING_CWD=~/Smith found in .env — this is deprecated.
  [2mMove to config.yaml instead:  terminal:\n    cwd: /your/project/path[0m
  [2mThen remove the old entries from /Users/Jeff/.hermes/profiles/smith/.env[0m

WARNING tools.mcp_tool: MCP server 'qmd' initial connection failed (attempt 1/3), retrying in 1s: unhandled errors in a TaskGroup (1 sub-exception)
WARNING tools.mcp_tool: MCP server 'qmd' initial connection failed (attempt 2/3), retrying in 2s: unhandled errors in a TaskGroup (1 sub-exception)
WARNING tools.mcp_tool: MCP server 'qmd' initial connection failed (attempt 3/3), retrying in 4s: unhandled errors in a TaskGroup (1 sub-exception)
WARNING tools.mcp_tool: MCP server 'qmd' failed initial connection after 3 attempts, giving up: unhandled errors in a TaskGroup (1 sub-exception)
WARNING tools.mcp_tool: Failed to connect to MCP server 'qmd' (command=qmd): Connection closed
ERROR gateway.platforms.base: [Discord] Discord bot token already in use (PID 32775). Stop the other gateway first.
WARNING gateway.run: ✗ discord failed to connect
ERROR gateway.run: Gateway hit a non-retryable startup conflict: discord: Discord bot token already in use (PID 32775). Stop the other gateway first.
ERROR gateway.run: Gateway exiting cleanly: discord: Discord bot token already in use (PID 32775). Stop the other gateway first.
[33m⚠ Deprecated .env settings detected:[0m
  [33m⚠[0m MESSAGING_CWD=~/Smith found in .env — this is deprecated.
  [2mMove to config.yaml instead:  terminal:\n    cwd: /your/project/path[0m
  [2mThen remove the old entries from /Users/Jeff/.hermes/profiles/smith/.env[0m

WARNING tools.mcp_tool: MCP server 'qmd' initial connection failed (attempt 1/3), retrying in 1s: unhandled errors in a TaskGroup (1 sub-exception)
WARNING tools.mcp_tool: MCP server 'qmd' initial connection failed (attempt 2/3), retrying in 2s: unhandled errors in a TaskGroup (1 sub-exception)
WARNING tools.mcp_tool: MCP server 'qmd' initial connection failed (attempt 3/3), retrying in 4s: unhandled errors in a TaskGroup (1 sub-exception)
WARNING tools.mcp_tool: MCP server 'qmd' failed initial connection after 3 attempts, giving up: unhandled errors in a TaskGroup (1 sub-exception)
WARNING tools.mcp_tool: Failed to connect to MCP server 'qmd' (command=qmd): Connection closed
ERROR gateway.platforms.base: [Discord] Discord bot token already in use (PID 32775). Stop the other gateway first.
WARNING gateway.run: ✗ discord failed to connect
ERROR gateway.run: Gateway hit a non-retryable startup conflict: discord: Discord bot token already in use (PID 32775). Stop the other gateway first.
ERROR gateway.run: Gateway exiting cleanly: discord: Discord bot token already in use (PID 32775). Stop the other gateway first.
[33m⚠ Deprecated .env settings detected:[0m
  [33m⚠[0m MESSAGING_CWD=~/Smith found in .env — this is deprecated.
  [2mMove to config.yaml instead:  terminal:\n    cwd: /your/project/path[0m
  [2mThen remove the old entries from /Users/Jeff/.hermes/profiles/smith/.env[0m

WARNING tools.mcp_tool: MCP server 'qmd' initial connection failed (attempt 1/3), retrying in 1s: unhandled errors in a TaskGroup (1 sub-exception)
WARNING tools.mcp_tool: MCP server 'qmd' initial connection failed (attempt 2/3), retrying in 2s: unhandled errors in a TaskGroup (1 sub-exception)
WARNING tools.mcp_tool: MCP server 'qmd' initial connection failed (attempt 3/3), retrying in 4s: unhandled errors in a TaskGroup (1 sub-exception)
WARNING tools.mcp_tool: MCP server 'qmd' failed initial connection after 3 attempts, giving up: unhandled errors in a TaskGroup (1 sub-exception)
WARNING tools.mcp_tool: Failed to connect to MCP server 'qmd' (command=qmd): Connection closed
ERROR gateway.platforms.base: [Discord] Discord bot token already in use (PID 32775). Stop the other gateway first.
WARNING gateway.run: ✗ discord failed to connect
ERROR gateway.run: Gateway hit a non-retryable startup conflict: discord: Discord bot token already in use (PID 32775). Stop the other gateway first.
ERROR gateway.run: Gateway exiting cleanly: discord: Discord bot token already in use (PID 32775). Stop the other gateway first.
[33m⚠ Deprecated .env settings detected:[0m
  [33m⚠[0m MESSAGING_CWD=~/Smith found in .env — this is deprecated.
  [2mMove to config.yaml instead:  terminal:\n    cwd: /your/project/path[0m
  [2mThen remove the old entries from /Users/Jeff/.hermes/profiles/smith/.env[0m

WARNING tools.mcp_tool: MCP server 'qmd' initial connection failed (attempt 1/3), retrying in 1s: unhandled errors in a TaskGroup (1 sub-exception)
WARNING tools.mcp_tool: MCP server 'qmd' initial connection failed (attempt 2/3), retrying in 2s: unhandled errors in a TaskGroup (1 sub-exception)
WARNING tools.mcp_tool: MCP server 'qmd' initial connection failed (attempt 3/3), retrying in 4s: unhandled errors in a TaskGroup (1 sub-exception)
WARNING tools.mcp_tool: MCP server 'qmd' failed initial connection after 3 attempts, giving up: unhandled errors in a TaskGroup (1 sub-exception)
WARNING tools.mcp_tool: Failed to connect to MCP server 'qmd' (command=qmd): Connection closed
ERROR gateway.platforms.base: [Discord] Discord bot token already in use (PID 32775). Stop the other gateway first.
WARNING gateway.run: ✗ discord failed to connect
ERROR gateway.run: Gateway hit a non-retryable startup conflict: discord: Discord bot token already in use (PID 32775). Stop the other gateway first.
ERROR gateway.run: Gateway exiting cleanly: discord: Discord bot token already in use (PID 32775). Stop the other gateway first.
[33m⚠ Deprecated .env settings detected:[0m
  [33m⚠[0m MESSAGING_CWD=~/Smith found in .env — this is deprecated.
  [2mMove to config.yaml instead:  terminal:\n    cwd: /your/project/path[0m
  [2mThen remove the old entries from /Users/Jeff/.hermes/profiles/smith/.env[0m

WARNING tools.mcp_tool: MCP server 'qmd' initial connection failed (attempt 1/3), retrying in 1s: unhandled errors in a TaskGroup (1 sub-exception)
WARNING tools.mcp_tool: MCP server 'qmd' initial connection failed (attempt 2/3), retrying in 2s: unhandled errors in a TaskGroup (1 sub-exception)
WARNING tools.mcp_tool: MCP server 'qmd' initial connection failed (attempt 3/3), retrying in 4s: unhandled errors in a TaskGroup (1 sub-exception)
WARNING tools.mcp_tool: MCP server 'qmd' failed initial connection after 3 attempts, giving up: unhandled errors in a TaskGroup (1 sub-exception)
WARNING tools.mcp_tool: Failed to connect to MCP server 'qmd' (command=qmd): Connection closed
ERROR gateway.platforms.base: [Discord] Discord bot token already in use (PID 32775). Stop the other gateway first.
WARNING gateway.run: ✗ discord failed to connect
ERROR gateway.run: Gateway hit a non-retryable startup conflict: discord: Discord bot token already in use (PID 32775). Stop the other gateway first.
ERROR gateway.run: Gateway exiting cleanly: discord: Discord bot token already in use (PID 32775). Stop the other gateway first.
[33m⚠ Deprecated .env settings detected:[0m
  [33m⚠[0m MESSAGING_CWD=~/Smith found in .env — this is deprecated.
  [2mMove to config.yaml instead:  terminal:\n    cwd: /your/project/path[0m
  [2mThen remove the old entries from /Users/Jeff/.hermes/profiles/smith/.env[0m

WARNING tools.mcp_tool: MCP server 'qmd' initial connection failed (attempt 1/3), retrying in 1s: unhandled errors in a TaskGroup (1 sub-exception)
WARNING tools.mcp_tool: MCP server 'qmd' initial connection failed (attempt 2/3), retrying in 2s: unhandled errors in a TaskGroup (1 sub-exception)
WARNING tools.mcp_tool: MCP server 'qmd' initial connection failed (attempt 3/3), retrying in 4s: unhandled errors in a TaskGroup (1 sub-exception)
WARNING tools.mcp_tool: MCP server 'qmd' failed initial connection after 3 attempts, giving up: unhandled errors in a TaskGroup (1 sub-exception)
WARNING tools.mcp_tool: Failed to connect to MCP server 'qmd' (command=qmd): Connection closed
ERROR gateway.platforms.base: [Discord] Discord bot token already in use (PID 32775). Stop the other gateway first.
WARNING gateway.run: ✗ discord failed to connect
ERROR gateway.run: Gateway hit a non-retryable startup conflict: discord: Discord bot token already in use (PID 32775). Stop the other gateway first.
ERROR gateway.run: Gateway exiting cleanly: discord: Discord bot token already in use (PID 32775). Stop the other gateway first.
[33m⚠ Deprecated .env settings detected:[0m
  [33m⚠[0m MESSAGING_CWD=~/Smith found in .env — this is deprecated.
  [2mMove to config.yaml instead:  terminal:\n    cwd: /your/project/path[0m
  [2mThen remove the old entries from /Users/Jeff/.hermes/profiles/smith/.env[0m

WARNING tools.mcp_tool: MCP server 'qmd' initial connection failed (attempt 1/3), retrying in 1s: unhandled errors in a TaskGroup (1 sub-exception)
WARNING tools.mcp_tool: MCP server 'qmd' initial connection failed (attempt 2/3), retrying in 2s: unhandled errors in a TaskGroup (1 sub-exception)
WARNING tools.mcp_tool: MCP server 'qmd' initial connection failed (attempt 3/3), retrying in 4s: unhandled errors in a TaskGroup (1 sub-exception)
WARNING tools.mcp_tool: MCP server 'qmd' failed initial connection after 3 attempts, giving up: unhandled errors in a TaskGroup (1 sub-exception)
WARNING tools.mcp_tool: Failed to connect to MCP server 'qmd' (command=qmd): Connection closed
ERROR gateway.platforms.base: [Discord] Discord bot token already in use (PID 32775). Stop the other gateway first.
WARNING gateway.run: ✗ discord failed to connect
ERROR gateway.run: Gateway hit a non-retryable startup conflict: discord: Discord bot token already in use (PID 32775). Stop the other gateway first.
ERROR gateway.run: Gateway exiting cleanly: discord: Discord bot token already in use (PID 32775). Stop the other gateway first.
[33m⚠ Deprecated .env settings detected:[0m
  [33m⚠[0m MESSAGING_CWD=~/Smith found in .env — this is deprecated.
  [2mMove to config.yaml instead:  terminal:\n    cwd: /your/project/path[0m
  [2mThen remove the old entries from /Users/Jeff/.hermes/profiles/smith/.env[0m

WARNING tools.mcp_tool: MCP server 'qmd' initial connection failed (attempt 1/3), retrying in 1s: unhandled errors in a TaskGroup (1 sub-exception)
WARNING tools.mcp_tool: MCP server 'qmd' initial connection failed (attempt 2/3), retrying in 2s: unhandled errors in a TaskGroup (1 sub-exception)
WARNING tools.mcp_tool: MCP server 'qmd' initial connection failed (attempt 3/3), retrying in 4s: unhandled errors in a TaskGroup (1 sub-exception)
WARNING tools.mcp_tool: MCP server 'qmd' failed initial connection after 3 attempts, giving up: unhandled errors in a TaskGroup (1 sub-exception)
WARNING tools.mcp_tool: Failed to connect to MCP server 'qmd' (command=qmd): Connection closed
ERROR gateway.platforms.base: [Discord] Discord bot token already in use (PID 32775). Stop the other gateway first.
WARNING gateway.run: ✗ discord failed to connect
ERROR gateway.run: Gateway hit a non-retryable startup conflict: discord: Discord bot token already in use (PID 32775). Stop the other gateway first.
ERROR gateway.run: Gateway exiting cleanly: discord: Discord bot token already in use (PID 32775). Stop the other gateway first.
[33m⚠ Deprecated .env settings detected:[0m
  [33m⚠[0m MESSAGING_CWD=~/Smith found in .env — this is deprecated.
  [2mMove to config.yaml instead:  terminal:\n    cwd: /your/project/path[0m
  [2mThen remove the old entries from /Users/Jeff/.hermes/profiles/smith/.env[0m

WARNING tools.mcp_tool: MCP server 'qmd' initial connection failed (attempt 1/3), retrying in 1s: unhandled errors in a TaskGroup (1 sub-exception)
WARNING tools.mcp_tool: MCP server 'qmd' initial connection failed (attempt 2/3), retrying in 2s: unhandled errors in a TaskGroup (1 sub-exception)
WARNING tools.mcp_tool: MCP server 'qmd' initial connection failed (attempt 3/3), retrying in 4s: unhandled errors in a TaskGroup (1 sub-exception)
WARNING tools.mcp_tool: MCP server 'qmd' failed initial connection after 3 attempts, giving up: unhandled errors in a TaskGroup (1 sub-exception)
WARNING tools.mcp_tool: Failed to connect to MCP server 'qmd' (command=qmd): Connection closed
ERROR gateway.platforms.base: [Discord] Discord bot token already in use (PID 32775). Stop the other gateway first.
WARNING gateway.run: ✗ discord failed to connect
ERROR gateway.run: Gateway hit a non-retryable startup conflict: discord: Discord bot token already in use (PID 32775). Stop the other gateway first.
ERROR gateway.run: Gateway exiting cleanly: discord: Discord bot token already in use (PID 32775). Stop the other gateway first.
[33m⚠ Deprecated .env settings detected:[0m
  [33m⚠[0m MESSAGING_CWD=~/Smith found in .env — this is deprecated.
  [2mMove to config.yaml instead:  terminal:\n    cwd: /your/project/path[0m
  [2mThen remove the old entries from /Users/Jeff/.hermes/profiles/smith/.env[0m

WARNING tools.mcp_tool: MCP server 'qmd' initial connection failed (attempt 1/3), retrying in 1s: unhandled errors in a TaskGroup (1 sub-exception)
WARNING tools.mcp_tool: MCP server 'qmd' initial connection failed (attempt 2/3), retrying in 2s: unhandled errors in a TaskGroup (1 sub-exception)
WARNING tools.mcp_tool: MCP server 'qmd' initial connection failed (attempt 3/3), retrying in 4s: unhandled errors in a TaskGroup (1 sub-exception)
WARNING tools.mcp_tool: MCP server 'qmd' failed initial connection after 3 attempts, giving up: unhandled errors in a TaskGroup (1 sub-exception)
WARNING tools.mcp_tool: Failed to connect to MCP server 'qmd' (command=qmd): Connection closed
ERROR gateway.platforms.base: [Discord] Discord bot token already in use (PID 32775). Stop the other gateway first.
WARNING gateway.run: ✗ discord failed to connect
ERROR gateway.run: Gateway hit a non-retryable startup conflict: discord: Discord bot token already in use (PID 32775). Stop the other gateway first.
ERROR gateway.run: Gateway exiting cleanly: discord: Discord bot token already in use (PID 32775). Stop the other gateway first.
[33m⚠ Deprecated .env settings detected:[0m
  [33m⚠[0m MESSAGING_CWD=~/Smith found in .env — this is deprecated.
  [2mMove to config.yaml instead:  terminal:\n    cwd: /your/project/path[0m
  [2mThen remove the old entries from /Users/Jeff/.hermes/profiles/smith/.env[0m

WARNING tools.mcp_tool: MCP server 'qmd' initial connection failed (attempt 1/3), retrying in 1s: unhandled errors in a TaskGroup (1 sub-exception)
WARNING tools.mcp_tool: MCP server 'qmd' initial connection failed (attempt 2/3), retrying in 2s: unhandled errors in a TaskGroup (1 sub-exception)
WARNING tools.mcp_tool: MCP server 'qmd' initial connection failed (attempt 3/3), retrying in 4s: unhandled errors in a TaskGroup (1 sub-exception)
WARNING tools.mcp_tool: MCP server 'qmd' failed initial connection after 3 attempts, giving up: unhandled errors in a TaskGroup (1 sub-exception)
WARNING tools.mcp_tool: Failed to connect to MCP server 'qmd' (command=qmd): Connection closed
ERROR gateway.platforms.base: [Discord] Discord bot token already in use (PID 32775). Stop the other gateway first.
WARNING gateway.run: ✗ discord failed to connect
ERROR gateway.run: Gateway hit a non-retryable startup conflict: discord: Discord bot token already in use (PID 32775). Stop the other gateway first.
ERROR gateway.run: Gateway exiting cleanly: discord: Discord bot token already in use (PID 32775). Stop the other gateway first.
[33m⚠ Deprecated .env settings detected:[0m
  [33m⚠[0m MESSAGING_CWD=~/Smith found in .env — this is deprecated.
  [2mMove to config.yaml instead:  terminal:\n    cwd: /your/project/path[0m
  [2mThen remove the old entries from /Users/Jeff/.hermes/profiles/smith/.env[0m

WARNING tools.mcp_tool: MCP server 'qmd' initial connection failed (attempt 1/3), retrying in 1s: unhandled errors in a TaskGroup (1 sub-exception)
WARNING tools.mcp_tool: MCP server 'qmd' initial connection failed (attempt 2/3), retrying in 2s: unhandled errors in a TaskGroup (1 sub-exception)
WARNING tools.mcp_tool: MCP server 'qmd' initial connection failed (attempt 3/3), retrying in 4s: unhandled errors in a TaskGroup (1 sub-exception)
WARNING tools.mcp_tool: MCP server 'qmd' failed initial connection after 3 attempts, giving up: unhandled errors in a TaskGroup (1 sub-exception)
WARNING tools.mcp_tool: Failed to connect to MCP server 'qmd' (command=qmd): Connection closed
ERROR gateway.platforms.base: [Discord] Discord bot token already in use (PID 32775). Stop the other gateway first.
WARNING gateway.run: ✗ discord failed to connect
ERROR gateway.run: Gateway hit a non-retryable startup conflict: discord: Discord bot token already in use (PID 32775). Stop the other gateway first.
ERROR gateway.run: Gateway exiting cleanly: discord: Discord bot token already in use (PID 32775). Stop the other gateway first.
[33m⚠ Deprecated .env settings detected:[0m
  [33m⚠[0m MESSAGING_CWD=~/Smith found in .env — this is deprecated.
  [2mMove to config.yaml instead:  terminal:\n    cwd: /your/project/path[0m
  [2mThen remove the old entries from /Users/Jeff/.hermes/profiles/smith/.env[0m

WARNING tools.mcp_tool: MCP server 'qmd' initial connection failed (attempt 1/3), retrying in 1s: unhandled errors in a TaskGroup (1 sub-exception)
WARNING tools.mcp_tool: MCP server 'qmd' initial connection failed (attempt 2/3), retrying in 2s: unhandled errors in a TaskGroup (1 sub-exception)
WARNING tools.mcp_tool: MCP server 'qmd' initial connection failed (attempt 3/3), retrying in 4s: unhandled errors in a TaskGroup (1 sub-exception)
WARNING tools.mcp_tool: MCP server 'qmd' failed initial connection after 3 attempts, giving up: unhandled errors in a TaskGroup (1 sub-exception)
WARNING tools.mcp_tool: Failed to connect to MCP server 'qmd' (command=qmd): Connection closed
ERROR gateway.platforms.base: [Discord] Discord bot token already in use (PID 32775). Stop the other gateway first.
WARNING gateway.run: ✗ discord failed to connect
ERROR gateway.run: Gateway hit a non-retryable startup conflict: discord: Discord bot token already in use (PID 32775). Stop the other gateway first.
ERROR gateway.run: Gateway exiting cleanly: discord: Discord bot token already in use (PID 32775). Stop the other gateway first.
[33m⚠ Deprecated .env settings detected:[0m
  [33m⚠[0m MESSAGING_CWD=~/Smith found in .env — this is deprecated.
  [2mMove to config.yaml instead:  terminal:\n    cwd: /your/project/path[0m
  [2mThen remove the old entries from /Users/Jeff/.hermes/profiles/smith/.env[0m

WARNING tools.mcp_tool: MCP server 'qmd' initial connection failed (attempt 1/3), retrying in 1s: unhandled errors in a TaskGroup (1 sub-exception)
WARNING tools.mcp_tool: MCP server 'qmd' initial connection failed (attempt 2/3), retrying in 2s: unhandled errors in a TaskGroup (1 sub-exception)
WARNING tools.mcp_tool: MCP server 'qmd' initial connection failed (attempt 3/3), retrying in 4s: unhandled errors in a TaskGroup (1 sub-exception)
WARNING tools.mcp_tool: MCP server 'qmd' failed initial connection after 3 attempts, giving up: unhandled errors in a TaskGroup (1 sub-exception)
WARNING tools.mcp_tool: Failed to connect to MCP server 'qmd' (command=qmd): Connection closed
ERROR gateway.platforms.base: [Discord] Discord bot token already in use (PID 32775). Stop the other gateway first.
WARNING gateway.run: ✗ discord failed to connect
ERROR gateway.run: Gateway hit a non-retryable startup conflict: discord: Discord bot token already in use (PID 32775). Stop the other gateway first.
ERROR gateway.run: Gateway exiting cleanly: discord: Discord bot token already in use (PID 32775). Stop the other gateway first.
[33m⚠ Deprecated .env settings detected:[0m
  [33m⚠[0m MESSAGING_CWD=~/Smith found in .env — this is deprecated.
  [2mMove to config.yaml instead:  terminal:\n    cwd: /your/project/path[0m
  [2mThen remove the old entries from /Users/Jeff/.hermes/profiles/smith/.env[0m

WARNING tools.mcp_tool: MCP server 'qmd' initial connection failed (attempt 1/3), retrying in 1s: unhandled errors in a TaskGroup (1 sub-exception)
WARNING tools.mcp_tool: MCP server 'qmd' initial connection failed (attempt 2/3), retrying in 2s: unhandled errors in a TaskGroup (1 sub-exception)
WARNING tools.mcp_tool: MCP server 'qmd' initial connection failed (attempt 3/3), retrying in 4s: unhandled errors in a TaskGroup (1 sub-exception)
WARNING tools.mcp_tool: MCP server 'qmd' failed initial connection after 3 attempts, giving up: unhandled errors in a TaskGroup (1 sub-exception)
WARNING tools.mcp_tool: Failed to connect to MCP server 'qmd' (command=qmd): Connection closed
ERROR gateway.platforms.base: [Discord] Discord bot token already in use (PID 32775). Stop the other gateway first.
WARNING gateway.run: ✗ discord failed to connect
ERROR gateway.run: Gateway hit a non-retryable startup conflict: discord: Discord bot token already in use (PID 32775). Stop the other gateway first.
ERROR gateway.run: Gateway exiting cleanly: discord: Discord bot token already in use (PID 32775). Stop the other gateway first.
[33m⚠ Deprecated .env settings detected:[0m
  [33m⚠[0m MESSAGING_CWD=~/Smith found in .env — this is deprecated.
  [2mMove to config.yaml instead:  terminal:\n    cwd: /your/project/path[0m
  [2mThen remove the old entries from /Users/Jeff/.hermes/profiles/smith/.env[0m

WARNING tools.mcp_tool: MCP server 'qmd' initial connection failed (attempt 1/3), retrying in 1s: unhandled errors in a TaskGroup (1 sub-exception)
WARNING tools.mcp_tool: MCP server 'qmd' initial connection failed (attempt 2/3), retrying in 2s: unhandled errors in a TaskGroup (1 sub-exception)
WARNING tools.mcp_tool: MCP server 'qmd' initial connection failed (attempt 3/3), retrying in 4s: unhandled errors in a TaskGroup (1 sub-exception)
WARNING tools.mcp_tool: MCP server 'qmd' failed initial connection after 3 attempts, giving up: unhandled errors in a TaskGroup (1 sub-exception)
WARNING tools.mcp_tool: Failed to connect to MCP server 'qmd' (command=qmd): Connection closed
ERROR gateway.platforms.base: [Discord] Discord bot token already in use (PID 32775). Stop the other gateway first.
WARNING gateway.run: ✗ discord failed to connect
ERROR gateway.run: Gateway hit a non-retryable startup conflict: discord: Discord bot token already in use (PID 32775). Stop the other gateway first.
ERROR gateway.run: Gateway exiting cleanly: discord: Discord bot token already in use (PID 32775). Stop the other gateway first.
[33m⚠ Deprecated .env settings detected:[0m
  [33m⚠[0m MESSAGING_CWD=~/Smith found in .env — this is deprecated.
  [2mMove to config.yaml instead:  terminal:\n    cwd: /your/project/path[0m
  [2mThen remove the old entries from /Users/Jeff/.hermes/profiles/smith/.env[0m

WARNING tools.mcp_tool: MCP server 'qmd' initial connection failed (attempt 1/3), retrying in 1s: unhandled errors in a TaskGroup (1 sub-exception)
WARNING tools.mcp_tool: MCP server 'qmd' initial connection failed (attempt 2/3), retrying in 2s: unhandled errors in a TaskGroup (1 sub-exception)
WARNING tools.mcp_tool: MCP server 'qmd' initial connection failed (attempt 3/3), retrying in 4s: unhandled errors in a TaskGroup (1 sub-exception)
WARNING tools.mcp_tool: MCP server 'qmd' failed initial connection after 3 attempts, giving up: unhandled errors in a TaskGroup (1 sub-exception)
WARNING tools.mcp_tool: Failed to connect to MCP server 'qmd' (command=qmd): Connection closed
ERROR gateway.platforms.base: [Discord] Discord bot token already in use (PID 32775). Stop the other gateway first.
WARNING gateway.run: ✗ discord failed to connect
ERROR gateway.run: Gateway hit a non-retryable startup conflict: discord: Discord bot token already in use (PID 32775). Stop the other gateway first.
ERROR gateway.run: Gateway exiting cleanly: discord: Discord bot token already in use (PID 32775). Stop the other gateway first.
[33m⚠ Deprecated .env settings detected:[0m
  [33m⚠[0m MESSAGING_CWD=~/Smith found in .env — this is deprecated.
  [2mMove to config.yaml instead:  terminal:\n    cwd: /your/project/path[0m
  [2mThen remove the old entries from /Users/Jeff/.hermes/profiles/smith/.env[0m

WARNING tools.mcp_tool: MCP server 'qmd' initial connection failed (attempt 1/3), retrying in 1s: unhandled errors in a TaskGroup (1 sub-exception)
WARNING tools.mcp_tool: MCP server 'qmd' initial connection failed (attempt 2/3), retrying in 2s: unhandled errors in a TaskGroup (1 sub-exception)
WARNING tools.mcp_tool: MCP server 'qmd' initial connection failed (attempt 3/3), retrying in 4s: unhandled errors in a TaskGroup (1 sub-exception)
WARNING tools.mcp_tool: MCP server 'qmd' failed initial connection after 3 attempts, giving up: unhandled errors in a TaskGroup (1 sub-exception)
WARNING tools.mcp_tool: Failed to connect to MCP server 'qmd' (command=qmd): Connection closed
ERROR gateway.platforms.base: [Discord] Discord bot token already in use (PID 32775). Stop the other gateway first.
WARNING gateway.run: ✗ discord failed to connect
ERROR gateway.run: Gateway hit a non-retryable startup conflict: discord: Discord bot token already in use (PID 32775). Stop the other gateway first.
ERROR gateway.run: Gateway exiting cleanly: discord: Discord bot token already in use (PID 32775). Stop the other gateway first.
[33m⚠ Deprecated .env settings detected:[0m
  [33m⚠[0m MESSAGING_CWD=~/Smith found in .env — this is deprecated.
  [2mMove to config.yaml instead:  terminal:\n    cwd: /your/project/path[0m
  [2mThen remove the old entries from /Users/Jeff/.hermes/profiles/smith/.env[0m

WARNING tools.mcp_tool: MCP server 'qmd' initial connection failed (attempt 1/3), retrying in 1s: unhandled errors in a TaskGroup (1 sub-exception)
WARNING tools.mcp_tool: MCP server 'qmd' initial connection failed (attempt 2/3), retrying in 2s: unhandled errors in a TaskGroup (1 sub-exception)
WARNING tools.mcp_tool: MCP server 'qmd' initial connection failed (attempt 3/3), retrying in 4s: unhandled errors in a TaskGroup (1 sub-exception)
WARNING tools.mcp_tool: MCP server 'qmd' failed initial connection after 3 attempts, giving up: unhandled errors in a TaskGroup (1 sub-exception)
WARNING tools.mcp_tool: Failed to connect to MCP server 'qmd' (command=qmd): Connection closed
ERROR gateway.platforms.base: [Discord] Discord bot token already in use (PID 32775). Stop the other gateway first.
WARNING gateway.run: ✗ discord failed to connect
ERROR gateway.run: Gateway hit a non-retryable startup conflict: discord: Discord bot token already in use (PID 32775). Stop the other gateway first.
ERROR gateway.run: Gateway exiting cleanly: discord: Discord bot token already in use (PID 32775). Stop the other gateway first.
[33m⚠ Deprecated .env settings detected:[0m
  [33m⚠[0m MESSAGING_CWD=~/Smith found in .env — this is deprecated.
  [2mMove to config.yaml instead:  terminal:\n    cwd: /your/project/path[0m
  [2mThen remove the old entries from /Users/Jeff/.hermes/profiles/smith/.env[0m

WARNING tools.mcp_tool: MCP server 'qmd' initial connection failed (attempt 1/3), retrying in 1s: unhandled errors in a TaskGroup (1 sub-exception)
WARNING tools.mcp_tool: MCP server 'qmd' initial connection failed (attempt 2/3), retrying in 2s: unhandled errors in a TaskGroup (1 sub-exception)
WARNING tools.mcp_tool: MCP server 'qmd' initial connection failed (attempt 3/3), retrying in 4s: unhandled errors in a TaskGroup (1 sub-exception)
WARNING tools.mcp_tool: MCP server 'qmd' failed initial connection after 3 attempts, giving up: unhandled errors in a TaskGroup (1 sub-exception)
WARNING tools.mcp_tool: Failed to connect to MCP server 'qmd' (command=qmd): Connection closed
ERROR gateway.platforms.base: [Discord] Discord bot token already in use (PID 32775). Stop the other gateway first.
WARNING gateway.run: ✗ discord failed to connect
ERROR gateway.run: Gateway hit a non-retryable startup conflict: discord: Discord bot token already in use (PID 32775). Stop the other gateway first.
ERROR gateway.run: Gateway exiting cleanly: discord: Discord bot token already in use (PID 32775). Stop the other gateway first.
[33m⚠ Deprecated .env settings detected:[0m
  [33m⚠[0m MESSAGING_CWD=~/Smith found in .env — this is deprecated.
  [2mMove to config.yaml instead:  terminal:\n    cwd: /your/project/path[0m
  [2mThen remove the old entries from /Users/Jeff/.hermes/profiles/smith/.env[0m

WARNING tools.mcp_tool: MCP server 'qmd' initial connection failed (attempt 1/3), retrying in 1s: unhandled errors in a TaskGroup (1 sub-exception)
WARNING tools.mcp_tool: MCP server 'qmd' initial connection failed (attempt 2/3), retrying in 2s: unhandled errors in a TaskGroup (1 sub-exception)
WARNING tools.mcp_tool: MCP server 'qmd' initial connection failed (attempt 3/3), retrying in 4s: unhandled errors in a TaskGroup (1 sub-exception)
WARNING tools.mcp_tool: MCP server 'qmd' failed initial connection after 3 attempts, giving up: unhandled errors in a TaskGroup (1 sub-exception)
WARNING tools.mcp_tool: Failed to connect to MCP server 'qmd' (command=qmd): Connection closed
ERROR gateway.platforms.base: [Discord] Discord bot token already in use (PID 32775). Stop the other gateway first.
WARNING gateway.run: ✗ discord failed to connect
ERROR gateway.run: Gateway hit a non-retryable startup conflict: discord: Discord bot token already in use (PID 32775). Stop the other gateway first.
ERROR gateway.run: Gateway exiting cleanly: discord: Discord bot token already in use (PID 32775). Stop the other gateway first.
[33m⚠ Deprecated .env settings detected:[0m
  [33m⚠[0m MESSAGING_CWD=~/Smith found in .env — this is deprecated.
  [2mMove to config.yaml instead:  terminal:\n    cwd: /your/project/path[0m
  [2mThen remove the old entries from /Users/Jeff/.hermes/profiles/smith/.env[0m

WARNING tools.mcp_tool: MCP server 'qmd' initial connection failed (attempt 1/3), retrying in 1s: unhandled errors in a TaskGroup (1 sub-exception)
WARNING tools.mcp_tool: MCP server 'qmd' initial connection failed (attempt 2/3), retrying in 2s: unhandled errors in a TaskGroup (1 sub-exception)
WARNING tools.mcp_tool: MCP server 'qmd' initial connection failed (attempt 3/3), retrying in 4s: unhandled errors in a TaskGroup (1 sub-exception)
WARNING tools.mcp_tool: MCP server 'qmd' failed initial connection after 3 attempts, giving up: unhandled errors in a TaskGroup (1 sub-exception)
WARNING tools.mcp_tool: Failed to connect to MCP server 'qmd' (command=qmd): Connection closed
ERROR gateway.platforms.base: [Discord] Discord bot token already in use (PID 32775). Stop the other gateway first.
WARNING gateway.run: ✗ discord failed to connect
ERROR gateway.run: Gateway hit a non-retryable startup conflict: discord: Discord bot token already in use (PID 32775). Stop the other gateway first.
ERROR gateway.run: Gateway exiting cleanly: discord: Discord bot token already in use (PID 32775). Stop the other gateway first.
[33m⚠ Deprecated .env settings detected:[0m
  [33m⚠[0m MESSAGING_CWD=~/Smith found in .env — this is deprecated.
  [2mMove to config.yaml instead:  terminal:\n    cwd: /your/project/path[0m
  [2mThen remove the old entries from /Users/Jeff/.hermes/profiles/smith/.env[0m

WARNING tools.mcp_tool: MCP server 'qmd' initial connection failed (attempt 1/3), retrying in 1s: unhandled errors in a TaskGroup (1 sub-exception)
WARNING tools.mcp_tool: MCP server 'qmd' initial connection failed (attempt 2/3), retrying in 2s: unhandled errors in a TaskGroup (1 sub-exception)
WARNING tools.mcp_tool: MCP server 'qmd' initial connection failed (attempt 3/3), retrying in 4s: unhandled errors in a TaskGroup (1 sub-exception)
WARNING tools.mcp_tool: MCP server 'qmd' failed initial connection after 3 attempts, giving up: unhandled errors in a TaskGroup (1 sub-exception)
WARNING tools.mcp_tool: Failed to connect to MCP server 'qmd' (command=qmd): Connection closed
ERROR gateway.platforms.base: [Discord] Discord bot token already in use (PID 32775). Stop the other gateway first.
WARNING gateway.run: ✗ discord failed to connect
ERROR gateway.run: Gateway hit a non-retryable startup conflict: discord: Discord bot token already in use (PID 32775). Stop the other gateway first.
ERROR gateway.run: Gateway exiting cleanly: discord: Discord bot token already in use (PID 32775). Stop the other gateway first.
[33m⚠ Deprecated .env settings detected:[0m
  [33m⚠[0m MESSAGING_CWD=~/Smith found in .env — this is deprecated.
  [2mMove to config.yaml instead:  terminal:\n    cwd: /your/project/path[0m
  [2mThen remove the old entries from /Users/Jeff/.hermes/profiles/smith/.env[0m

WARNING tools.mcp_tool: MCP server 'qmd' initial connection failed (attempt 1/3), retrying in 1s: unhandled errors in a TaskGroup (1 sub-exception)
WARNING tools.mcp_tool: MCP server 'qmd' initial connection failed (attempt 2/3), retrying in 2s: unhandled errors in a TaskGroup (1 sub-exception)
WARNING tools.mcp_tool: MCP server 'qmd' initial connection failed (attempt 3/3), retrying in 4s: unhandled errors in a TaskGroup (1 sub-exception)
WARNING tools.mcp_tool: MCP server 'qmd' failed initial connection after 3 attempts, giving up: unhandled errors in a TaskGroup (1 sub-exception)
WARNING tools.mcp_tool: Failed to connect to MCP server 'qmd' (command=qmd): Connection closed
ERROR gateway.platforms.base: [Discord] Discord bot token already in use (PID 32775). Stop the other gateway first.
WARNING gateway.run: ✗ discord failed to connect
ERROR gateway.run: Gateway hit a non-retryable startup conflict: discord: Discord bot token already in use (PID 32775). Stop the other gateway first.
ERROR gateway.run: Gateway exiting cleanly: discord: Discord bot token already in use (PID 32775). Stop the other gateway first.
[33m⚠ Deprecated .env settings detected:[0m
  [33m⚠[0m MESSAGING_CWD=~/Smith found in .env — this is deprecated.
  [2mMove to config.yaml instead:  terminal:\n    cwd: /your/project/path[0m
  [2mThen remove the old entries from /Users/Jeff/.hermes/profiles/smith/.env[0m

WARNING tools.mcp_tool: MCP server 'qmd' initial connection failed (attempt 1/3), retrying in 1s: unhandled errors in a TaskGroup (1 sub-exception)
WARNING tools.mcp_tool: MCP server 'qmd' initial connection failed (attempt 2/3), retrying in 2s: unhandled errors in a TaskGroup (1 sub-exception)
WARNING tools.mcp_tool: MCP server 'qmd' initial connection failed (attempt 3/3), retrying in 4s: unhandled errors in a TaskGroup (1 sub-exception)
WARNING tools.mcp_tool: MCP server 'qmd' failed initial connection after 3 attempts, giving up: unhandled errors in a TaskGroup (1 sub-exception)
WARNING tools.mcp_tool: Failed to connect to MCP server 'qmd' (command=qmd): Connection closed
ERROR gateway.platforms.base: [Discord] Discord bot token already in use (PID 32775). Stop the other gateway first.
WARNING gateway.run: ✗ discord failed to connect
ERROR gateway.run: Gateway hit a non-retryable startup conflict: discord: Discord bot token already in use (PID 32775). Stop the other gateway first.
ERROR gateway.run: Gateway exiting cleanly: discord: Discord bot token already in use (PID 32775). Stop the other gateway first.
[33m⚠ Deprecated .env settings detected:[0m
  [33m⚠[0m MESSAGING_CWD=~/Smith found in .env — this is deprecated.
  [2mMove to config.yaml instead:  terminal:\n    cwd: /your/project/path[0m
  [2mThen remove the old entries from /Users/Jeff/.hermes/profiles/smith/.env[0m

WARNING tools.mcp_tool: MCP server 'qmd' initial connection failed (attempt 1/3), retrying in 1s: unhandled errors in a TaskGroup (1 sub-exception)
WARNING tools.mcp_tool: MCP server 'qmd' initial connection failed (attempt 2/3), retrying in 2s: unhandled errors in a TaskGroup (1 sub-exception)
WARNING tools.mcp_tool: MCP server 'qmd' initial connection failed (attempt 3/3), retrying in 4s: unhandled errors in a TaskGroup (1 sub-exception)
WARNING tools.mcp_tool: MCP server 'qmd' failed initial connection after 3 attempts, giving up: unhandled errors in a TaskGroup (1 sub-exception)
WARNING tools.mcp_tool: Failed to connect to MCP server 'qmd' (command=qmd): Connection closed
ERROR gateway.platforms.base: [Discord] Discord bot token already in use (PID 32775). Stop the other gateway first.
WARNING gateway.run: ✗ discord failed to connect
ERROR gateway.run: Gateway hit a non-retryable startup conflict: discord: Discord bot token already in use (PID 32775). Stop the other gateway first.
ERROR gateway.run: Gateway exiting cleanly: discord: Discord bot token already in use (PID 32775). Stop the other gateway first.
[33m⚠ Deprecated .env settings detected:[0m
  [33m⚠[0m MESSAGING_CWD=~/Smith found in .env — this is deprecated.
  [2mMove to config.yaml instead:  terminal:\n    cwd: /your/project/path[0m
  [2mThen remove the old entries from /Users/Jeff/.hermes/profiles/smith/.env[0m

WARNING tools.mcp_tool: MCP server 'qmd' initial connection failed (attempt 1/3), retrying in 1s: unhandled errors in a TaskGroup (1 sub-exception)
WARNING tools.mcp_tool: MCP server 'qmd' initial connection failed (attempt 2/3), retrying in 2s: unhandled errors in a TaskGroup (1 sub-exception)
WARNING tools.mcp_tool: MCP server 'qmd' initial connection failed (attempt 3/3), retrying in 4s: unhandled errors in a TaskGroup (1 sub-exception)
WARNING tools.mcp_tool: MCP server 'qmd' failed initial connection after 3 attempts, giving up: unhandled errors in a TaskGroup (1 sub-exception)
WARNING tools.mcp_tool: Failed to connect to MCP server 'qmd' (command=qmd): Connection closed
ERROR gateway.platforms.base: [Discord] Discord bot token already in use (PID 32775). Stop the other gateway first.
WARNING gateway.run: ✗ discord failed to connect
ERROR gateway.run: Gateway hit a non-retryable startup conflict: discord: Discord bot token already in use (PID 32775). Stop the other gateway first.
ERROR gateway.run: Gateway exiting cleanly: discord: Discord bot token already in use (PID 32775). Stop the other gateway first.
[33m⚠ Deprecated .env settings detected:[0m
  [33m⚠[0m MESSAGING_CWD=~/Smith found in .env — this is deprecated.
  [2mMove to config.yaml instead:  terminal:\n    cwd: /your/project/path[0m
  [2mThen remove the old entries from /Users/Jeff/.hermes/profiles/smith/.env[0m

WARNING tools.mcp_tool: MCP server 'qmd' initial connection failed (attempt 1/3), retrying in 1s: unhandled errors in a TaskGroup (1 sub-exception)
WARNING tools.mcp_tool: MCP server 'qmd' initial connection failed (attempt 2/3), retrying in 2s: unhandled errors in a TaskGroup (1 sub-exception)
WARNING tools.mcp_tool: MCP server 'qmd' initial connection failed (attempt 3/3), retrying in 4s: unhandled errors in a TaskGroup (1 sub-exception)
WARNING tools.mcp_tool: MCP server 'qmd' failed initial connection after 3 attempts, giving up: unhandled errors in a TaskGroup (1 sub-exception)
WARNING tools.mcp_tool: Failed to connect to MCP server 'qmd' (command=qmd): Connection closed
WARNING gateway.run: No messaging platforms enabled.
WARNING gateway.run: Shutdown context: signal=SIGTERM under_systemd=yes parent_pid=1 parent_name=? loadavg_1m=4.75 parent_cmdline='(unknown)'
[33m⚠ Deprecated .env settings detected:[0m
  [33m⚠[0m MESSAGING_CWD=~/Smith found in .env — this is deprecated.
  [2mMove to config.yaml instead:  terminal:\n    cwd: /your/project/path[0m
  [2mThen remove the old entries from /Users/Jeff/.hermes/profiles/smith/.env[0m

WARNING tools.mcp_tool: MCP server 'qmd' initial connection failed (attempt 1/3), retrying in 1s: unhandled errors in a TaskGroup (1 sub-exception)
WARNING tools.mcp_tool: MCP server 'qmd' initial connection failed (attempt 2/3), retrying in 2s: unhandled errors in a TaskGroup (1 sub-exception)
WARNING tools.mcp_tool: MCP server 'qmd' initial connection failed (attempt 3/3), retrying in 4s: unhandled errors in a TaskGroup (1 sub-exception)
WARNING tools.mcp_tool: MCP server 'qmd' failed initial connection after 3 attempts, giving up: unhandled errors in a TaskGroup (1 sub-exception)
WARNING tools.mcp_tool: Failed to connect to MCP server 'qmd' (command=qmd): Connection closed
WARNING gateway.run: Shutdown context: signal=SIGTERM under_systemd=yes parent_pid=1 parent_name=? loadavg_1m=3.82 parent_cmdline='(unknown)'
[33m⚠ Deprecated .env settings detected:[0m
  [33m⚠[0m MESSAGING_CWD=~/Smith found in .env — this is deprecated.
  [2mMove to config.yaml instead:  terminal:\n    cwd: /your/project/path[0m
  [2mThen remove the old entries from /Users/Jeff/.hermes/profiles/smith/.env[0m

WARNING tools.mcp_tool: MCP server 'qmd' initial connection failed (attempt 1/3), retrying in 1s: unhandled errors in a TaskGroup (1 sub-exception)
WARNING tools.mcp_tool: MCP server 'qmd' initial connection failed (attempt 2/3), retrying in 2s: unhandled errors in a TaskGroup (1 sub-exception)
WARNING tools.mcp_tool: MCP server 'qmd' initial connection failed (attempt 3/3), retrying in 4s: unhandled errors in a TaskGroup (1 sub-exception)
WARNING tools.mcp_tool: MCP server 'qmd' failed initial connection after 3 attempts, giving up: unhandled errors in a TaskGroup (1 sub-exception)
WARNING tools.mcp_tool: Failed to connect to MCP server 'qmd' (command=qmd): Connection closed
/Users/Jeff/.hermes/hermes-agent/plugins/platforms/telegram/adapter.py:1441: PTBUserWarning: Please use 'Bot.editMessageText' instead of 'Bot.do_api_request("editMessageText", ...)'
  await self._bot.do_api_request("editMessageText", api_kwargs=payload)
WARNING agent.tool_executor: Tool terminal returned error (4.73s): {"output": "│\n◇  Config warnings ────────────────────────────────────────────────────────╮\n│                                                                          │\n│  - plugins.entries.openclaw
WARNING tools.skills_tool: Skill name collision for 'discord': 2 candidates — /Users/Jeff/.hermes/profiles/smith/skills/discord/SKILL.md; /Users/Jeff/.hermes/profiles/smith/skills/openclaw-imports/discord/SKILL.md
WARNING agent.tool_executor: Tool skill_view returned error (0.11s): {"success": false, "error": "Ambiguous skill name 'discord': 2 skills match across your local skills dir and external_dirs. Refusing to guess — load one explicitly by its categorized path.", "matches"
WARNING agent.tool_executor: Tool skill_view returned error (0.09s): {"success": false, "error": "Skill 'discord/discord' not found.", "available_skills": ["agentmail", "brave-search", "coding-agents", "commute-traffic", "computer-use", "discord", "dogfood", "find-skil
WARNING tools.skills_tool: Skill name collision for 'telegram': 2 candidates — /Users/Jeff/.hermes/profiles/smith/skills/telegram/SKILL.md; /Users/Jeff/.hermes/profiles/smith/skills/openclaw-imports/telegram/SKILL.md
WARNING agent.tool_executor: Tool skill_view returned error (0.08s): {"success": false, "error": "Ambiguous skill name 'telegram': 2 skills match across your local skills dir and external_dirs. Refusing to guess — load one explicitly by its categorized path.", "matches
WARNING agent.tool_executor: Tool memory returned error (0.01s): {"success": false, "error": "After applying all 2 operations, memory would be at 2,633/2,200 chars -- over the limit. Remove or shorten more entries in the same batch (see current_entries below), then
WARNING agent.tool_executor: Tool memory returned error (0.00s): {"success": false, "error": "After applying all 2 operations, memory would be at 2,306/2,200 chars -- over the limit. Remove or shorten more entries in the same batch (see current_entries below), then
WARNING agent.tool_executor: Tool skill_view returned error (0.16s): {"success": false, "error": "Skill 'openclaw-imports/user-communication-preferences' not found.", "available_skills": ["agentmail", "brave-search", "coding-agents", "commute-traffic", "computer-use", 
WARNING agent.tool_executor: Tool skill_view returned error (0.16s): {"success": false, "error": "Skill 'openclaw-imports/tool-fallback-patterns' not found.", "available_skills": ["agentmail", "brave-search", "coding-agents", "commute-traffic", "computer-use", "discord
WARNING agent.tool_executor: Tool skill_view returned error (0.08s): {"success": false, "error": "Skill 'openclaw-imports/openclaw-config-maintenance' not found.", "available_skills": ["agentmail", "brave-search", "coding-agents", "commute-traffic", "computer-use", "di
WARNING agent.tool_executor: Tool search_files returned error (0.00s): {"error": "Background review denied non-whitelisted tool: search_files. Only memory/skill tools are allowed."}
WARNING agent.tool_executor: Tool memory returned error (0.01s): {"success": false, "error": "Memory at 2,116/2,200 chars. Adding this entry (366 chars) would exceed the limit. Consolidate now: use 'replace' to merge overlapping entries into shorter ones or 'remove
WARNING agent.tool_executor: Tool memory returned error (0.01s): {"success": false, "error": "Operation 1 (replace): no entry matched 'Tools & Integrations > Commute Traffic: **Skill**: `hermes-commute-traffic` (TomTom API)\n**API Key**: `mCItvnFsSp2n92bRGBALDztzp2
WARNING agent.tool_executor: Tool memory returned error (0.00s): {"success": false, "error": "Operation 1 (replace): no entry matched 'Tools & Integrations > Commute Traffic: **Skill**: `hermes-commute-traffic` (TomTom API)\n**API Key**: `mCItvnFsSp2n92bRGBALDztzp2
WARNING agent.tool_executor: Tool memory returned error (0.01s): {"success": false, "error": "After applying all 8 operations, memory would be at 3,126/2,200 chars -- over the limit. Remove or shorten more entries in the same batch (see current_entries below), then
WARNING gateway.run: Shutdown context: signal=SIGTERM under_systemd=yes parent_pid=1 parent_name=? loadavg_1m=4.46 parent_cmdline='(unknown)'
[33m⚠ Deprecated .env settings detected:[0m
  [33m⚠[0m MESSAGING_CWD=~/Smith found in .env — this is deprecated.
  [2mMove to config.yaml instead:  terminal:\n    cwd: /your/project/path[0m
  [2mThen remove the old entries from /Users/Jeff/.hermes/profiles/smith/.env[0m

WARNING tools.mcp_tool: MCP server 'qmd' initial connection failed (attempt 1/3), retrying in 1s: unhandled errors in a TaskGroup (1 sub-exception)
WARNING tools.mcp_tool: MCP server 'qmd' initial connection failed (attempt 2/3), retrying in 2s: unhandled errors in a TaskGroup (1 sub-exception)
WARNING gateway.run: Shutdown context: signal=SIGTERM under_systemd=yes parent_pid=1 parent_name=? loadavg_1m=5.27 parent_cmdline='(unknown)'
WARNING tools.mcp_tool: MCP server 'qmd' initial connection failed (attempt 3/3), retrying in 4s: unhandled errors in a TaskGroup (1 sub-exception)
WARNING tools.mcp_tool: MCP server 'qmd' failed initial connection after 3 attempts, giving up: unhandled errors in a TaskGroup (1 sub-exception)
WARNING tools.mcp_tool: Failed to connect to MCP server 'qmd' (command=qmd): Connection closed
Error: Profile 'smith' does not exist. Create it with: hermes profile create smith
Error: Profile 'smith' does not exist. Create it with: hermes profile create smith
Error: Profile 'smith' does not exist. Create it with: hermes profile create smith
Error: Profile 'smith' does not exist. Create it with: hermes profile create smith
Error: Profile 'smith' does not exist. Create it with: hermes profile create smith
Error: Profile 'smith' does not exist. Create it with: hermes profile create smith
Error: Profile 'smith' does not exist. Create it with: hermes profile create smith
Error: Profile 'smith' does not exist. Create it with: hermes profile create smith
Error: Profile 'smith' does not exist. Create it with: hermes profile create smith
Error: Profile 'smith' does not exist. Create it with: hermes profile create smith
Error: Profile 'smith' does not exist. Create it with: hermes profile create smith
Error: Profile 'smith' does not exist. Create it with: hermes profile create smith
Error: Profile 'smith' does not exist. Create it with: hermes profile create smith
Error: Profile 'smith' does not exist. Create it with: hermes profile create smith
Error: Profile 'smith' does not exist. Create it with: hermes profile create smith
Error: Profile 'smith' does not exist. Create it with: hermes profile create smith
Error: Profile 'smith' does not exist. Create it with: hermes profile create smith
[33m⚠ Deprecated .env settings detected:[0m
  [33m⚠[0m MESSAGING_CWD=~/Smith found in .env — this is deprecated.
  [2mMove to config.yaml instead:  terminal:\n    cwd: /your/project/path[0m
  [2mThen remove the old entries from /Users/Jeff/.hermes/profiles/smith/.env[0m

WARNING tools.mcp_tool: MCP server 'qmd' initial connection failed (attempt 1/3), retrying in 1s: unhandled errors in a TaskGroup (1 sub-exception)
WARNING tools.mcp_tool: MCP server 'qmd' initial connection failed (attempt 2/3), retrying in 2s: unhandled errors in a TaskGroup (1 sub-exception)
WARNING tools.mcp_tool: MCP server 'qmd' initial connection failed (attempt 3/3), retrying in 4s: unhandled errors in a TaskGroup (1 sub-exception)
WARNING tools.mcp_tool: MCP server 'qmd' failed initial connection after 3 attempts, giving up: unhandled errors in a TaskGroup (1 sub-exception)
WARNING tools.mcp_tool: Failed to connect to MCP server 'qmd' (command=qmd): Connection closed
ERROR agent.conversation_loop: Outer loop error in API call #1
Traceback (most recent call last):
  File "/Users/Jeff/.hermes/hermes-agent/agent/conversation_loop.py", line 4079, in run_conversation
    agent._execute_tool_calls(assistant_message, messages, effective_task_id, api_call_count)
  File "/Users/Jeff/.hermes/hermes-agent/run_agent.py", line 5201, in _execute_tool_calls
    return self._execute_tool_calls_sequential(
           ^^^^^^^^^^^^^^^^^^^^^^^^^^^^^^^^^^^^
  File "/Users/Jeff/.hermes/hermes-agent/run_agent.py", line 5295, in _execute_tool_calls_sequential
    return execute_tool_calls_sequential(self, assistant_message, messages, effective_task_id, api_call_count)
           ^^^^^^^^^^^^^^^^^^^^^^^^^^^^^^^^^^^^^^^^^^^^^^^^^^^^^^^^^^^^^^^^^^^^^^^^^^^^^^^^^^^^^^^^^^^^^^^^^^^
  File "/Users/Jeff/.hermes/hermes-agent/agent/tool_executor.py", line 1125, in execute_tool_calls_sequential
    function_result, function_args = _run_agent_tool_execution_middleware(
                                     ^^^^^^^^^^^^^^^^^^^^^^^^^^^^^^^^^^^^^
  File "/Users/Jeff/.hermes/hermes-agent/agent/tool_executor.py", line 269, in _run_agent_tool_execution_middleware
    result = run_tool_execution_middleware(
             ^^^^^^^^^^^^^^^^^^^^^^^^^^^^^^
  File "/Users/Jeff/.hermes/hermes-agent/hermes_cli/middleware.py", line 201, in run_tool_execution_middleware
    return next_call(args)
           ^^^^^^^^^^^^^^^
  File "/Users/Jeff/.hermes/hermes-agent/agent/tool_executor.py", line 265, in _execute
    return execute(observed_args)
           ^^^^^^^^^^^^^^^^^^^^^^
  File "/Users/Jeff/.hermes/hermes-agent/agent/tool_executor.py", line 1104, in _execute
    result = _memory_tool(
             ^^^^^^^^^^^^^
  File "/Users/Jeff/.hermes/hermes-agent/tools/memory_tool.py", line 933, in memory_tool
    result = store.apply_batch(target, operations)
             ^^^^^^^^^^^^^^^^^^^^^^^^^^^^^^^^^^^^^
  File "/Users/Jeff/.hermes/hermes-agent/tools/memory_tool.py", line 488, in apply_batch
    old_text = (op.get("old_text") or "").strip()
               ^^^^^^^^^^^^^^^^^^^^^^^^^^^^^^^^
AttributeError: 'list' object has no attribute 'strip'
WARNING agent.tool_executor: Tool memory returned error (0.00s): {"success": false, "error": "Operation 2 (replace): content is required (use action='remove' to delete). No operations were applied (batch is all-or-nothing).", "current_entries": ["User Info: **Name*
WARNING agent.tool_executor: Tool memory returned error (0.00s): {"success": false, "error": "After applying all 6 operations, memory would be at 2,272/2,200 chars -- over the limit. Remove or shorten more entries in the same batch (see current_entries below), then
/Users/Jeff/.hermes/hermes-agent/plugins/platforms/telegram/adapter.py:1441: PTBUserWarning: Please use 'Bot.editMessageText' instead of 'Bot.do_api_request("editMessageText", ...)'
  await self._bot.do_api_request("editMessageText", api_kwargs=payload)
WARNING agent.tool_executor: Tool memory returned error (0.00s): {"success": false, "error": "After applying all 2 operations, memory would be at 2,236/2,200 chars -- over the limit. Remove or shorten more entries in the same batch (see current_entries below), then
WARNING agent.tool_executor: Tool patch returned error (0.00s): {"error": "Refusing to write to Hermes config file: /Users/Jeff/Smith/.hermes-profile/config.yaml\nAgent cannot modify security-sensitive configuration. Edit ~/.hermes/config.yaml directly or use 'her
WARNING agent.tool_executor: Tool terminal returned error (0.00s): {"output": "", "exit_code": 1, "error": "Blocked: cannot restart or stop the gateway from inside the gateway process. The gateway would kill this command before it could complete (SIGTERM propagates t
WARNING agent.tool_executor: Tool skill_manage returned error (0.09s): {"success": false, "error": "Skill 'autonomous-ai-agents/smith-local-stack' not found in active profile 'default'. Use skills_list() to see available skills."}
WARNING agent.tool_executor: Tool skill_manage returned error (0.00s): {"error": "old_string is required for 'patch'. Provide the text to find.", "success": false}
WARNING agent.tool_executor: Tool terminal returned error (0.00s): {"output": "", "exit_code": 1, "error": "Blocked: cannot restart or stop the gateway from inside the gateway process. The gateway would kill this command before it could complete (SIGTERM propagates t
WARNING tools.skills_tool: Skill name collision for 'brave-search': 2 candidates — /Users/Jeff/.hermes/profiles/smith/skills/brave-search/SKILL.md; /Users/Jeff/.hermes/profiles/smith/skills/openclaw-imports/brave-search/SKILL.md
WARNING agent.tool_executor: Tool skill_view returned error (0.09s): {"success": false, "error": "Ambiguous skill name 'brave-search': 2 skills match across your local skills dir and external_dirs. Refusing to guess — load one explicitly by its categorized path.", "mat
WARNING agent.tool_executor: Tool memory returned error (0.00s): {"success": false, "error": "After applying all 3 operations, memory would be at 2,849/2,200 chars -- over the limit. Remove or shorten more entries in the same batch (see current_entries below), then
WARNING agent.tool_executor: Tool memory returned error (0.01s): {"success": false, "error": "After applying all 3 operations, memory would be at 2,434/2,200 chars -- over the limit. Remove or shorten more entries in the same batch (see current_entries below), then
WARNING agent.tool_executor: Tool memory returned error (0.00s): {"success": false, "error": "After applying all 4 operations, memory would be at 2,203/2,200 chars -- over the limit. Remove or shorten more entries in the same batch (see current_entries below), then
WARNING agent.tool_executor: Tool patch returned error (0.00s): {"error": "Background review denied non-whitelisted tool: patch. Only memory/skill tools are allowed."}
WARNING agent.tool_executor: Tool terminal returned error (0.59s): {"output": "=== local IPs ===\n\tinet 192.168.1.122 netmask 0xffffff00 broadcast 192.168.1.255\n\tinet 100.112.177.37 --> 100.112.177.37 netmask 0xffffffff\n\n=== public IP (via curl) ===\n49.228.127.
WARNING agent.tool_executor: Tool skill_manage returned error (0.00s): {"error": "new_string is required for 'patch'. Use empty string to delete matched text.", "success": false}
WARNING agent.tool_executor: Tool memory returned error (0.00s): {"success": false, "error": "After applying all 1 operations, memory would be at 2,297/2,200 chars -- over the limit. Remove or shorten more entries in the same batch (see current_entries below), then
WARNING agent.tool_executor: Tool memory returned error (0.01s): {"success": false, "error": "After applying all 5 operations, memory would be at 2,349/2,200 chars -- over the limit. Remove or shorten more entries in the same batch (see current_entries below), then
WARNING agent.tool_executor: Tool memory returned error (0.00s): {"success": false, "error": "Operation 2 (replace): no entry matched '**Telegram chat-style only**: no lists, tables, headers, bold-as-structure, or checkmarks. 1–2 short paragraphs, plain text. Appli
WARNING agent.tool_executor: Tool memory returned error (0.00s): {"success": false, "error": "Operation 2 (replace): no entry matched '**Telegram chat-style only**: no lists, tables, headers, bold-as-structure, or checkmarks. 1–2 short paragraphs, plain text. Appli
WARNING agent.tool_executor: Tool memory returned error (0.00s): {"success": false, "error": "After applying all 1 operations, memory would be at 2,377/2,200 chars -- over the limit. Remove or shorten more entries in the same batch (see current_entries below), then
WARNING agent.tool_executor: Tool memory returned error (0.00s): {"success": false, "error": "Operation 1 (replace): no entry matched 'Verify before declaring non-existence. Two misses 2026-06-24: hermes dashboard (`hermes dashboard --port 9119` is real) + samantha
WARNING agent.tool_executor: Tool read_file returned error (0.56s): {"content": "", "total_lines": 0, "file_size": 0, "truncated": false, "is_binary": false, "is_image": false, "error": "File not found: /Users/Jeff/Smith/memory/2026-06-25.md", "similar_files": ["/User
WARNING agent.tool_executor: Tool skill_view returned error (0.13s): {"success": false, "error": "Skill 'openclaw-imports/commute-traffic' not found.", "available_skills": ["agentmail", "brave-search", "coding-agents", "commute-traffic", "computer-use", "discord", "dog
WARNING tools.skills_tool: Skill name collision for 'commute-traffic': 2 candidates — /Users/Jeff/.hermes/profiles/smith/skills/openclaw-commute-traffic/SKILL.md; /Users/Jeff/.hermes/profiles/smith/skills/openclaw-imports/openclaw-commute-traffic/SKILL.md
WARNING agent.tool_executor: Tool skill_view returned error (0.07s): {"success": false, "error": "Ambiguous skill name 'commute-traffic': 2 skills match across your local skills dir and external_dirs. Refusing to guess — load one explicitly by its categorized path.", "
WARNING tools.skills_tool: Skill name collision for 'openclaw-commute-traffic': 2 candidates — /Users/Jeff/.hermes/profiles/smith/skills/openclaw-commute-traffic/SKILL.md; /Users/Jeff/.hermes/profiles/smith/skills/openclaw-imports/openclaw-commute-traffic/SKILL.md
WARNING agent.tool_executor: Tool skill_view returned error (0.05s): {"success": false, "error": "Ambiguous skill name 'openclaw-commute-traffic': 2 skills match across your local skills dir and external_dirs. Refusing to guess — load one explicitly by its categorized 
WARNING agent.tool_executor: Tool skill_view returned error (0.07s): {"success": false, "error": "Skill 'openclaw-commute-traffic/openclaw-commute-traffic' not found.", "available_skills": ["agentmail", "brave-search", "coding-agents", "commute-traffic", "computer-use"
WARNING agent.tool_executor: Tool terminal returned error (1.46s): {"output": "{\n  \"status\": \"error\",\n  \"message\": \"TOMTOM_API_KEY environment variable is not set. Get a free key at https://developer.tomtom.com and configure it in ~/.openclaw/openclaw.json u
WARNING agent.tool_executor: Tool terminal returned error (1.06s): {"output": "{\n  \"status\": \"error\",\n  \"step\": \"geocode_origin\",\n  \"error\": true,\n  \"message\": \"No coordinates found for 'Ban Suan, Chon Buri, Thailand'. Try a more specific address.\"\
WARNING agent.tool_executor: Tool terminal returned error (0.94s): {"output": "{\n  \"status\": \"error\",\n  \"step\": \"geocode_origin\",\n  \"error\": true,\n  \"message\": \"No coordinates found for 'Ban Suan, Mueang Chon Buri District, Chon Buri, Thailand'. Try 
WARNING agent.tool_executor: Tool terminal returned error (0.94s): {"output": "{\n  \"status\": \"error\",\n  \"step\": \"geocode_origin\",\n  \"error\": true,\n  \"message\": \"Geocoding failed for 'Chon Buri, Thailand': HTTP 401: Unauthorized\"\n}", "exit_code": 1,
WARNING agent.tool_executor: Tool patch returned error (0.05s): {"success": false, "error": "Escape-drift detected: old_string and new_string contain the literal sequence '\\\\\"' but the matched region of the file does not. This is almost always a tool-call seria
WARNING agent.tool_executor: Tool read_file returned error (0.00s): {"error": "Background review denied non-whitelisted tool: read_file. Only memory/skill tools are allowed."}
WARNING agent.tool_executor: Tool read_file returned error (0.00s): {"error": "Background review denied non-whitelisted tool: read_file. Only memory/skill tools are allowed."}
WARNING agent.tool_executor: Tool skill_view returned error (0.15s): {"success": false, "error": "Skill 'openclaw-commute-traffic/commute-traffic' not found.", "available_skills": ["agentmail", "brave-search", "coding-agents", "commute-traffic", "computer-use", "discor
WARNING agent.tool_executor: Tool skill_view returned error (0.15s): {"success": false, "error": "Skill 'openclaw-imports/commute-traffic' not found.", "available_skills": ["agentmail", "brave-search", "coding-agents", "commute-traffic", "computer-use", "discord", "dog
WARNING tools.skills_tool: Skill name collision for 'openclaw-commute-traffic': 2 candidates — /Users/Jeff/.hermes/profiles/smith/skills/openclaw-commute-traffic/SKILL.md; /Users/Jeff/.hermes/profiles/smith/skills/openclaw-imports/openclaw-commute-traffic/SKILL.md
WARNING agent.tool_executor: Tool skill_view returned error (0.07s): {"success": false, "error": "Ambiguous skill name 'openclaw-commute-traffic': 2 skills match across your local skills dir and external_dirs. Refusing to guess — load one explicitly by its categorized 
WARNING tools.skills_tool: Skill name collision for 'openclaw-commute-traffic': 2 candidates — /Users/Jeff/.hermes/profiles/smith/skills/openclaw-commute-traffic/SKILL.md; /Users/Jeff/.hermes/profiles/smith/skills/openclaw-imports/openclaw-commute-traffic/SKILL.md
WARNING agent.tool_executor: Tool skill_view returned error (0.06s): {"success": false, "error": "Ambiguous skill name 'openclaw-commute-traffic': 2 skills match across your local skills dir and external_dirs. Refusing to guess — load one explicitly by its categorized 
WARNING agent.tool_executor: Tool skill_manage returned error (0.08s): {"success": false, "error": "Skill 'openclaw-imports/openclaw-commute-traffic' not found in active profile 'default'. Use skills_list() to see available skills."}
WARNING agent.tool_executor: Tool skill_manage returned error (0.05s): {"success": false, "error": "Skill 'commute-traffic' not found in active profile 'default'. Use skills_list() to see available skills."}
WARNING agent.tool_executor: Tool skill_manage returned error (0.05s): {"success": false, "error": "Skill 'openclaw-imports/openclaw-commute-traffic' not found in active profile 'default'. Use skills_list() to see available skills. Create it first with action='create'."}
WARNING agent.tool_executor: Tool terminal returned error (15.36s): {"output": "=== symlink check ===\nlrwxr-xr-x@ 1 jeff  staff  33 Jun 24 21:57 /Users/Jeff/.hermes/profiles/smith -> /Users/Jeff/Smith/.hermes-profile\n\n=== all profiles ===\ntotal 0\ndrwxr-xr-x@  3 j
WARNING agent.tool_executor: Tool terminal returned error (0.16s): {"output": "=== any profile config dirs with smith content? ===\ntotal 152112\ndrwx------@  54 jeff  staff      1728 Jun 25 07:00 .\ndrwxr-x---+ 116 jeff  staff      3712 Jun 24 22:42 ..\n-rw-r--r--@ 
/Users/Jeff/.hermes/hermes-agent/plugins/platforms/telegram/adapter.py:1441: PTBUserWarning: Please use 'Bot.editMessageText' instead of 'Bot.do_api_request("editMessageText", ...)'
  await self._bot.do_api_request("editMessageText", api_kwargs=payload)
WARNING agent.tool_executor: Tool cronjob returned error (0.00s): {
  "success": false,
  "error": "Job with ID or name 'f5750c197996' not found. Use cronjob(action='list') to inspect jobs."
}
WARNING agent.tool_executor: Tool cronjob returned error (0.00s): {
  "success": false,
  "error": "Job with ID or name 'd521fb8f90b9' not found. Use cronjob(action='list') to inspect jobs."
}
WARNING agent.tool_executor: Tool terminal returned error (10.41s): {"output": "[Command timed out after 10s]", "exit_code": 124, "error": null}
WARNING agent.tool_executor: Tool terminal returned error (10.24s): {"output": "[Command timed out after 10s]", "exit_code": 124, "error": null}
WARNING agent.tool_executor: Tool terminal returned error (10.40s): {"output": "[Command timed out after 10s]", "exit_code": 124, "error": null}
WARNING agent.tool_executor: Tool terminal returned error (5.61s): {"output": "[Command timed out after 5s]", "exit_code": 124, "error": null}
WARNING agent.tool_executor: Tool terminal returned error (0.27s): {"output": "root               667   0.0  0.0 435321136    768   ??  Ss    3Jun26   0:04.40 /usr/sbin/cron\n---", "exit_code": 1, "error": null, "exit_code_meaning": "No matches found (not an error)"}
WARNING agent.tool_executor: Tool terminal returned error (10.54s): {"output": "[Command timed out after 10s]", "exit_code": 124, "error": null}
WARNING agent.tool_executor: Tool terminal returned error (8.58s): {"output": "[Command timed out after 8s]", "exit_code": 124, "error": null}
WARNING agent.tool_executor: Tool terminal returned error (0.13s): {"output": "ls: /var/at/tabs/: Permission denied\ntotal 0\nls: /var/cron/tabs/: No such file or directory\nls: /usr/lib/cron/tabs/: Permission denied\ntotal 0", "exit_code": 1, "error": null}
WARNING agent.tool_executor: Tool terminal returned error (8.47s): {"output": "crontab: installing new crontab\n\n[Command timed out after 8s]", "exit_code": 124, "error": null}
WARNING agent.tool_executor: Tool terminal returned error (0.24s): {"output": "sudo: a terminal is required to read the password; either use the -S option to read from standard input or configure an askpass helper\nsudo: a password is required", "exit_code": 1, "erro
WARNING agent.tool_executor: Tool terminal returned error (10.29s): {"output": "[Command timed out after 10s]", "exit_code": 124, "error": null}
WARNING agent.tool_executor: Tool terminal returned error (0.18s): {"output": "26.5.1\n---\nls: /var/at/tabs/: Permission denied\ntotal 0", "exit_code": 1, "error": null}

[Tool loop warning: same_tool_failure_warning; count=3; terminal has failed 3 times this turn. 
WARNING agent.tool_executor: Tool terminal returned error (8.35s): {"output": "crontab: installing new crontab\n\n[Command timed out after 8s]", "exit_code": 124, "error": null}

[Tool loop warning: same_tool_failure_warning; count=4; terminal has failed 4 times this
WARNING agent.tool_executor: Tool terminal returned error (0.13s): {"output": "root:wheel 0700 /var/at/tabs/\n---\n10 12 61 79 80 81 399 701 704 33 98 100 204 250 395 398 400 702 703\n---", "exit_code": 1, "error": null}
WARNING agent.tool_executor: Tool terminal returned error (0.12s): {"output": "ls: /var/at/tabs/: Permission denied\ntotal 0", "exit_code": 1, "error": null}
WARNING agent.tool_executor: Tool terminal returned error (15.36s): {"output": "[Command timed out after 15s]", "exit_code": 124, "error": null}

[Tool loop warning: same_tool_failure_warning; count=3; terminal has failed 3 times this turn. This looks like a loop. Do 
WARNING tools.skills_tool: Skill name collision for 'commute-traffic': 2 candidates — /Users/Jeff/.hermes/profiles/smith/skills/openclaw-commute-traffic/SKILL.md; /Users/Jeff/.hermes/profiles/smith/skills/openclaw-imports/openclaw-commute-traffic/SKILL.md
WARNING agent.tool_executor: Tool skill_view returned error (0.09s): {"success": false, "error": "Ambiguous skill name 'commute-traffic': 2 skills match across your local skills dir and external_dirs. Refusing to guess — load one explicitly by its categorized path.", "
WARNING agent.tool_executor: Tool skill_view returned error (0.08s): {"success": false, "error": "Skill 'openclaw-commute-traffic/openclaw-commute-traffic' not found.", "available_skills": ["agentmail", "brave-search", "coding-agents", "commute-traffic", "computer-use"
WARNING agent.tool_executor: Tool read_file returned error (0.00s): {"error": "Background review denied non-whitelisted tool: read_file. Only memory/skill tools are allowed."}
WARNING tools.skills_tool: Skill name collision for 'commute-traffic': 2 candidates — /Users/Jeff/.hermes/profiles/smith/skills/openclaw-commute-traffic/SKILL.md; /Users/Jeff/.hermes/profiles/smith/skills/openclaw-imports/openclaw-commute-traffic/SKILL.md
WARNING agent.tool_executor: Tool skill_view returned error (0.11s): {"success": false, "error": "Ambiguous skill name 'commute-traffic': 2 skills match across your local skills dir and external_dirs. Refusing to guess — load one explicitly by its categorized path.", "
WARNING agent.tool_executor: Tool execute_code returned error (21.32s): {"status": "error", "error": "BLOCKED: execute_code script denied by user. The user has NOT consented to running this code. Do NOT retry, do NOT rephrase the script, and do NOT attempt the same outcom
[33m⚠ Deprecated .env settings detected:[0m
  [33m⚠[0m MESSAGING_CWD=~/Smith found in .env — this is deprecated.
  [2mMove to config.yaml instead:  terminal:\n    cwd: /your/project/path[0m
  [2mThen remove the old entries from /Users/Jeff/.hermes/profiles/smith/.env[0m

WARNING hermes_plugins.telegram_platform.adapter: [Telegram] Discovering Telegram API fallback IPs via DNS-over-HTTPS…
WARNING hermes_plugins.telegram_platform.adapter: [Telegram] Connecting to Telegram (attempt 1/8)…
WARNING tools.registry: check_fn _browser_cdp_check returned False; dependent tools will be unavailable this turn
WARNING tools.registry: check_fn _browser_dialog_check returned False; dependent tools will be unavailable this turn
WARNING tools.registry: check_fn check_close_terminal_requirements returned False; dependent tools will be unavailable this turn
WARNING tools.registry: check_fn check_computer_use_requirements returned False; dependent tools will be unavailable this turn
WARNING tools.registry: check_fn _check_kanban_mode returned False; dependent tools will be unavailable this turn
WARNING tools.registry: check_fn _check_kanban_orchestrator_mode returned False; dependent tools will be unavailable this turn
WARNING tools.registry: check_fn check_read_terminal_requirements returned False; dependent tools will be unavailable this turn
WARNING tools.registry: check_fn check_web_api_key returned False; dependent tools will be unavailable this turn
WARNING agent.tool_executor: Tool terminal returned error (1.30s): {"output": "From https://github.com/bwuttipong/smith\n * branch              master     -> FETCH_HEAD\nerror: The following untracked working tree files would be overwritten by merge:\n\tmemory/2026-0
WARNING agent.tool_executor: Tool skill_manage returned error (0.07s): {"success": false, "error": "Refusing background curator patch for skill 'github': the current SKILL.md content has not been loaded in this review turn. Call skill_view(name) for SKILL.md, or skill_vi
WARNING gateway.run: Persisted transcript lagged live cached history for session agent:main:telegram:dm:8611951691 (disk=30, memory=32); preserving live conversation context (possible FTS write corruption)
WARNING agent.tool_executor: Tool terminal returned error (0.09s): {"output": "", "exit_code": 1, "error": null}
WARNING gateway.run: Persisted transcript lagged live cached history for session agent:main:telegram:dm:8611951691 (disk=50, memory=54); preserving live conversation context (possible FTS write corruption)
WARNING agent.tool_executor: Tool memory returned error (0.01s): {"success": false, "error": "Memory at 2,109/2,200 chars. Adding this entry (288 chars) would exceed the limit. Consolidate now: use 'replace' to merge overlapping entries into shorter ones or 'remove
WARNING agent.tool_executor: Tool memory returned error (0.00s): {"error": "content is required for 'replace' action.", "success": false}
WARNING agent.tool_executor: Tool memory returned error (0.00s): {"success": false, "error": "Memory at 2,036/2,200 chars. Adding this entry (221 chars) would exceed the limit. Consolidate now: use 'replace' to merge overlapping entries into shorter ones or 'remove
WARNING agent.tool_executor: Tool memory returned error (0.00s): {"error": "content is required for 'replace' action.", "success": false}
WARNING gateway.run: Persisted transcript lagged live cached history for session agent:main:telegram:dm:8611951691 (disk=70, memory=74); preserving live conversation context (possible FTS write corruption)
WARNING gateway.run: Persisted transcript lagged live cached history for session agent:main:telegram:dm:8611951691 (disk=72, memory=76); preserving live conversation context (possible FTS write corruption)
WARNING tools.registry: check_fn _browser_cdp_check returned False; dependent tools will be unavailable this turn
WARNING tools.registry: check_fn _browser_dialog_check returned False; dependent tools will be unavailable this turn
WARNING tools.registry: check_fn check_close_terminal_requirements returned False; dependent tools will be unavailable this turn
WARNING tools.registry: check_fn check_computer_use_requirements returned False; dependent tools will be unavailable this turn
WARNING tools.registry: check_fn _check_kanban_mode returned False; dependent tools will be unavailable this turn
WARNING tools.registry: check_fn _check_kanban_orchestrator_mode returned False; dependent tools will be unavailable this turn
WARNING tools.registry: check_fn check_read_terminal_requirements returned False; dependent tools will be unavailable this turn
WARNING tools.registry: check_fn check_web_api_key returned False; dependent tools will be unavailable this turn
/Users/Jeff/.hermes/hermes-agent/plugins/platforms/telegram/adapter.py:1556: PTBUserWarning: Please use 'Bot.editMessageText' instead of 'Bot.do_api_request("editMessageText", ...)'
  await self._bot.do_api_request("editMessageText", api_kwargs=payload)
WARNING agent.tool_executor: Tool terminal returned error (0.39s): {"output": "Error: 'hermes mcp configure' requires an interactive terminal.", "exit_code": 1, "error": null}
WARNING agent.tool_executor: Tool execute_code returned error (4.18s): {"status": "error", "output": "\n--- stderr ---\nTraceback (most recent call last):\n  File \"/var/folders/jw/mz45fg8s26zgz3cx72ztxxgw0000gn/T/hermes_sandbox_op6hhqxs/script.py\", line 4, in <module>\
WARNING agent.tool_executor: Tool execute_code returned error (5.94s): {"status": "error", "output": "=== TEST 1: MCP Memory Bridge Stats ===\n{\n  \"indexed_files\": 553,\n  \"structured_entries\": 2,\n  \"total_size_bytes\": 2212887,\n  \"watch_paths\": [\n    \"/Users
WARNING agent.tool_executor: Tool execute_code returned error (3.64s): {"status": "error", "output": "=== TEST 2: Search 'Returnable Box' (top 3) ===\n  1. score=?  path=/Users/Jeff/Smith/wiki/sources/bridge-smith-ec7a1e9e-memory-reference-returnable-box-a42091c4.md\n   
WARNING agent.tool_executor: Tool execute_code returned error (64.58s): {"status": "error", "output": "=== TEST 3: Smith→Hermes Write ===\n  write_entry returned: {\"id\": \"6a5499df618a\", \"title\": \"Audit Test Entry from Smith\", \"created_at\": \"2026-07-02T02:26:14.
[33m⚠ Deprecated .env settings detected:[0m
  [33m⚠[0m MESSAGING_CWD=~/Smith found in .env — this is deprecated.
  [2mMove to config.yaml instead:  terminal:\n    cwd: /your/project/path[0m
  [2mThen remove the old entries from /Users/Jeff/Smith/.env[0m

WARNING hermes_plugins.telegram_platform.adapter: [Telegram] Discovering Telegram API fallback IPs via DNS-over-HTTPS…
WARNING hermes_plugins.telegram_platform.adapter: [Telegram] Connecting to Telegram (attempt 1/8)…
WARNING gateway.run: Shutdown context: signal=SIGTERM under_systemd=yes parent_pid=1 parent_name=? loadavg_1m=3.80 parent_cmdline='(unknown)'
[33m⚠ Deprecated .env settings detected:[0m
  [33m⚠[0m MESSAGING_CWD=~/Smith found in .env — this is deprecated.
  [2mMove to config.yaml instead:  terminal:\n    cwd: /your/project/path[0m
  [2mThen remove the old entries from /Users/Jeff/Smith/.env[0m

WARNING hermes_plugins.telegram_platform.adapter: [Telegram] Discovering Telegram API fallback IPs via DNS-over-HTTPS…
WARNING hermes_plugins.telegram_platform.adapter: [Telegram] Connecting to Telegram (attempt 1/8)…
WARNING tools.registry: check_fn _browser_cdp_check returned False; dependent tools will be unavailable this turn
WARNING tools.registry: check_fn _browser_dialog_check returned False; dependent tools will be unavailable this turn
WARNING tools.registry: check_fn check_close_terminal_requirements returned False; dependent tools will be unavailable this turn
WARNING tools.registry: check_fn check_computer_use_requirements returned False; dependent tools will be unavailable this turn
WARNING tools.registry: check_fn _check_kanban_mode returned False; dependent tools will be unavailable this turn
WARNING tools.registry: check_fn _check_kanban_orchestrator_mode returned False; dependent tools will be unavailable this turn
WARNING tools.registry: check_fn check_read_terminal_requirements returned False; dependent tools will be unavailable this turn
WARNING tools.registry: check_fn check_web_api_key returned False; dependent tools will be unavailable this turn
WARNING agent.conversation_loop: API call failed (attempt 1/3) error_type=RateLimitError thread=hermes-gateway_0:6328299520 provider=openrouter base_url=https://openrouter.ai/api/v1 model=poolside/laguna-m.1:free summary=HTTP 429: Provider returned error
WARNING agent.conversation_loop: Retrying API call in 2.6541139748074083s (attempt 1/3) thread=hermes-gateway_0:6328299520 provider=openrouter base_url=https://openrouter.ai/api/v1 model=poolside/laguna-m.1:free policy=default error=Error code: 429 - {'error': {'message': 'Provider returned error', 'code': 429, 'metadata': {'raw': 'poolside/laguna-m.1:free is temporarily rate-limited upstream. Please retry shortly, or add your own key to accumulate your rate limits: https://openrouter.ai/settings/integrations', 'provider_name': 'Poolside', 'is_byok': False}}, 'user_id': 'user_3Acnw8TjZjbBlJqMY9iTDeQvNmp'}
WARNING agent.conversation_loop: API call failed (attempt 2/3) error_type=RateLimitError thread=hermes-gateway_0:6328299520 provider=openrouter base_url=https://openrouter.ai/api/v1 model=poolside/laguna-m.1:free summary=HTTP 429: Provider returned error
WARNING agent.conversation_loop: Retrying API call in 4.86436954357375s (attempt 2/3) thread=hermes-gateway_0:6328299520 provider=openrouter base_url=https://openrouter.ai/api/v1 model=poolside/laguna-m.1:free policy=default error=Error code: 429 - {'error': {'message': 'Provider returned error', 'code': 429, 'metadata': {'raw': 'poolside/laguna-m.1:free is temporarily rate-limited upstream. Please retry shortly, or add your own key to accumulate your rate limits: https://openrouter.ai/settings/integrations', 'provider_name': 'Poolside', 'is_byok': False}}, 'user_id': 'user_3Acnw8TjZjbBlJqMY9iTDeQvNmp'}
WARNING agent.conversation_loop: API call failed (attempt 1/3) error_type=RateLimitError thread=hermes-gateway_0:6328299520 provider=openrouter base_url=https://openrouter.ai/api/v1 model=poolside/laguna-m.1:free summary=HTTP 429: Provider returned error
WARNING agent.conversation_loop: Retrying API call in 2.220013329026438s (attempt 1/3) thread=hermes-gateway_0:6328299520 provider=openrouter base_url=https://openrouter.ai/api/v1 model=poolside/laguna-m.1:free policy=default error=Error code: 429 - {'error': {'message': 'Provider returned error', 'code': 429, 'metadata': {'raw': 'poolside/laguna-m.1:free is temporarily rate-limited upstream. Please retry shortly, or add your own key to accumulate your rate limits: https://openrouter.ai/settings/integrations', 'provider_name': 'Poolside', 'is_byok': False}}, 'user_id': 'user_3Acnw8TjZjbBlJqMY9iTDeQvNmp'}
WARNING agent.conversation_loop: API call failed (attempt 2/3) error_type=RateLimitError thread=hermes-gateway_0:6328299520 provider=openrouter base_url=https://openrouter.ai/api/v1 model=poolside/laguna-m.1:free summary=HTTP 429: Provider returned error
WARNING agent.conversation_loop: Retrying API call in 4.071302312335599s (attempt 2/3) thread=hermes-gateway_0:6328299520 provider=openrouter base_url=https://openrouter.ai/api/v1 model=poolside/laguna-m.1:free policy=default error=Error code: 429 - {'error': {'message': 'Provider returned error', 'code': 429, 'metadata': {'raw': 'poolside/laguna-m.1:free is temporarily rate-limited upstream. Please retry shortly, or add your own key to accumulate your rate limits: https://openrouter.ai/settings/integrations', 'provider_name': 'Poolside', 'is_byok': False}}, 'user_id': 'user_3Acnw8TjZjbBlJqMY9iTDeQvNmp'}
WARNING agent.conversation_loop: API call failed (attempt 3/3) error_type=RateLimitError thread=hermes-gateway_0:6328299520 provider=openrouter base_url=https://openrouter.ai/api/v1 model=poolside/laguna-m.1:free summary=HTTP 429: Provider returned error
ERROR agent.conversation_loop: API call failed after 3 retries. HTTP 429: Provider returned error | provider=openrouter model=poolside/laguna-m.1:free msgs=8 tokens=~13,307
[33m⚠ Deprecated .env settings detected:[0m
  [33m⚠[0m MESSAGING_CWD=~/Smith found in .env — this is deprecated.
  [2mMove to config.yaml instead:  terminal:\n    cwd: /your/project/path[0m
  [2mThen remove the old entries from /Users/Jeff/Smith/.env[0m

WARNING tools.mcp_tool: MCP server 'memory-bridge' initial connection failed (attempt 1/3), retrying in 1s: [Errno 2] No such file or directory: 'C:\\\\Users\\\\Wuttipong.t\\\\AppData\\\\Local\\\\Programs\\\\Python\\\\Python312\\\\python.exe'
WARNING tools.mcp_tool: MCP server 'memory-bridge' initial connection failed (attempt 2/3), retrying in 2s: [Errno 2] No such file or directory: 'C:\\\\Users\\\\Wuttipong.t\\\\AppData\\\\Local\\\\Programs\\\\Python\\\\Python312\\\\python.exe'
WARNING tools.mcp_tool: MCP server 'memory-bridge' initial connection failed (attempt 3/3), retrying in 4s: [Errno 2] No such file or directory: 'C:\\\\Users\\\\Wuttipong.t\\\\AppData\\\\Local\\\\Programs\\\\Python\\\\Python312\\\\python.exe'
WARNING tools.mcp_tool: MCP server 'memory-bridge' failed initial connection after 3 attempts, giving up: [Errno 2] No such file or directory: 'C:\\\\Users\\\\Wuttipong.t\\\\AppData\\\\Local\\\\Programs\\\\Python\\\\Python312\\\\python.exe'
WARNING tools.mcp_tool: Failed to connect to MCP server 'memory-bridge' (command=C:\\Users\\Wuttipong.t\\AppData\\Local\\Programs\\Python\\Python312\\python.exe): missing executable 'C:\\Users\\Wuttipong.t\\AppData\\Local\\Programs\\Python\\Python312\\python.exe'
WARNING hermes_plugins.telegram_platform.adapter: [Telegram] Discovering Telegram API fallback IPs via DNS-over-HTTPS…
WARNING hermes_plugins.telegram_platform.adapter: [Telegram] Connecting to Telegram (attempt 1/8)…
WARNING tools.registry: check_fn _browser_cdp_check returned False; dependent tools will be unavailable this turn
WARNING tools.registry: check_fn _browser_dialog_check returned False; dependent tools will be unavailable this turn
WARNING tools.registry: check_fn check_close_terminal_requirements returned False; dependent tools will be unavailable this turn
WARNING tools.registry: check_fn check_computer_use_requirements returned False; dependent tools will be unavailable this turn
WARNING tools.registry: check_fn _check_kanban_mode returned False; dependent tools will be unavailable this turn
WARNING tools.registry: check_fn _check_kanban_orchestrator_mode returned False; dependent tools will be unavailable this turn
WARNING tools.registry: check_fn check_read_terminal_requirements returned False; dependent tools will be unavailable this turn
WARNING tools.registry: check_fn check_web_api_key returned False; dependent tools will be unavailable this turn
WARNING agent.conversation_loop: API call failed (attempt 1/3) error_type=BadRequestError thread=hermes-gateway_0:6301069312 provider=xiaomi base_url=https://token-plan-sgp.xiaomimimo.com/v1 model=openrouter/owl-alpha summary=HTTP 400: Param Incorrect
ERROR agent.conversation_loop: Non-retryable client error: Error code: 400 - {'error': {'code': '400', 'message': 'Param Incorrect', 'param': 'Not supported model openrouter/owl-alpha'}}
WARNING gateway.run: Shutdown context: signal=SIGTERM under_systemd=yes parent_pid=1 parent_name=? loadavg_1m=3.04 parent_cmdline='(unknown)'
[33m⚠ Deprecated .env settings detected:[0m
  [33m⚠[0m MESSAGING_CWD=~/Smith found in .env — this is deprecated.
  [2mMove to config.yaml instead:  terminal:\n    cwd: /your/project/path[0m
  [2mThen remove the old entries from /Users/Jeff/Smith/.env[0m

WARNING tools.mcp_tool: MCP server 'memory-bridge' initial connection failed (attempt 1/3), retrying in 1s: [Errno 2] No such file or directory: 'C:\\\\Users\\\\Wuttipong.t\\\\AppData\\\\Local\\\\Programs\\\\Python\\\\Python312\\\\python.exe'
WARNING tools.mcp_tool: MCP server 'memory-bridge' initial connection failed (attempt 2/3), retrying in 2s: [Errno 2] No such file or directory: 'C:\\\\Users\\\\Wuttipong.t\\\\AppData\\\\Local\\\\Programs\\\\Python\\\\Python312\\\\python.exe'
WARNING tools.mcp_tool: MCP server 'memory-bridge' initial connection failed (attempt 3/3), retrying in 4s: [Errno 2] No such file or directory: 'C:\\\\Users\\\\Wuttipong.t\\\\AppData\\\\Local\\\\Programs\\\\Python\\\\Python312\\\\python.exe'
WARNING tools.mcp_tool: MCP server 'memory-bridge' failed initial connection after 3 attempts, giving up: [Errno 2] No such file or directory: 'C:\\\\Users\\\\Wuttipong.t\\\\AppData\\\\Local\\\\Programs\\\\Python\\\\Python312\\\\python.exe'
WARNING tools.mcp_tool: Failed to connect to MCP server 'memory-bridge' (command=C:\\Users\\Wuttipong.t\\AppData\\Local\\Programs\\Python\\Python312\\python.exe): missing executable 'C:\\Users\\Wuttipong.t\\AppData\\Local\\Programs\\Python\\Python312\\python.exe'
WARNING hermes_plugins.telegram_platform.adapter: [Telegram] Discovering Telegram API fallback IPs via DNS-over-HTTPS…
WARNING hermes_plugins.telegram_platform.adapter: [Telegram] Connecting to Telegram (attempt 1/8)…
WARNING gateway.session: gateway.session: pruning stale sessions.json entry 'agent:main:telegram:dm:8611951691' -> 20260704_101519_63499688 (end_reason='agent_close'); left by a crashed gateway
WARNING tools.registry: check_fn _browser_cdp_check returned False; dependent tools will be unavailable this turn
WARNING tools.registry: check_fn _browser_dialog_check returned False; dependent tools will be unavailable this turn
WARNING tools.registry: check_fn check_close_terminal_requirements returned False; dependent tools will be unavailable this turn
WARNING tools.registry: check_fn check_computer_use_requirements returned False; dependent tools will be unavailable this turn
WARNING tools.registry: check_fn _check_kanban_mode returned False; dependent tools will be unavailable this turn
WARNING tools.registry: check_fn _check_kanban_orchestrator_mode returned False; dependent tools will be unavailable this turn
WARNING tools.registry: check_fn check_read_terminal_requirements returned False; dependent tools will be unavailable this turn
WARNING tools.registry: check_fn check_web_api_key returned False; dependent tools will be unavailable this turn
[33m⚠ Deprecated .env settings detected:[0m
  [33m⚠[0m MESSAGING_CWD=~/Smith found in .env — this is deprecated.
  [2mMove to config.yaml instead:  terminal:\n    cwd: /your/project/path[0m
  [2mThen remove the old entries from /Users/Jeff/Smith/.env[0m

WARNING tools.mcp_tool: MCP server 'memory-bridge' initial connection failed (attempt 1/3), retrying in 1s: [Errno 2] No such file or directory: 'C:\\\\Users\\\\Wuttipong.t\\\\AppData\\\\Local\\\\Programs\\\\Python\\\\Python312\\\\python.exe'
WARNING tools.mcp_tool: MCP server 'memory-bridge' initial connection failed (attempt 2/3), retrying in 2s: [Errno 2] No such file or directory: 'C:\\\\Users\\\\Wuttipong.t\\\\AppData\\\\Local\\\\Programs\\\\Python\\\\Python312\\\\python.exe'
WARNING tools.mcp_tool: MCP server 'memory-bridge' initial connection failed (attempt 3/3), retrying in 4s: [Errno 2] No such file or directory: 'C:\\\\Users\\\\Wuttipong.t\\\\AppData\\\\Local\\\\Programs\\\\Python\\\\Python312\\\\python.exe'
WARNING tools.mcp_tool: MCP server 'memory-bridge' failed initial connection after 3 attempts, giving up: [Errno 2] No such file or directory: 'C:\\\\Users\\\\Wuttipong.t\\\\AppData\\\\Local\\\\Programs\\\\Python\\\\Python312\\\\python.exe'
WARNING tools.mcp_tool: Failed to connect to MCP server 'memory-bridge' (command=C:\\Users\\Wuttipong.t\\AppData\\Local\\Programs\\Python\\Python312\\python.exe): missing executable 'C:\\Users\\Wuttipong.t\\AppData\\Local\\Programs\\Python\\Python312\\python.exe'
WARNING hermes_plugins.telegram_platform.adapter: [Telegram] Discovering Telegram API fallback IPs via DNS-over-HTTPS…
WARNING hermes_plugins.telegram_platform.adapter: [Telegram] Connecting to Telegram (attempt 1/8)…
WARNING gateway.run: Shutdown context: signal=SIGTERM under_systemd=yes parent_pid=1 parent_name=? loadavg_1m=2.09 parent_cmdline='(unknown)'
[33m⚠ Deprecated .env settings detected:[0m
  [33m⚠[0m MESSAGING_CWD=~/Smith found in .env — this is deprecated.
  [2mMove to config.yaml instead:  terminal:\n    cwd: /your/project/path[0m
  [2mThen remove the old entries from /Users/Jeff/Smith/.env[0m

WARNING tools.mcp_tool: MCP server 'memory-bridge' initial connection failed (attempt 1/3), retrying in 1s: [Errno 2] No such file or directory: 'C:\\\\Users\\\\Wuttipong.t\\\\AppData\\\\Local\\\\Programs\\\\Python\\\\Python312\\\\python.exe'
WARNING tools.mcp_tool: MCP server 'memory-bridge' initial connection failed (attempt 2/3), retrying in 2s: [Errno 2] No such file or directory: 'C:\\\\Users\\\\Wuttipong.t\\\\AppData\\\\Local\\\\Programs\\\\Python\\\\Python312\\\\python.exe'
WARNING tools.mcp_tool: MCP server 'memory-bridge' initial connection failed (attempt 3/3), retrying in 4s: [Errno 2] No such file or directory: 'C:\\\\Users\\\\Wuttipong.t\\\\AppData\\\\Local\\\\Programs\\\\Python\\\\Python312\\\\python.exe'
WARNING tools.mcp_tool: MCP server 'memory-bridge' failed initial connection after 3 attempts, giving up: [Errno 2] No such file or directory: 'C:\\\\Users\\\\Wuttipong.t\\\\AppData\\\\Local\\\\Programs\\\\Python\\\\Python312\\\\python.exe'
WARNING tools.mcp_tool: Failed to connect to MCP server 'memory-bridge' (command=C:\\Users\\Wuttipong.t\\AppData\\Local\\Programs\\Python\\Python312\\python.exe): missing executable 'C:\\Users\\Wuttipong.t\\AppData\\Local\\Programs\\Python\\Python312\\python.exe'
WARNING hermes_plugins.telegram_platform.adapter: [Telegram] Discovering Telegram API fallback IPs via DNS-over-HTTPS…
WARNING hermes_plugins.telegram_platform.adapter: [Telegram] Connecting to Telegram (attempt 1/8)…
WARNING gateway.run: Shutdown context: signal=SIGTERM under_systemd=yes parent_pid=1 parent_name=? loadavg_1m=2.12 parent_cmdline='(unknown)'
[33m⚠ Deprecated .env settings detected:[0m
  [33m⚠[0m MESSAGING_CWD=~/Smith found in .env — this is deprecated.
  [2mMove to config.yaml instead:  terminal:\n    cwd: /your/project/path[0m
  [2mThen remove the old entries from /Users/Jeff/Smith/.env[0m

WARNING tools.mcp_tool: MCP server 'memory-bridge' initial connection failed (attempt 1/3), retrying in 1s: [Errno 2] No such file or directory: 'C:\\\\Users\\\\Wuttipong.t\\\\AppData\\\\Local\\\\Programs\\\\Python\\\\Python312\\\\python.exe'
WARNING tools.mcp_tool: MCP server 'memory-bridge' initial connection failed (attempt 2/3), retrying in 2s: [Errno 2] No such file or directory: 'C:\\\\Users\\\\Wuttipong.t\\\\AppData\\\\Local\\\\Programs\\\\Python\\\\Python312\\\\python.exe'
WARNING tools.mcp_tool: MCP server 'memory-bridge' initial connection failed (attempt 3/3), retrying in 4s: [Errno 2] No such file or directory: 'C:\\\\Users\\\\Wuttipong.t\\\\AppData\\\\Local\\\\Programs\\\\Python\\\\Python312\\\\python.exe'
WARNING tools.mcp_tool: MCP server 'memory-bridge' failed initial connection after 3 attempts, giving up: [Errno 2] No such file or directory: 'C:\\\\Users\\\\Wuttipong.t\\\\AppData\\\\Local\\\\Programs\\\\Python\\\\Python312\\\\python.exe'
WARNING tools.mcp_tool: Failed to connect to MCP server 'memory-bridge' (command=C:\\Users\\Wuttipong.t\\AppData\\Local\\Programs\\Python\\Python312\\python.exe): missing executable 'C:\\Users\\Wuttipong.t\\AppData\\Local\\Programs\\Python\\Python312\\python.exe'
WARNING hermes_plugins.telegram_platform.adapter: [Telegram] Discovering Telegram API fallback IPs via DNS-over-HTTPS…
WARNING hermes_plugins.telegram_platform.adapter: [Telegram] Connecting to Telegram (attempt 1/8)…
WARNING gateway.run: Shutdown context: signal=SIGTERM under_systemd=yes parent_pid=1 parent_name=? loadavg_1m=2.20 parent_cmdline='(unknown)'
[33m⚠ Deprecated .env settings detected:[0m
  [33m⚠[0m MESSAGING_CWD=~/Smith found in .env — this is deprecated.
  [2mMove to config.yaml instead:  terminal:\n    cwd: /your/project/path[0m
  [2mThen remove the old entries from /Users/Jeff/Smith/.env[0m

WARNING tools.mcp_tool: MCP server 'memory-bridge' initial connection failed (attempt 1/3), retrying in 1s: [Errno 2] No such file or directory: 'C:\\\\Users\\\\Wuttipong.t\\\\AppData\\\\Local\\\\Programs\\\\Python\\\\Python312\\\\python.exe'
WARNING tools.mcp_tool: MCP server 'memory-bridge' initial connection failed (attempt 2/3), retrying in 2s: [Errno 2] No such file or directory: 'C:\\\\Users\\\\Wuttipong.t\\\\AppData\\\\Local\\\\Programs\\\\Python\\\\Python312\\\\python.exe'
WARNING tools.mcp_tool: MCP server 'memory-bridge' initial connection failed (attempt 3/3), retrying in 4s: [Errno 2] No such file or directory: 'C:\\\\Users\\\\Wuttipong.t\\\\AppData\\\\Local\\\\Programs\\\\Python\\\\Python312\\\\python.exe'
WARNING tools.mcp_tool: MCP server 'memory-bridge' failed initial connection after 3 attempts, giving up: [Errno 2] No such file or directory: 'C:\\\\Users\\\\Wuttipong.t\\\\AppData\\\\Local\\\\Programs\\\\Python\\\\Python312\\\\python.exe'
WARNING tools.mcp_tool: Failed to connect to MCP server 'memory-bridge' (command=C:\\Users\\Wuttipong.t\\AppData\\Local\\Programs\\Python\\Python312\\python.exe): missing executable 'C:\\Users\\Wuttipong.t\\AppData\\Local\\Programs\\Python\\Python312\\python.exe'
WARNING hermes_plugins.telegram_platform.adapter: [Telegram] Discovering Telegram API fallback IPs via DNS-over-HTTPS…
WARNING hermes_plugins.telegram_platform.adapter: [Telegram] Connecting to Telegram (attempt 1/8)…
WARNING tools.registry: check_fn _browser_cdp_check returned False; dependent tools will be unavailable this turn
WARNING tools.registry: check_fn _browser_dialog_check returned False; dependent tools will be unavailable this turn
WARNING tools.registry: check_fn check_close_terminal_requirements returned False; dependent tools will be unavailable this turn
WARNING tools.registry: check_fn check_computer_use_requirements returned False; dependent tools will be unavailable this turn
WARNING tools.registry: check_fn _check_kanban_mode returned False; dependent tools will be unavailable this turn
WARNING tools.registry: check_fn _check_kanban_orchestrator_mode returned False; dependent tools will be unavailable this turn
WARNING tools.registry: check_fn check_read_terminal_requirements returned False; dependent tools will be unavailable this turn
WARNING tools.registry: check_fn check_web_api_key returned False; dependent tools will be unavailable this turn
/Users/Jeff/Smith/.hermes/hermes-agent/plugins/platforms/telegram/adapter.py:1705: PTBUserWarning: Please use 'Bot.editMessageText' instead of 'Bot.do_api_request("editMessageText", ...)'
  await self._bot.do_api_request("editMessageText", api_kwargs=payload)
WARNING agent.tool_executor: Tool terminal returned error (0.14s): {"output": "mcp_servers:\n  qmd:\n    command: qmd\n    args:\n    - mcp\n    timeout: 60\n    connect_timeout: 30\n\n# ── Fallback Model ────────────────────────────────────────────────────\n# Automa
WARNING agent.tool_executor: Tool terminal returned error (0.13s): {"output": "---", "exit_code": 1, "error": null}
WARNING agent.tool_executor: Tool terminal returned error (8.67s): {"output": "", "exit_code": 1, "error": null}
WARNING agent.tool_executor: Tool terminal returned error (0.45s): {"output": "usage: hermes [-h] [--version] [-z PROMPT] [-m MODEL] [--provider PROVIDER]\n              [-t TOOLSETS] [--resume SESSION] [--continue [SESSION_NAME]]\n              [--worktree] [--accep
WARNING gateway.run: Unrecognized slash command /search from telegram — replying with unknown-command notice
WARNING gateway.session: gateway.session: routing key 'agent:main:telegram:dm:8611951691' -> 20260704_101519_63499688 is ended in state.db but still live in sessions.json; dropping stale entry and recovering/recreating the session (#54878)
WARNING tools.skills_tool: Skill name collision for 'commute-traffic': 2 candidates — /Users/Jeff/Smith/skills/commute-traffic/SKILL.md; /Users/Jeff/Smith/skills/openclaw-imports/openclaw-commute-traffic/SKILL.md
WARNING agent.tool_executor: Tool skill_view returned error (0.12s): {"success": false, "error": "Ambiguous skill name 'commute-traffic': 2 skills match across your local skills dir and external_dirs. Refusing to guess — load one explicitly by its categorized path.", "
WARNING tools.skills_tool: Skill name collision for 'commute-traffic': 2 candidates — /Users/Jeff/Smith/skills/commute-traffic/SKILL.md; /Users/Jeff/Smith/skills/openclaw-imports/openclaw-commute-traffic/SKILL.md
WARNING agent.tool_executor: Tool skill_view returned error (0.07s): {"success": false, "error": "Ambiguous skill name 'commute-traffic': 2 skills match across your local skills dir and external_dirs. Refusing to guess — load one explicitly by its categorized path.", "
WARNING agent.tool_executor: Tool terminal returned error (0.79s): {"output": "{\n  \"status\": \"error\",\n  \"step\": \"geocode_origin\",\n  \"error\": true,\n  \"message\": \"Location 'Wellgrow Industrial Estate, Chonburi' not found via Nominatim. Try a more speci
WARNING agent.tool_executor: Tool memory returned error (0.01s): {"success": false, "error": "Memory at 2,138/2,200 chars. Adding this entry (291 chars) would exceed the limit. Consolidate now: use 'replace' to merge overlapping entries into shorter ones or 'remove
WARNING agent.tool_executor: Tool terminal returned error (0.10s): {"output": "", "exit_code": 1, "error": null, "exit_code_meaning": "No matches found (not an error)"}
WARNING agent.tool_executor: Tool terminal returned error (0.12s): {"output": "", "exit_code": 1, "error": null, "exit_code_meaning": "No matches found (not an error)"}
WARNING agent.tool_executor: Tool terminal returned error (0.13s): {"output": "", "exit_code": 1, "error": null}
WARNING agent.tool_executor: Tool read_file returned error (0.00s): {"error": "Background review denied non-whitelisted tool: read_file. Only memory/skill tools are allowed."}
WARNING agent.tool_executor: Tool skill_manage returned error (0.06s): {"success": false, "error": "Refusing background curator patch for skill 'x-search': the current SKILL.md content has not been loaded in this review turn. Call skill_view(name) for SKILL.md, or skill_
WARNING agent.tool_executor: Tool skill_manage returned error (0.07s): {"success": false, "error": "Refusing background curator patch for skill 'commute-traffic': the current SKILL.md content has not been loaded in this review turn. Call skill_view(name) for SKILL.md, or
WARNING tools.skills_tool: Skill name collision for 'commute-traffic': 2 candidates — /Users/Jeff/Smith/skills/commute-traffic/SKILL.md; /Users/Jeff/Smith/skills/openclaw-imports/openclaw-commute-traffic/SKILL.md
WARNING agent.tool_executor: Tool skill_view returned error (0.07s): {"success": false, "error": "Ambiguous skill name 'commute-traffic': 2 skills match across your local skills dir and external_dirs. Refusing to guess — load one explicitly by its categorized path.", "
WARNING agent.tool_executor: Tool skill_view returned error (0.00s): {"success": false, "error": "Skill name must be a relative path within the skills directory.", "hint": "Use a skill name or relative path within the skills directory."}
WARNING agent.tool_executor: Tool skill_manage returned error (0.06s): {"success": false, "error": "Refusing background curator patch for skill 'commute-traffic': the current SKILL.md content has not been loaded in this review turn. Call skill_view(name) for SKILL.md, or
WARNING agent.tool_executor: Tool skill_manage returned error (0.07s): {"success": false, "error": "Refusing background curator edit for skill 'commute-traffic': the current SKILL.md content has not been loaded in this review turn. Call skill_view(name) for SKILL.md, or 
WARNING agent.tool_executor: Tool memory returned error (0.00s): {"success": false, "error": "Memory at 2,138/2,200 chars. Adding this entry (236 chars) would exceed the limit. Consolidate now: use 'replace' to merge overlapping entries into shorter ones or 'remove
WARNING agent.tool_executor: Tool skill_manage returned error (0.02s): {"success": false, "error": "Refusing background curator patch for skill 'agent-reach': the current SKILL.md content has not been loaded in this review turn. Call skill_view(name) for SKILL.md, or ski
WARNING plugins.platforms.telegram.telegram_network: [Telegram] Primary api.telegram.org connection failed (); trying fallback IPs 149.154.166.110
WARNING plugins.platforms.telegram.telegram_network: [Telegram] Primary api.telegram.org path unreachable; using sticky fallback IP 149.154.166.110
WARNING plugins.platforms.telegram.telegram_network: [Telegram] Sticky fallback IP 149.154.166.110 failed; resetting to primary DNS path
WARNING plugins.platforms.telegram.telegram_network: [Telegram] Fallback IP 149.154.166.110 failed: 
WARNING agent.tool_executor: Tool read_file returned error (0.00s): {"error": "Background review denied non-whitelisted tool: read_file. Only memory/skill tools are allowed."}
WARNING agent.tool_executor: Tool read_file returned error (0.00s): {"error": "Background review denied non-whitelisted tool: read_file. Only memory/skill tools are allowed."}
WARNING tools.skills_tool: Skill name collision for 'commute-traffic': 2 candidates — /Users/Jeff/Smith/skills/commute-traffic/SKILL.md; /Users/Jeff/Smith/skills/openclaw-imports/openclaw-commute-traffic/SKILL.md
WARNING agent.tool_executor: Tool skill_view returned error (0.13s): {"success": false, "error": "Ambiguous skill name 'commute-traffic': 2 skills match across your local skills dir and external_dirs. Refusing to guess — load one explicitly by its categorized path.", "
WARNING agent.tool_executor: Tool skill_manage returned error (0.07s): {"success": false, "error": "Refusing background curator patch for skill 'commute-traffic': the current SKILL.md content has not been loaded in this review turn. Call skill_view(name) for SKILL.md, or
WARNING tools.skills_tool: Skill name collision for 'commute-traffic': 2 candidates — /Users/Jeff/Smith/skills/commute-traffic/SKILL.md; /Users/Jeff/Smith/skills/openclaw-imports/openclaw-commute-traffic/SKILL.md
WARNING agent.tool_executor: Tool skill_view returned error (0.06s): {"success": false, "error": "Ambiguous skill name 'commute-traffic': 2 skills match across your local skills dir and external_dirs. Refusing to guess — load one explicitly by its categorized path.", "
WARNING agent.tool_executor: Tool skill_manage returned error (0.11s): {"success": false, "error": "skill 'openclaw-commute-traffic' not found"}
WARNING agent.tool_executor: Tool skill_manage returned error (0.07s): {"success": false, "error": "Skill 'openclaw-imports/openclaw-commute-traffic' not found in active profile 'default'. Use skills_list() to see available skills."}

[Tool loop warning: same_tool_failur
WARNING agent.tool_executor: Tool memory returned error (0.01s): {"success": false, "error": "No entry matched 'Work Profile: TPN Flexpak Co., Ltd. (industrial packaging), Wellgrow Industrial Estate, Chachoengsao · 124 Moo 9 Bang Na-Trad Km.36 · Primary: VB.NET dev
WARNING agent.tool_executor: Tool memory returned error (0.00s): {"success": false, "error": "No entry matched 'Work Profile: TPN Flexpak Co., Ltd. (industrial packaging), Wellgrow Industrial Estate, Chachoengsao. Work network: restrictive NAC/firewall — blocks per
